[2026-09-15T16:42:15.420+0000] {manager.py:483} INFO - Processing files using up to 2 processes at a time 
[2026-09-15T16:42:15.421+0000] {manager.py:484} INFO - Process each file at most once every 30 seconds
[2026-09-15T16:42:15.421+0000] {manager.py:485} INFO - Checking for new files in /opt/airflow/dags every 5 seconds
[2026-09-15T16:42:15.422+0000] {manager.py:821} INFO - Searching for files in /opt/airflow/dags
[2026-09-15T16:42:15.428+0000] {manager.py:824} INFO - There are 1 files in /opt/airflow/dags
[2026-09-15T16:42:15.494+0000] {manager.py:997} INFO - 
================================================================================
DAG File Processing Stats

File Path                            PID  Runtime      # DAGs    # Errors  Last Runtime    Last Run      Last # of DB Queries
---------------------------------  -----  ---------  --------  ----------  --------------  ----------  ----------------------
/opt/airflow/dags/waseet_daily.py    257  0.02s             0           0                                                   0
================================================================================
[2026-09-15T16:42:20.526+0000] {manager.py:821} INFO - Searching for files in /opt/airflow/dags
[2026-09-15T16:42:20.548+0000] {manager.py:824} INFO - There are 1 files in /opt/airflow/dags
[2026-09-15T16:42:25.588+0000] {manager.py:821} INFO - Searching for files in /opt/airflow/dags
[2026-09-15T16:42:25.614+0000] {manager.py:824} INFO - There are 1 files in /opt/airflow/dags
[2026-09-15T16:42:30.654+0000] {manager.py:821} INFO - Searching for files in /opt/airflow/dags
[2026-09-15T16:42:30.674+0000] {manager.py:824} INFO - There are 1 files in /opt/airflow/dags
[2026-09-15T16:42:35.712+0000] {manager.py:821} INFO - Searching for files in /opt/airflow/dags
[2026-09-15T16:42:35.734+0000] {manager.py:824} INFO - There are 1 files in /opt/airflow/dags
[2026-09-15T16:42:40.767+0000] {manager.py:821} INFO - Searching for files in /opt/airflow/dags
[2026-09-15T16:42:40.785+0000] {manager.py:824} INFO - There are 1 files in /opt/airflow/dags
[2026-09-15T16:42:45.826+0000] {manager.py:821} INFO - Searching for files in /opt/airflow/dags
[2026-09-15T16:42:45.859+0000] {manager.py:824} INFO - There are 1 files in /opt/airflow/dags
[2026-09-15T16:42:45.876+0000] {manager.py:997} INFO - 
================================================================================
DAG File Processing Stats

File Path                            PID  Runtime      # DAGs    # Errors  Last Runtime    Last Run               Last # of DB Queries
---------------------------------  -----  ---------  --------  ----------  --------------  -------------------  ----------------------
/opt/airflow/dags/waseet_daily.py    294  0.00s             1           0  0.22s           2026-09-15T16:42:15                      45
================================================================================
[2026-09-15T16:42:50.920+0000] {manager.py:821} INFO - Searching for files in /opt/airflow/dags
[2026-09-15T16:42:50.940+0000] {manager.py:824} INFO - There are 1 files in /opt/airflow/dags
[2026-09-15T16:42:55.981+0000] {manager.py:821} INFO - Searching for files in /opt/airflow/dags
[2026-09-15T16:42:56.011+0000] {manager.py:824} INFO - There are 1 files in /opt/airflow/dags
[2026-09-15T16:43:01.051+0000] {manager.py:821} INFO - Searching for files in /opt/airflow/dags
[2026-09-15T16:43:01.077+0000] {manager.py:824} INFO - There are 1 files in /opt/airflow/dags
[2026-09-15T16:43:06.113+0000] {manager.py:821} INFO - Searching for files in /opt/airflow/dags
[2026-09-15T16:43:06.140+0000] {manager.py:824} INFO - There are 1 files in /opt/airflow/dags
[2026-09-15T16:43:11.184+0000] {manager.py:821} INFO - Searching for files in /opt/airflow/dags
[2026-09-15T16:43:11.219+0000] {manager.py:824} INFO - There are 1 files in /opt/airflow/dags
[2026-09-15T16:43:16.265+0000] {manager.py:821} INFO - Searching for files in /opt/airflow/dags
[2026-09-15T16:43:16.280+0000] {manager.py:824} INFO - There are 1 files in /opt/airflow/dags
[2026-09-15T16:43:16.302+0000] {manager.py:997} INFO - 
================================================================================
DAG File Processing Stats

File Path                            PID  Runtime      # DAGs    # Errors  Last Runtime    Last Run               Last # of DB Queries
---------------------------------  -----  ---------  --------  ----------  --------------  -------------------  ----------------------
/opt/airflow/dags/waseet_daily.py    299  0.00s             1           0  0.11s           2026-09-15T16:42:45                      12
================================================================================
[2026-09-15T16:43:21.349+0000] {manager.py:821} INFO - Searching for files in /opt/airflow/dags
[2026-09-15T16:43:21.370+0000] {manager.py:824} INFO - There are 1 files in /opt/airflow/dags
[2026-09-15T16:43:26.419+0000] {manager.py:821} INFO - Searching for files in /opt/airflow/dags
[2026-09-15T16:43:26.445+0000] {manager.py:824} INFO - There are 1 files in /opt/airflow/dags
[2026-09-15T16:43:31.481+0000] {manager.py:821} INFO - Searching for files in /opt/airflow/dags
[2026-09-15T16:43:31.500+0000] {manager.py:824} INFO - There are 1 files in /opt/airflow/dags
[2026-09-15T16:43:36.546+0000] {manager.py:821} INFO - Searching for files in /opt/airflow/dags
[2026-09-15T16:43:36.581+0000] {manager.py:824} INFO - There are 1 files in /opt/airflow/dags
[2026-09-15T16:43:41.623+0000] {manager.py:821} INFO - Searching for files in /opt/airflow/dags
[2026-09-15T16:43:41.649+0000] {manager.py:824} INFO - There are 1 files in /opt/airflow/dags
[2026-09-15T16:43:46.704+0000] {manager.py:821} INFO - Searching for files in /opt/airflow/dags
[2026-09-15T16:43:46.724+0000] {manager.py:824} INFO - There are 1 files in /opt/airflow/dags
[2026-09-15T16:43:46.739+0000] {manager.py:997} INFO - 
================================================================================
DAG File Processing Stats

File Path                            PID  Runtime      # DAGs    # Errors  Last Runtime    Last Run               Last # of DB Queries
---------------------------------  -----  ---------  --------  ----------  --------------  -------------------  ----------------------
/opt/airflow/dags/waseet_daily.py    304  0.00s             1           0  0.10s           2026-09-15T16:43:16                      12
================================================================================
[2026-09-15T16:43:51.780+0000] {manager.py:821} INFO - Searching for files in /opt/airflow/dags
[2026-09-15T16:43:51.797+0000] {manager.py:824} INFO - There are 1 files in /opt/airflow/dags
[2026-09-15T16:43:56.834+0000] {manager.py:821} INFO - Searching for files in /opt/airflow/dags
[2026-09-15T16:43:56.857+0000] {manager.py:824} INFO - There are 1 files in /opt/airflow/dags
[2026-09-15T16:44:01.895+0000] {manager.py:821} INFO - Searching for files in /opt/airflow/dags
[2026-09-15T16:44:01.912+0000] {manager.py:824} INFO - There are 1 files in /opt/airflow/dags
[2026-09-15T16:44:06.954+0000] {manager.py:821} INFO - Searching for files in /opt/airflow/dags
[2026-09-15T16:44:06.968+0000] {manager.py:824} INFO - There are 1 files in /opt/airflow/dags
[2026-09-15T16:44:12.007+0000] {manager.py:821} INFO - Searching for files in /opt/airflow/dags
[2026-09-15T16:44:12.029+0000] {manager.py:824} INFO - There are 1 files in /opt/airflow/dags
[2026-09-15T16:44:17.073+0000] {manager.py:821} INFO - Searching for files in /opt/airflow/dags
[2026-09-15T16:44:17.085+0000] {manager.py:824} INFO - There are 1 files in /opt/airflow/dags
[2026-09-15T16:44:17.103+0000] {manager.py:997} INFO - 
================================================================================
DAG File Processing Stats

File Path                            PID  Runtime      # DAGs    # Errors  Last Runtime    Last Run               Last # of DB Queries
---------------------------------  -----  ---------  --------  ----------  --------------  -------------------  ----------------------
/opt/airflow/dags/waseet_daily.py    309  0.00s             1           0  0.12s           2026-09-15T16:43:46                      12
================================================================================
[2026-09-15T16:44:22.148+0000] {manager.py:821} INFO - Searching for files in /opt/airflow/dags
[2026-09-15T16:44:22.184+0000] {manager.py:824} INFO - There are 1 files in /opt/airflow/dags
[2026-09-15T16:44:27.231+0000] {manager.py:821} INFO - Searching for files in /opt/airflow/dags
[2026-09-15T16:44:27.248+0000] {manager.py:824} INFO - There are 1 files in /opt/airflow/dags
[2026-09-15T16:44:32.292+0000] {manager.py:821} INFO - Searching for files in /opt/airflow/dags
[2026-09-15T16:44:32.314+0000] {manager.py:824} INFO - There are 1 files in /opt/airflow/dags
[2026-09-15T16:44:37.362+0000] {manager.py:821} INFO - Searching for files in /opt/airflow/dags
[2026-09-15T16:44:37.402+0000] {manager.py:824} INFO - There are 1 files in /opt/airflow/dags
[2026-09-15T16:44:42.448+0000] {manager.py:821} INFO - Searching for files in /opt/airflow/dags
[2026-09-15T16:44:42.464+0000] {manager.py:824} INFO - There are 1 files in /opt/airflow/dags
[2026-09-15T16:44:47.497+0000] {manager.py:821} INFO - Searching for files in /opt/airflow/dags
[2026-09-15T16:44:47.517+0000] {manager.py:824} INFO - There are 1 files in /opt/airflow/dags
[2026-09-15T16:44:47.538+0000] {manager.py:997} INFO - 
================================================================================
DAG File Processing Stats

File Path                            PID  Runtime      # DAGs    # Errors  Last Runtime    Last Run               Last # of DB Queries
---------------------------------  -----  ---------  --------  ----------  --------------  -------------------  ----------------------
/opt/airflow/dags/waseet_daily.py    314  0.00s             1           0  0.12s           2026-09-15T16:44:17                      12
================================================================================
[2026-09-15T16:44:52.581+0000] {manager.py:821} INFO - Searching for files in /opt/airflow/dags
[2026-09-15T16:44:52.602+0000] {manager.py:824} INFO - There are 1 files in /opt/airflow/dags
[2026-09-15T16:44:57.642+0000] {manager.py:821} INFO - Searching for files in /opt/airflow/dags
[2026-09-15T16:44:57.668+0000] {manager.py:824} INFO - There are 1 files in /opt/airflow/dags
[2026-09-15T16:45:02.709+0000] {manager.py:821} INFO - Searching for files in /opt/airflow/dags
[2026-09-15T16:45:02.731+0000] {manager.py:824} INFO - There are 1 files in /opt/airflow/dags
[2026-09-15T16:45:07.775+0000] {manager.py:821} INFO - Searching for files in /opt/airflow/dags
[2026-09-15T16:45:07.799+0000] {manager.py:824} INFO - There are 1 files in /opt/airflow/dags
[2026-09-15T16:45:12.839+0000] {manager.py:821} INFO - Searching for files in /opt/airflow/dags
[2026-09-15T16:45:12.866+0000] {manager.py:824} INFO - There are 1 files in /opt/airflow/dags
[2026-09-15T16:45:17.902+0000] {manager.py:821} INFO - Searching for files in /opt/airflow/dags
[2026-09-15T16:45:17.924+0000] {manager.py:824} INFO - There are 1 files in /opt/airflow/dags
[2026-09-15T16:45:17.940+0000] {manager.py:997} INFO - 
================================================================================
DAG File Processing Stats

File Path                            PID  Runtime      # DAGs    # Errors  Last Runtime    Last Run               Last # of DB Queries
---------------------------------  -----  ---------  --------  ----------  --------------  -------------------  ----------------------
/opt/airflow/dags/waseet_daily.py    319  0.00s             1           0  0.11s           2026-09-15T16:44:47                      12
================================================================================
[2026-09-15T16:45:22.986+0000] {manager.py:821} INFO - Searching for files in /opt/airflow/dags
[2026-09-15T16:45:23.017+0000] {manager.py:824} INFO - There are 1 files in /opt/airflow/dags
[2026-09-15T16:45:28.070+0000] {manager.py:821} INFO - Searching for files in /opt/airflow/dags
[2026-09-15T16:45:28.101+0000] {manager.py:824} INFO - There are 1 files in /opt/airflow/dags
[2026-09-15T16:45:33.156+0000] {manager.py:821} INFO - Searching for files in /opt/airflow/dags
[2026-09-15T16:45:33.194+0000] {manager.py:824} INFO - There are 1 files in /opt/airflow/dags
[2026-09-15T16:45:38.248+0000] {manager.py:821} INFO - Searching for files in /opt/airflow/dags
[2026-09-15T16:45:38.290+0000] {manager.py:824} INFO - There are 1 files in /opt/airflow/dags
[2026-09-15T16:45:43.330+0000] {manager.py:821} INFO - Searching for files in /opt/airflow/dags
[2026-09-15T16:45:43.355+0000] {manager.py:824} INFO - There are 1 files in /opt/airflow/dags
[2026-09-15T16:45:48.402+0000] {manager.py:821} INFO - Searching for files in /opt/airflow/dags
[2026-09-15T16:45:48.434+0000] {manager.py:824} INFO - There are 1 files in /opt/airflow/dags
[2026-09-15T16:45:48.448+0000] {manager.py:997} INFO - 
================================================================================
DAG File Processing Stats

File Path                            PID  Runtime      # DAGs    # Errors  Last Runtime    Last Run               Last # of DB Queries
---------------------------------  -----  ---------  --------  ----------  --------------  -------------------  ----------------------
/opt/airflow/dags/waseet_daily.py    324  0.00s             1           0  0.11s           2026-09-15T16:45:18                      12
================================================================================
[2026-09-15T16:45:53.480+0000] {manager.py:821} INFO - Searching for files in /opt/airflow/dags
[2026-09-15T16:45:53.495+0000] {manager.py:824} INFO - There are 1 files in /opt/airflow/dags
[2026-09-15T16:45:58.529+0000] {manager.py:821} INFO - Searching for files in /opt/airflow/dags
[2026-09-15T16:45:58.548+0000] {manager.py:824} INFO - There are 1 files in /opt/airflow/dags
[2026-09-15T16:46:03.595+0000] {manager.py:821} INFO - Searching for files in /opt/airflow/dags
[2026-09-15T16:46:03.613+0000] {manager.py:824} INFO - There are 1 files in /opt/airflow/dags
[2026-09-15T16:46:08.669+0000] {manager.py:821} INFO - Searching for files in /opt/airflow/dags
[2026-09-15T16:46:08.686+0000] {manager.py:824} INFO - There are 1 files in /opt/airflow/dags
[2026-09-15T16:46:13.745+0000] {manager.py:821} INFO - Searching for files in /opt/airflow/dags
[2026-09-15T16:46:13.787+0000] {manager.py:824} INFO - There are 1 files in /opt/airflow/dags
[2026-09-15T16:46:18.864+0000] {manager.py:821} INFO - Searching for files in /opt/airflow/dags
[2026-09-15T16:46:18.894+0000] {manager.py:824} INFO - There are 1 files in /opt/airflow/dags
[2026-09-15T16:46:18.908+0000] {manager.py:997} INFO - 
================================================================================
DAG File Processing Stats

File Path                            PID  Runtime      # DAGs    # Errors  Last Runtime    Last Run               Last # of DB Queries
---------------------------------  -----  ---------  --------  ----------  --------------  -------------------  ----------------------
/opt/airflow/dags/waseet_daily.py    329  0.00s             1           0  0.09s           2026-09-15T16:45:48                      12
================================================================================
[2026-09-15T16:46:23.951+0000] {manager.py:821} INFO - Searching for files in /opt/airflow/dags
[2026-09-15T16:46:23.967+0000] {manager.py:824} INFO - There are 1 files in /opt/airflow/dags
[2026-09-15T16:46:29.008+0000] {manager.py:821} INFO - Searching for files in /opt/airflow/dags
[2026-09-15T16:46:29.056+0000] {manager.py:824} INFO - There are 1 files in /opt/airflow/dags
[2026-09-15T16:46:34.092+0000] {manager.py:821} INFO - Searching for files in /opt/airflow/dags
[2026-09-15T16:46:34.124+0000] {manager.py:824} INFO - There are 1 files in /opt/airflow/dags
[2026-09-15T16:46:39.166+0000] {manager.py:821} INFO - Searching for files in /opt/airflow/dags
[2026-09-15T16:46:39.185+0000] {manager.py:824} INFO - There are 1 files in /opt/airflow/dags
[2026-09-15T16:46:44.225+0000] {manager.py:821} INFO - Searching for files in /opt/airflow/dags
[2026-09-15T16:46:44.269+0000] {manager.py:824} INFO - There are 1 files in /opt/airflow/dags
[2026-09-15T16:46:49.308+0000] {manager.py:821} INFO - Searching for files in /opt/airflow/dags
[2026-09-15T16:46:49.333+0000] {manager.py:824} INFO - There are 1 files in /opt/airflow/dags
[2026-09-15T16:46:49.350+0000] {manager.py:997} INFO - 
================================================================================
DAG File Processing Stats

File Path                            PID  Runtime      # DAGs    # Errors  Last Runtime    Last Run               Last # of DB Queries
---------------------------------  -----  ---------  --------  ----------  --------------  -------------------  ----------------------
/opt/airflow/dags/waseet_daily.py    334  0.00s             1           0  0.10s           2026-09-15T16:46:19                      12
================================================================================
[2026-09-15T16:46:54.393+0000] {manager.py:821} INFO - Searching for files in /opt/airflow/dags
[2026-09-15T16:46:54.435+0000] {manager.py:824} INFO - There are 1 files in /opt/airflow/dags
[2026-09-15T16:46:59.482+0000] {manager.py:821} INFO - Searching for files in /opt/airflow/dags
[2026-09-15T16:46:59.501+0000] {manager.py:824} INFO - There are 1 files in /opt/airflow/dags
[2026-09-15T16:47:04.536+0000] {manager.py:821} INFO - Searching for files in /opt/airflow/dags
[2026-09-15T16:47:04.552+0000] {manager.py:824} INFO - There are 1 files in /opt/airflow/dags
[2026-09-15T16:47:09.605+0000] {manager.py:821} INFO - Searching for files in /opt/airflow/dags
[2026-09-15T16:47:09.642+0000] {manager.py:824} INFO - There are 1 files in /opt/airflow/dags
[2026-09-15T16:47:14.677+0000] {manager.py:821} INFO - Searching for files in /opt/airflow/dags
[2026-09-15T16:47:14.693+0000] {manager.py:824} INFO - There are 1 files in /opt/airflow/dags
[2026-09-15T16:47:19.746+0000] {manager.py:821} INFO - Searching for files in /opt/airflow/dags
[2026-09-15T16:47:19.785+0000] {manager.py:824} INFO - There are 1 files in /opt/airflow/dags
[2026-09-15T16:47:19.807+0000] {manager.py:997} INFO - 
================================================================================
DAG File Processing Stats

File Path                            PID  Runtime      # DAGs    # Errors  Last Runtime    Last Run               Last # of DB Queries
---------------------------------  -----  ---------  --------  ----------  --------------  -------------------  ----------------------
/opt/airflow/dags/waseet_daily.py    339  0.00s             1           0  0.10s           2026-09-15T16:46:49                      12
================================================================================
[2026-09-15T16:47:24.869+0000] {manager.py:821} INFO - Searching for files in /opt/airflow/dags
[2026-09-15T16:47:24.893+0000] {manager.py:824} INFO - There are 1 files in /opt/airflow/dags
[2026-09-15T16:47:29.927+0000] {manager.py:821} INFO - Searching for files in /opt/airflow/dags
[2026-09-15T16:47:29.944+0000] {manager.py:824} INFO - There are 1 files in /opt/airflow/dags
[2026-09-15T16:47:34.980+0000] {manager.py:821} INFO - Searching for files in /opt/airflow/dags
[2026-09-15T16:47:34.999+0000] {manager.py:824} INFO - There are 1 files in /opt/airflow/dags
[2026-09-15T16:47:40.033+0000] {manager.py:821} INFO - Searching for files in /opt/airflow/dags
[2026-09-15T16:47:40.048+0000] {manager.py:824} INFO - There are 1 files in /opt/airflow/dags
[2026-09-15T16:47:45.083+0000] {manager.py:821} INFO - Searching for files in /opt/airflow/dags
[2026-09-15T16:47:45.114+0000] {manager.py:824} INFO - There are 1 files in /opt/airflow/dags
[2026-09-15T16:47:50.169+0000] {manager.py:821} INFO - Searching for files in /opt/airflow/dags
[2026-09-15T16:47:50.193+0000] {manager.py:824} INFO - There are 1 files in /opt/airflow/dags
[2026-09-15T16:47:50.212+0000] {manager.py:997} INFO - 
================================================================================
DAG File Processing Stats

File Path                            PID  Runtime      # DAGs    # Errors  Last Runtime    Last Run               Last # of DB Queries
---------------------------------  -----  ---------  --------  ----------  --------------  -------------------  ----------------------
/opt/airflow/dags/waseet_daily.py    345  0.00s             1           0  0.12s           2026-09-15T16:47:19                      12
================================================================================
[2026-09-15T16:47:55.257+0000] {manager.py:821} INFO - Searching for files in /opt/airflow/dags
[2026-09-15T16:47:55.278+0000] {manager.py:824} INFO - There are 1 files in /opt/airflow/dags
[2026-09-15T16:48:00.326+0000] {manager.py:821} INFO - Searching for files in /opt/airflow/dags
[2026-09-15T16:48:00.347+0000] {manager.py:824} INFO - There are 1 files in /opt/airflow/dags
[2026-09-15T16:48:05.392+0000] {manager.py:821} INFO - Searching for files in /opt/airflow/dags
[2026-09-15T16:48:05.411+0000] {manager.py:824} INFO - There are 1 files in /opt/airflow/dags
[2026-09-15T16:48:10.458+0000] {manager.py:821} INFO - Searching for files in /opt/airflow/dags
[2026-09-15T16:48:10.487+0000] {manager.py:824} INFO - There are 1 files in /opt/airflow/dags
[2026-09-15T16:48:15.523+0000] {manager.py:821} INFO - Searching for files in /opt/airflow/dags
[2026-09-15T16:48:15.548+0000] {manager.py:824} INFO - There are 1 files in /opt/airflow/dags
[2026-09-15T16:48:20.600+0000] {manager.py:821} INFO - Searching for files in /opt/airflow/dags
[2026-09-15T16:48:20.621+0000] {manager.py:824} INFO - There are 1 files in /opt/airflow/dags
[2026-09-15T16:48:20.639+0000] {manager.py:997} INFO - 
================================================================================
DAG File Processing Stats

File Path                            PID  Runtime      # DAGs    # Errors  Last Runtime    Last Run               Last # of DB Queries
---------------------------------  -----  ---------  --------  ----------  --------------  -------------------  ----------------------
/opt/airflow/dags/waseet_daily.py    350  0.00s             1           0  0.12s           2026-09-15T16:47:50                      12
================================================================================
[2026-09-15T16:48:25.698+0000] {manager.py:821} INFO - Searching for files in /opt/airflow/dags
[2026-09-15T16:48:25.728+0000] {manager.py:824} INFO - There are 1 files in /opt/airflow/dags
[2026-09-15T16:48:30.777+0000] {manager.py:821} INFO - Searching for files in /opt/airflow/dags
[2026-09-15T16:48:30.799+0000] {manager.py:824} INFO - There are 1 files in /opt/airflow/dags
[2026-09-15T16:48:35.834+0000] {manager.py:821} INFO - Searching for files in /opt/airflow/dags
[2026-09-15T16:48:35.856+0000] {manager.py:824} INFO - There are 1 files in /opt/airflow/dags
[2026-09-15T16:48:40.898+0000] {manager.py:821} INFO - Searching for files in /opt/airflow/dags
[2026-09-15T16:48:40.922+0000] {manager.py:824} INFO - There are 1 files in /opt/airflow/dags
[2026-09-15T16:48:45.964+0000] {manager.py:821} INFO - Searching for files in /opt/airflow/dags
[2026-09-15T16:48:46.014+0000] {manager.py:824} INFO - There are 1 files in /opt/airflow/dags
[2026-09-15T16:48:51.049+0000] {manager.py:821} INFO - Searching for files in /opt/airflow/dags
[2026-09-15T16:48:51.068+0000] {manager.py:824} INFO - There are 1 files in /opt/airflow/dags
[2026-09-15T16:48:51.082+0000] {manager.py:997} INFO - 
================================================================================
DAG File Processing Stats

File Path                            PID  Runtime      # DAGs    # Errors  Last Runtime    Last Run               Last # of DB Queries
---------------------------------  -----  ---------  --------  ----------  --------------  -------------------  ----------------------
/opt/airflow/dags/waseet_daily.py    355  0.00s             1           0  0.10s           2026-09-15T16:48:20                      12
================================================================================
[2026-09-15T16:48:56.115+0000] {manager.py:821} INFO - Searching for files in /opt/airflow/dags
[2026-09-15T16:48:56.134+0000] {manager.py:824} INFO - There are 1 files in /opt/airflow/dags
[2026-09-15T16:49:01.165+0000] {manager.py:821} INFO - Searching for files in /opt/airflow/dags
[2026-09-15T16:49:01.191+0000] {manager.py:824} INFO - There are 1 files in /opt/airflow/dags
[2026-09-15T16:49:06.234+0000] {manager.py:821} INFO - Searching for files in /opt/airflow/dags
[2026-09-15T16:49:06.257+0000] {manager.py:824} INFO - There are 1 files in /opt/airflow/dags
[2026-09-15T16:49:11.306+0000] {manager.py:821} INFO - Searching for files in /opt/airflow/dags
[2026-09-15T16:49:11.319+0000] {manager.py:824} INFO - There are 1 files in /opt/airflow/dags
[2026-09-15T16:49:16.358+0000] {manager.py:821} INFO - Searching for files in /opt/airflow/dags
[2026-09-15T16:49:16.388+0000] {manager.py:824} INFO - There are 1 files in /opt/airflow/dags
[2026-09-15T16:49:21.435+0000] {manager.py:821} INFO - Searching for files in /opt/airflow/dags
[2026-09-15T16:49:21.451+0000] {manager.py:824} INFO - There are 1 files in /opt/airflow/dags
[2026-09-15T16:49:21.467+0000] {manager.py:997} INFO - 
================================================================================
DAG File Processing Stats

File Path                            PID  Runtime      # DAGs    # Errors  Last Runtime    Last Run               Last # of DB Queries
---------------------------------  -----  ---------  --------  ----------  --------------  -------------------  ----------------------
/opt/airflow/dags/waseet_daily.py    360  0.00s             1           0  0.10s           2026-09-15T16:48:51                      12
================================================================================
[2026-09-15T16:49:26.522+0000] {manager.py:821} INFO - Searching for files in /opt/airflow/dags
[2026-09-15T16:49:26.554+0000] {manager.py:824} INFO - There are 1 files in /opt/airflow/dags
[2026-09-15T16:49:31.601+0000] {manager.py:821} INFO - Searching for files in /opt/airflow/dags
[2026-09-15T16:49:31.644+0000] {manager.py:824} INFO - There are 1 files in /opt/airflow/dags
[2026-09-15T16:49:36.692+0000] {manager.py:821} INFO - Searching for files in /opt/airflow/dags
[2026-09-15T16:49:36.715+0000] {manager.py:824} INFO - There are 1 files in /opt/airflow/dags
[2026-09-15T16:49:41.751+0000] {manager.py:821} INFO - Searching for files in /opt/airflow/dags
[2026-09-15T16:49:41.783+0000] {manager.py:824} INFO - There are 1 files in /opt/airflow/dags
[2026-09-15T16:49:46.823+0000] {manager.py:821} INFO - Searching for files in /opt/airflow/dags
[2026-09-15T16:49:46.841+0000] {manager.py:824} INFO - There are 1 files in /opt/airflow/dags
[2026-09-15T16:49:51.874+0000] {manager.py:821} INFO - Searching for files in /opt/airflow/dags
[2026-09-15T16:49:51.890+0000] {manager.py:824} INFO - There are 1 files in /opt/airflow/dags
[2026-09-15T16:49:51.905+0000] {manager.py:997} INFO - 
================================================================================
DAG File Processing Stats

File Path                            PID  Runtime      # DAGs    # Errors  Last Runtime    Last Run               Last # of DB Queries
---------------------------------  -----  ---------  --------  ----------  --------------  -------------------  ----------------------
/opt/airflow/dags/waseet_daily.py    365  0.00s             1           0  0.09s           2026-09-15T16:49:21                      12
================================================================================
[2026-09-15T16:49:56.952+0000] {manager.py:821} INFO - Searching for files in /opt/airflow/dags
[2026-09-15T16:49:56.985+0000] {manager.py:824} INFO - There are 1 files in /opt/airflow/dags
[2026-09-15T16:50:02.038+0000] {manager.py:821} INFO - Searching for files in /opt/airflow/dags
[2026-09-15T16:50:02.054+0000] {manager.py:824} INFO - There are 1 files in /opt/airflow/dags
[2026-09-15T16:50:07.088+0000] {manager.py:821} INFO - Searching for files in /opt/airflow/dags
[2026-09-15T16:50:07.121+0000] {manager.py:824} INFO - There are 1 files in /opt/airflow/dags
[2026-09-15T16:50:12.163+0000] {manager.py:821} INFO - Searching for files in /opt/airflow/dags
[2026-09-15T16:50:12.177+0000] {manager.py:824} INFO - There are 1 files in /opt/airflow/dags
[2026-09-15T16:50:17.223+0000] {manager.py:821} INFO - Searching for files in /opt/airflow/dags
[2026-09-15T16:50:17.260+0000] {manager.py:824} INFO - There are 1 files in /opt/airflow/dags
[2026-09-15T16:50:22.293+0000] {manager.py:821} INFO - Searching for files in /opt/airflow/dags
[2026-09-15T16:50:22.308+0000] {manager.py:824} INFO - There are 1 files in /opt/airflow/dags
[2026-09-15T16:50:22.323+0000] {manager.py:997} INFO - 
================================================================================
DAG File Processing Stats

File Path                            PID  Runtime      # DAGs    # Errors  Last Runtime    Last Run               Last # of DB Queries
---------------------------------  -----  ---------  --------  ----------  --------------  -------------------  ----------------------
/opt/airflow/dags/waseet_daily.py    371  0.00s             1           0  0.09s           2026-09-15T16:49:51                      12
================================================================================
[2026-09-15T16:50:27.358+0000] {manager.py:821} INFO - Searching for files in /opt/airflow/dags
[2026-09-15T16:50:27.397+0000] {manager.py:824} INFO - There are 1 files in /opt/airflow/dags
[2026-09-15T16:50:32.441+0000] {manager.py:821} INFO - Searching for files in /opt/airflow/dags
[2026-09-15T16:50:32.455+0000] {manager.py:824} INFO - There are 1 files in /opt/airflow/dags
[2026-09-15T16:50:37.495+0000] {manager.py:821} INFO - Searching for files in /opt/airflow/dags
[2026-09-15T16:50:37.512+0000] {manager.py:824} INFO - There are 1 files in /opt/airflow/dags
[2026-09-15T16:50:42.550+0000] {manager.py:821} INFO - Searching for files in /opt/airflow/dags
[2026-09-15T16:50:42.585+0000] {manager.py:824} INFO - There are 1 files in /opt/airflow/dags
[2026-09-15T16:50:47.618+0000] {manager.py:821} INFO - Searching for files in /opt/airflow/dags
[2026-09-15T16:50:47.637+0000] {manager.py:824} INFO - There are 1 files in /opt/airflow/dags
[2026-09-15T16:50:52.683+0000] {manager.py:821} INFO - Searching for files in /opt/airflow/dags
[2026-09-15T16:50:52.704+0000] {manager.py:824} INFO - There are 1 files in /opt/airflow/dags
[2026-09-15T16:50:52.720+0000] {manager.py:997} INFO - 
================================================================================
DAG File Processing Stats

File Path                            PID  Runtime      # DAGs    # Errors  Last Runtime    Last Run               Last # of DB Queries
---------------------------------  -----  ---------  --------  ----------  --------------  -------------------  ----------------------
/opt/airflow/dags/waseet_daily.py    383  0.00s             1           0  0.10s           2026-09-15T16:50:22                      12
================================================================================
[2026-09-15T16:50:57.762+0000] {manager.py:821} INFO - Searching for files in /opt/airflow/dags
[2026-09-15T16:50:57.789+0000] {manager.py:824} INFO - There are 1 files in /opt/airflow/dags
[2026-09-15T16:51:02.827+0000] {manager.py:821} INFO - Searching for files in /opt/airflow/dags
[2026-09-15T16:51:02.844+0000] {manager.py:824} INFO - There are 1 files in /opt/airflow/dags
[2026-09-15T16:51:07.882+0000] {manager.py:821} INFO - Searching for files in /opt/airflow/dags
[2026-09-15T16:51:07.904+0000] {manager.py:824} INFO - There are 1 files in /opt/airflow/dags
[2026-09-15T16:51:12.944+0000] {manager.py:821} INFO - Searching for files in /opt/airflow/dags
[2026-09-15T16:51:12.984+0000] {manager.py:824} INFO - There are 1 files in /opt/airflow/dags
[2026-09-15T16:51:18.037+0000] {manager.py:821} INFO - Searching for files in /opt/airflow/dags
[2026-09-15T16:51:18.056+0000] {manager.py:824} INFO - There are 1 files in /opt/airflow/dags
[2026-09-15T16:51:23.099+0000] {manager.py:821} INFO - Searching for files in /opt/airflow/dags
[2026-09-15T16:51:23.122+0000] {manager.py:824} INFO - There are 1 files in /opt/airflow/dags
[2026-09-15T16:51:23.142+0000] {manager.py:997} INFO - 
================================================================================
DAG File Processing Stats

File Path                            PID  Runtime      # DAGs    # Errors  Last Runtime    Last Run               Last # of DB Queries
---------------------------------  -----  ---------  --------  ----------  --------------  -------------------  ----------------------
/opt/airflow/dags/waseet_daily.py    388  0.00s             1           0  0.10s           2026-09-15T16:50:52                      12
================================================================================
[2026-09-15T16:51:28.178+0000] {manager.py:821} INFO - Searching for files in /opt/airflow/dags
[2026-09-15T16:51:28.193+0000] {manager.py:824} INFO - There are 1 files in /opt/airflow/dags
[2026-09-15T16:51:33.234+0000] {manager.py:821} INFO - Searching for files in /opt/airflow/dags
[2026-09-15T16:51:33.266+0000] {manager.py:824} INFO - There are 1 files in /opt/airflow/dags
[2026-09-15T16:51:38.307+0000] {manager.py:821} INFO - Searching for files in /opt/airflow/dags
[2026-09-15T16:51:38.331+0000] {manager.py:824} INFO - There are 1 files in /opt/airflow/dags
[2026-09-15T16:51:43.373+0000] {manager.py:821} INFO - Searching for files in /opt/airflow/dags
[2026-09-15T16:51:43.417+0000] {manager.py:824} INFO - There are 1 files in /opt/airflow/dags
[2026-09-15T16:51:48.463+0000] {manager.py:821} INFO - Searching for files in /opt/airflow/dags
[2026-09-15T16:51:48.479+0000] {manager.py:824} INFO - There are 1 files in /opt/airflow/dags
[2026-09-15T16:51:53.515+0000] {manager.py:821} INFO - Searching for files in /opt/airflow/dags
[2026-09-15T16:51:53.544+0000] {manager.py:824} INFO - There are 1 files in /opt/airflow/dags
[2026-09-15T16:51:53.567+0000] {manager.py:997} INFO - 
================================================================================
DAG File Processing Stats

File Path                            PID  Runtime      # DAGs    # Errors  Last Runtime    Last Run               Last # of DB Queries
---------------------------------  -----  ---------  --------  ----------  --------------  -------------------  ----------------------
/opt/airflow/dags/waseet_daily.py    394  0.00s             1           0  0.12s           2026-09-15T16:51:23                      12
================================================================================
[2026-09-15T16:51:58.610+0000] {manager.py:821} INFO - Searching for files in /opt/airflow/dags
[2026-09-15T16:51:58.628+0000] {manager.py:824} INFO - There are 1 files in /opt/airflow/dags
[2026-09-15T16:52:03.670+0000] {manager.py:821} INFO - Searching for files in /opt/airflow/dags
[2026-09-15T16:52:03.696+0000] {manager.py:824} INFO - There are 1 files in /opt/airflow/dags
[2026-09-15T16:52:08.733+0000] {manager.py:821} INFO - Searching for files in /opt/airflow/dags
[2026-09-15T16:52:08.755+0000] {manager.py:824} INFO - There are 1 files in /opt/airflow/dags
[2026-09-15T16:52:13.798+0000] {manager.py:821} INFO - Searching for files in /opt/airflow/dags
[2026-09-15T16:52:13.814+0000] {manager.py:824} INFO - There are 1 files in /opt/airflow/dags
[2026-09-15T16:52:18.854+0000] {manager.py:821} INFO - Searching for files in /opt/airflow/dags
[2026-09-15T16:52:18.871+0000] {manager.py:824} INFO - There are 1 files in /opt/airflow/dags
[2026-09-15T16:52:23.908+0000] {manager.py:821} INFO - Searching for files in /opt/airflow/dags
[2026-09-15T16:52:23.934+0000] {manager.py:824} INFO - There are 1 files in /opt/airflow/dags
[2026-09-15T16:52:23.956+0000] {manager.py:997} INFO - 
================================================================================
DAG File Processing Stats

File Path                            PID  Runtime      # DAGs    # Errors  Last Runtime    Last Run               Last # of DB Queries
---------------------------------  -----  ---------  --------  ----------  --------------  -------------------  ----------------------
/opt/airflow/dags/waseet_daily.py    399  0.00s             1           0  0.13s           2026-09-15T16:51:53                      12
================================================================================
[2026-09-15T16:52:29.010+0000] {manager.py:821} INFO - Searching for files in /opt/airflow/dags
[2026-09-15T16:52:29.044+0000] {manager.py:824} INFO - There are 1 files in /opt/airflow/dags
[2026-09-15T16:52:34.085+0000] {manager.py:821} INFO - Searching for files in /opt/airflow/dags
[2026-09-15T16:52:34.102+0000] {manager.py:824} INFO - There are 1 files in /opt/airflow/dags
[2026-09-15T16:52:39.136+0000] {manager.py:821} INFO - Searching for files in /opt/airflow/dags
[2026-09-15T16:52:39.188+0000] {manager.py:824} INFO - There are 1 files in /opt/airflow/dags
[2026-09-15T16:52:44.229+0000] {manager.py:821} INFO - Searching for files in /opt/airflow/dags
[2026-09-15T16:52:44.258+0000] {manager.py:824} INFO - There are 1 files in /opt/airflow/dags
[2026-09-15T16:52:49.294+0000] {manager.py:821} INFO - Searching for files in /opt/airflow/dags
[2026-09-15T16:52:49.308+0000] {manager.py:824} INFO - There are 1 files in /opt/airflow/dags
[2026-09-15T16:52:54.344+0000] {manager.py:821} INFO - Searching for files in /opt/airflow/dags
[2026-09-15T16:52:54.369+0000] {manager.py:824} INFO - There are 1 files in /opt/airflow/dags
[2026-09-15T16:52:54.388+0000] {manager.py:997} INFO - 
================================================================================
DAG File Processing Stats

File Path                            PID  Runtime      # DAGs    # Errors  Last Runtime    Last Run               Last # of DB Queries
---------------------------------  -----  ---------  --------  ----------  --------------  -------------------  ----------------------
/opt/airflow/dags/waseet_daily.py    404  0.00s             1           0  0.11s           2026-09-15T16:52:24                      12
================================================================================
[2026-09-15T16:52:59.432+0000] {manager.py:821} INFO - Searching for files in /opt/airflow/dags
[2026-09-15T16:52:59.458+0000] {manager.py:824} INFO - There are 1 files in /opt/airflow/dags
[2026-09-15T16:53:04.497+0000] {manager.py:821} INFO - Searching for files in /opt/airflow/dags
[2026-09-15T16:53:04.516+0000] {manager.py:824} INFO - There are 1 files in /opt/airflow/dags
[2026-09-15T16:53:09.548+0000] {manager.py:821} INFO - Searching for files in /opt/airflow/dags
[2026-09-15T16:53:09.565+0000] {manager.py:824} INFO - There are 1 files in /opt/airflow/dags
[2026-09-15T16:53:14.604+0000] {manager.py:821} INFO - Searching for files in /opt/airflow/dags
[2026-09-15T16:53:14.624+0000] {manager.py:824} INFO - There are 1 files in /opt/airflow/dags
[2026-09-15T16:53:19.659+0000] {manager.py:821} INFO - Searching for files in /opt/airflow/dags
[2026-09-15T16:53:19.684+0000] {manager.py:824} INFO - There are 1 files in /opt/airflow/dags
[2026-09-15T16:53:24.731+0000] {manager.py:821} INFO - Searching for files in /opt/airflow/dags
[2026-09-15T16:53:24.752+0000] {manager.py:824} INFO - There are 1 files in /opt/airflow/dags
[2026-09-15T16:53:24.770+0000] {manager.py:997} INFO - 
================================================================================
DAG File Processing Stats

File Path                            PID  Runtime      # DAGs    # Errors  Last Runtime    Last Run               Last # of DB Queries
---------------------------------  -----  ---------  --------  ----------  --------------  -------------------  ----------------------
/opt/airflow/dags/waseet_daily.py    409  0.00s             1           0  0.14s           2026-09-15T16:52:54                      12
================================================================================
[2026-09-15T16:53:29.814+0000] {manager.py:821} INFO - Searching for files in /opt/airflow/dags
[2026-09-15T16:53:29.848+0000] {manager.py:824} INFO - There are 1 files in /opt/airflow/dags
[2026-09-15T16:53:34.892+0000] {manager.py:821} INFO - Searching for files in /opt/airflow/dags
[2026-09-15T16:53:34.933+0000] {manager.py:824} INFO - There are 1 files in /opt/airflow/dags
[2026-09-15T16:53:39.981+0000] {manager.py:821} INFO - Searching for files in /opt/airflow/dags
[2026-09-15T16:53:40.011+0000] {manager.py:824} INFO - There are 1 files in /opt/airflow/dags
[2026-09-15T16:53:45.055+0000] {manager.py:821} INFO - Searching for files in /opt/airflow/dags
[2026-09-15T16:53:45.077+0000] {manager.py:824} INFO - There are 1 files in /opt/airflow/dags
[2026-09-15T16:53:50.119+0000] {manager.py:821} INFO - Searching for files in /opt/airflow/dags
[2026-09-15T16:53:50.139+0000] {manager.py:824} INFO - There are 1 files in /opt/airflow/dags
[2026-09-15T16:53:55.185+0000] {manager.py:821} INFO - Searching for files in /opt/airflow/dags
[2026-09-15T16:53:55.202+0000] {manager.py:824} INFO - There are 1 files in /opt/airflow/dags
[2026-09-15T16:53:55.216+0000] {manager.py:997} INFO - 
================================================================================
DAG File Processing Stats

File Path                            PID  Runtime      # DAGs    # Errors  Last Runtime    Last Run               Last # of DB Queries
---------------------------------  -----  ---------  --------  ----------  --------------  -------------------  ----------------------
/opt/airflow/dags/waseet_daily.py    414  0.00s             1           0  0.12s           2026-09-15T16:53:24                      12
================================================================================
[2026-09-15T16:54:00.255+0000] {manager.py:821} INFO - Searching for files in /opt/airflow/dags
[2026-09-15T16:54:00.270+0000] {manager.py:824} INFO - There are 1 files in /opt/airflow/dags
[2026-09-15T16:54:05.316+0000] {manager.py:821} INFO - Searching for files in /opt/airflow/dags
[2026-09-15T16:54:05.345+0000] {manager.py:824} INFO - There are 1 files in /opt/airflow/dags
[2026-09-15T16:54:10.384+0000] {manager.py:821} INFO - Searching for files in /opt/airflow/dags
[2026-09-15T16:54:10.400+0000] {manager.py:824} INFO - There are 1 files in /opt/airflow/dags
[2026-09-15T16:54:15.446+0000] {manager.py:821} INFO - Searching for files in /opt/airflow/dags
[2026-09-15T16:54:15.482+0000] {manager.py:824} INFO - There are 1 files in /opt/airflow/dags
[2026-09-15T16:54:20.517+0000] {manager.py:821} INFO - Searching for files in /opt/airflow/dags
[2026-09-15T16:54:20.531+0000] {manager.py:824} INFO - There are 1 files in /opt/airflow/dags
[2026-09-15T16:54:25.567+0000] {manager.py:821} INFO - Searching for files in /opt/airflow/dags
[2026-09-15T16:54:25.605+0000] {manager.py:824} INFO - There are 1 files in /opt/airflow/dags
[2026-09-15T16:54:25.623+0000] {manager.py:997} INFO - 
================================================================================
DAG File Processing Stats

File Path                            PID  Runtime      # DAGs    # Errors  Last Runtime    Last Run               Last # of DB Queries
---------------------------------  -----  ---------  --------  ----------  --------------  -------------------  ----------------------
/opt/airflow/dags/waseet_daily.py    419  0.00s             1           0  0.12s           2026-09-15T16:53:55                      12
================================================================================
[2026-09-15T16:54:30.667+0000] {manager.py:821} INFO - Searching for files in /opt/airflow/dags
[2026-09-15T16:54:30.697+0000] {manager.py:824} INFO - There are 1 files in /opt/airflow/dags
[2026-09-15T16:54:35.754+0000] {manager.py:821} INFO - Searching for files in /opt/airflow/dags
[2026-09-15T16:54:35.798+0000] {manager.py:824} INFO - There are 1 files in /opt/airflow/dags
[2026-09-15T16:54:40.847+0000] {manager.py:821} INFO - Searching for files in /opt/airflow/dags
[2026-09-15T16:54:40.869+0000] {manager.py:824} INFO - There are 1 files in /opt/airflow/dags
[2026-09-15T16:54:45.909+0000] {manager.py:821} INFO - Searching for files in /opt/airflow/dags
[2026-09-15T16:54:45.931+0000] {manager.py:824} INFO - There are 1 files in /opt/airflow/dags
[2026-09-15T16:54:50.969+0000] {manager.py:821} INFO - Searching for files in /opt/airflow/dags
[2026-09-15T16:54:50.998+0000] {manager.py:824} INFO - There are 1 files in /opt/airflow/dags
[2026-09-15T16:54:56.035+0000] {manager.py:821} INFO - Searching for files in /opt/airflow/dags
[2026-09-15T16:54:56.069+0000] {manager.py:824} INFO - There are 1 files in /opt/airflow/dags
[2026-09-15T16:54:56.086+0000] {manager.py:997} INFO - 
================================================================================
DAG File Processing Stats

File Path                            PID  Runtime      # DAGs    # Errors  Last Runtime    Last Run               Last # of DB Queries
---------------------------------  -----  ---------  --------  ----------  --------------  -------------------  ----------------------
/opt/airflow/dags/waseet_daily.py    424  0.00s             1           0  0.11s           2026-09-15T16:54:25                      12
================================================================================
[2026-09-15T16:55:01.122+0000] {manager.py:821} INFO - Searching for files in /opt/airflow/dags
[2026-09-15T16:55:01.149+0000] {manager.py:824} INFO - There are 1 files in /opt/airflow/dags
[2026-09-15T16:55:06.195+0000] {manager.py:821} INFO - Searching for files in /opt/airflow/dags
[2026-09-15T16:55:06.230+0000] {manager.py:824} INFO - There are 1 files in /opt/airflow/dags
[2026-09-15T16:55:11.264+0000] {manager.py:821} INFO - Searching for files in /opt/airflow/dags
[2026-09-15T16:55:11.290+0000] {manager.py:824} INFO - There are 1 files in /opt/airflow/dags
[2026-09-15T16:55:16.327+0000] {manager.py:821} INFO - Searching for files in /opt/airflow/dags
[2026-09-15T16:55:16.344+0000] {manager.py:824} INFO - There are 1 files in /opt/airflow/dags
[2026-09-15T16:55:21.385+0000] {manager.py:821} INFO - Searching for files in /opt/airflow/dags
[2026-09-15T16:55:21.412+0000] {manager.py:824} INFO - There are 1 files in /opt/airflow/dags
[2026-09-15T16:55:26.466+0000] {manager.py:821} INFO - Searching for files in /opt/airflow/dags
[2026-09-15T16:55:26.486+0000] {manager.py:824} INFO - There are 1 files in /opt/airflow/dags
[2026-09-15T16:55:26.504+0000] {manager.py:997} INFO - 
================================================================================
DAG File Processing Stats

File Path                            PID  Runtime      # DAGs    # Errors  Last Runtime    Last Run               Last # of DB Queries
---------------------------------  -----  ---------  --------  ----------  --------------  -------------------  ----------------------
/opt/airflow/dags/waseet_daily.py    429  0.00s             1           0  0.10s           2026-09-15T16:54:56                      12
================================================================================
[2026-09-15T16:55:31.545+0000] {manager.py:821} INFO - Searching for files in /opt/airflow/dags
[2026-09-15T16:55:31.559+0000] {manager.py:824} INFO - There are 1 files in /opt/airflow/dags
[2026-09-15T16:55:36.601+0000] {manager.py:821} INFO - Searching for files in /opt/airflow/dags
[2026-09-15T16:55:36.638+0000] {manager.py:824} INFO - There are 1 files in /opt/airflow/dags
[2026-09-15T16:55:41.679+0000] {manager.py:821} INFO - Searching for files in /opt/airflow/dags
[2026-09-15T16:55:41.695+0000] {manager.py:824} INFO - There are 1 files in /opt/airflow/dags
[2026-09-15T16:55:46.735+0000] {manager.py:821} INFO - Searching for files in /opt/airflow/dags
[2026-09-15T16:55:46.762+0000] {manager.py:824} INFO - There are 1 files in /opt/airflow/dags
[2026-09-15T16:55:51.810+0000] {manager.py:821} INFO - Searching for files in /opt/airflow/dags
[2026-09-15T16:55:51.823+0000] {manager.py:824} INFO - There are 1 files in /opt/airflow/dags
[2026-09-15T16:55:56.858+0000] {manager.py:821} INFO - Searching for files in /opt/airflow/dags
[2026-09-15T16:55:56.881+0000] {manager.py:824} INFO - There are 1 files in /opt/airflow/dags
[2026-09-15T16:55:56.899+0000] {manager.py:997} INFO - 
================================================================================
DAG File Processing Stats

File Path                            PID  Runtime      # DAGs    # Errors  Last Runtime    Last Run               Last # of DB Queries
---------------------------------  -----  ---------  --------  ----------  --------------  -------------------  ----------------------
/opt/airflow/dags/waseet_daily.py    434  0.00s             1           0  0.11s           2026-09-15T16:55:26                      12
================================================================================
[2026-09-15T16:56:01.942+0000] {manager.py:821} INFO - Searching for files in /opt/airflow/dags
[2026-09-15T16:56:01.957+0000] {manager.py:824} INFO - There are 1 files in /opt/airflow/dags
[2026-09-15T16:56:06.995+0000] {manager.py:821} INFO - Searching for files in /opt/airflow/dags
[2026-09-15T16:56:07.023+0000] {manager.py:824} INFO - There are 1 files in /opt/airflow/dags
[2026-09-15T16:56:12.066+0000] {manager.py:821} INFO - Searching for files in /opt/airflow/dags
[2026-09-15T16:56:12.081+0000] {manager.py:824} INFO - There are 1 files in /opt/airflow/dags
[2026-09-15T16:56:17.121+0000] {manager.py:821} INFO - Searching for files in /opt/airflow/dags
[2026-09-15T16:56:17.151+0000] {manager.py:824} INFO - There are 1 files in /opt/airflow/dags
[2026-09-15T16:56:22.190+0000] {manager.py:821} INFO - Searching for files in /opt/airflow/dags
[2026-09-15T16:56:22.204+0000] {manager.py:824} INFO - There are 1 files in /opt/airflow/dags
[2026-09-15T16:56:27.238+0000] {manager.py:821} INFO - Searching for files in /opt/airflow/dags
[2026-09-15T16:56:27.270+0000] {manager.py:824} INFO - There are 1 files in /opt/airflow/dags
[2026-09-15T16:56:27.287+0000] {manager.py:997} INFO - 
================================================================================
DAG File Processing Stats

File Path                            PID  Runtime      # DAGs    # Errors  Last Runtime    Last Run               Last # of DB Queries
---------------------------------  -----  ---------  --------  ----------  --------------  -------------------  ----------------------
/opt/airflow/dags/waseet_daily.py    439  0.00s             1           0  0.10s           2026-09-15T16:55:56                      12
================================================================================
[2026-09-15T16:56:32.325+0000] {manager.py:821} INFO - Searching for files in /opt/airflow/dags
[2026-09-15T16:56:32.343+0000] {manager.py:824} INFO - There are 1 files in /opt/airflow/dags
[2026-09-15T16:56:37.384+0000] {manager.py:821} INFO - Searching for files in /opt/airflow/dags
[2026-09-15T16:56:37.411+0000] {manager.py:824} INFO - There are 1 files in /opt/airflow/dags
[2026-09-15T16:56:42.449+0000] {manager.py:821} INFO - Searching for files in /opt/airflow/dags
[2026-09-15T16:56:42.476+0000] {manager.py:824} INFO - There are 1 files in /opt/airflow/dags
[2026-09-15T16:56:47.516+0000] {manager.py:821} INFO - Searching for files in /opt/airflow/dags
[2026-09-15T16:56:47.537+0000] {manager.py:824} INFO - There are 1 files in /opt/airflow/dags
[2026-09-15T16:56:52.578+0000] {manager.py:821} INFO - Searching for files in /opt/airflow/dags
[2026-09-15T16:56:52.592+0000] {manager.py:824} INFO - There are 1 files in /opt/airflow/dags
[2026-09-15T16:56:57.633+0000] {manager.py:821} INFO - Searching for files in /opt/airflow/dags
[2026-09-15T16:56:57.659+0000] {manager.py:824} INFO - There are 1 files in /opt/airflow/dags
[2026-09-15T16:56:57.674+0000] {manager.py:997} INFO - 
================================================================================
DAG File Processing Stats

File Path                            PID  Runtime      # DAGs    # Errors  Last Runtime    Last Run               Last # of DB Queries
---------------------------------  -----  ---------  --------  ----------  --------------  -------------------  ----------------------
/opt/airflow/dags/waseet_daily.py    445  0.00s             1           0  0.13s           2026-09-15T16:56:27                      12
================================================================================
[2026-09-15T16:57:02.722+0000] {manager.py:821} INFO - Searching for files in /opt/airflow/dags
[2026-09-15T16:57:02.746+0000] {manager.py:824} INFO - There are 1 files in /opt/airflow/dags
[2026-09-15T16:57:07.786+0000] {manager.py:821} INFO - Searching for files in /opt/airflow/dags
[2026-09-15T16:57:07.800+0000] {manager.py:824} INFO - There are 1 files in /opt/airflow/dags
[2026-09-15T16:57:12.840+0000] {manager.py:821} INFO - Searching for files in /opt/airflow/dags
[2026-09-15T16:57:12.860+0000] {manager.py:824} INFO - There are 1 files in /opt/airflow/dags
[2026-09-15T16:57:17.899+0000] {manager.py:821} INFO - Searching for files in /opt/airflow/dags
[2026-09-15T16:57:17.931+0000] {manager.py:824} INFO - There are 1 files in /opt/airflow/dags
[2026-09-15T16:57:22.977+0000] {manager.py:821} INFO - Searching for files in /opt/airflow/dags
[2026-09-15T16:57:23.016+0000] {manager.py:824} INFO - There are 1 files in /opt/airflow/dags
[2026-09-15T16:57:28.056+0000] {manager.py:821} INFO - Searching for files in /opt/airflow/dags
[2026-09-15T16:57:28.070+0000] {manager.py:824} INFO - There are 1 files in /opt/airflow/dags
[2026-09-15T16:57:28.088+0000] {manager.py:997} INFO - 
================================================================================
DAG File Processing Stats

File Path                            PID  Runtime      # DAGs    # Errors  Last Runtime    Last Run               Last # of DB Queries
---------------------------------  -----  ---------  --------  ----------  --------------  -------------------  ----------------------
/opt/airflow/dags/waseet_daily.py    450  0.00s             1           0  0.10s           2026-09-15T16:56:57                      12
================================================================================
[2026-09-15T16:57:33.132+0000] {manager.py:821} INFO - Searching for files in /opt/airflow/dags
[2026-09-15T16:57:33.160+0000] {manager.py:824} INFO - There are 1 files in /opt/airflow/dags
[2026-09-15T16:57:38.199+0000] {manager.py:821} INFO - Searching for files in /opt/airflow/dags
[2026-09-15T16:57:38.225+0000] {manager.py:824} INFO - There are 1 files in /opt/airflow/dags
[2026-09-15T16:57:43.263+0000] {manager.py:821} INFO - Searching for files in /opt/airflow/dags
[2026-09-15T16:57:43.293+0000] {manager.py:824} INFO - There are 1 files in /opt/airflow/dags
[2026-09-15T16:57:48.333+0000] {manager.py:821} INFO - Searching for files in /opt/airflow/dags
[2026-09-15T16:57:48.363+0000] {manager.py:824} INFO - There are 1 files in /opt/airflow/dags
[2026-09-15T16:57:53.411+0000] {manager.py:821} INFO - Searching for files in /opt/airflow/dags
[2026-09-15T16:57:53.437+0000] {manager.py:824} INFO - There are 1 files in /opt/airflow/dags
[2026-09-15T16:57:58.477+0000] {manager.py:821} INFO - Searching for files in /opt/airflow/dags
[2026-09-15T16:57:58.499+0000] {manager.py:824} INFO - There are 1 files in /opt/airflow/dags
[2026-09-15T16:57:58.515+0000] {manager.py:997} INFO - 
================================================================================
DAG File Processing Stats

File Path                            PID  Runtime      # DAGs    # Errors  Last Runtime    Last Run               Last # of DB Queries
---------------------------------  -----  ---------  --------  ----------  --------------  -------------------  ----------------------
/opt/airflow/dags/waseet_daily.py    455  0.00s             1           0  0.10s           2026-09-15T16:57:28                      12
================================================================================
[2026-09-15T16:58:03.547+0000] {manager.py:821} INFO - Searching for files in /opt/airflow/dags
[2026-09-15T16:58:03.568+0000] {manager.py:824} INFO - There are 1 files in /opt/airflow/dags
[2026-09-15T16:58:08.619+0000] {manager.py:821} INFO - Searching for files in /opt/airflow/dags
[2026-09-15T16:58:08.639+0000] {manager.py:824} INFO - There are 1 files in /opt/airflow/dags
[2026-09-15T16:58:13.679+0000] {manager.py:821} INFO - Searching for files in /opt/airflow/dags
[2026-09-15T16:58:13.702+0000] {manager.py:824} INFO - There are 1 files in /opt/airflow/dags
[2026-09-15T16:58:18.738+0000] {manager.py:821} INFO - Searching for files in /opt/airflow/dags
[2026-09-15T16:58:18.753+0000] {manager.py:824} INFO - There are 1 files in /opt/airflow/dags
[2026-09-15T16:58:23.791+0000] {manager.py:821} INFO - Searching for files in /opt/airflow/dags
[2026-09-15T16:58:23.819+0000] {manager.py:824} INFO - There are 1 files in /opt/airflow/dags
[2026-09-15T16:58:28.869+0000] {manager.py:821} INFO - Searching for files in /opt/airflow/dags
[2026-09-15T16:58:28.894+0000] {manager.py:824} INFO - There are 1 files in /opt/airflow/dags
[2026-09-15T16:58:28.915+0000] {manager.py:997} INFO - 
================================================================================
DAG File Processing Stats

File Path                            PID  Runtime      # DAGs    # Errors  Last Runtime    Last Run               Last # of DB Queries
---------------------------------  -----  ---------  --------  ----------  --------------  -------------------  ----------------------
/opt/airflow/dags/waseet_daily.py    460  0.00s             1           0  0.11s           2026-09-15T16:57:58                      12
================================================================================
[2026-09-15T16:58:33.954+0000] {manager.py:821} INFO - Searching for files in /opt/airflow/dags
[2026-09-15T16:58:33.988+0000] {manager.py:824} INFO - There are 1 files in /opt/airflow/dags
[2026-09-15T16:58:39.022+0000] {manager.py:821} INFO - Searching for files in /opt/airflow/dags
[2026-09-15T16:58:39.050+0000] {manager.py:824} INFO - There are 1 files in /opt/airflow/dags
[2026-09-15T16:58:44.087+0000] {manager.py:821} INFO - Searching for files in /opt/airflow/dags
[2026-09-15T16:58:44.110+0000] {manager.py:824} INFO - There are 1 files in /opt/airflow/dags
[2026-09-15T16:58:49.144+0000] {manager.py:821} INFO - Searching for files in /opt/airflow/dags
[2026-09-15T16:58:49.162+0000] {manager.py:824} INFO - There are 1 files in /opt/airflow/dags
[2026-09-15T16:58:54.201+0000] {manager.py:821} INFO - Searching for files in /opt/airflow/dags
[2026-09-15T16:58:54.231+0000] {manager.py:824} INFO - There are 1 files in /opt/airflow/dags
[2026-09-15T16:58:59.270+0000] {manager.py:821} INFO - Searching for files in /opt/airflow/dags
[2026-09-15T16:58:59.289+0000] {manager.py:824} INFO - There are 1 files in /opt/airflow/dags
[2026-09-15T16:58:59.305+0000] {manager.py:997} INFO - 
================================================================================
DAG File Processing Stats

File Path                            PID  Runtime      # DAGs    # Errors  Last Runtime    Last Run               Last # of DB Queries
---------------------------------  -----  ---------  --------  ----------  --------------  -------------------  ----------------------
/opt/airflow/dags/waseet_daily.py    465  0.00s             1           0  0.10s           2026-09-15T16:58:29                      12
================================================================================
[2026-09-15T16:59:04.349+0000] {manager.py:821} INFO - Searching for files in /opt/airflow/dags
[2026-09-15T16:59:04.374+0000] {manager.py:824} INFO - There are 1 files in /opt/airflow/dags
[2026-09-15T16:59:09.422+0000] {manager.py:821} INFO - Searching for files in /opt/airflow/dags
[2026-09-15T16:59:09.459+0000] {manager.py:824} INFO - There are 1 files in /opt/airflow/dags
[2026-09-15T16:59:14.502+0000] {manager.py:821} INFO - Searching for files in /opt/airflow/dags
[2026-09-15T16:59:14.532+0000] {manager.py:824} INFO - There are 1 files in /opt/airflow/dags
[2026-09-15T16:59:19.571+0000] {manager.py:821} INFO - Searching for files in /opt/airflow/dags
[2026-09-15T16:59:19.586+0000] {manager.py:824} INFO - There are 1 files in /opt/airflow/dags
[2026-09-15T16:59:24.619+0000] {manager.py:821} INFO - Searching for files in /opt/airflow/dags
[2026-09-15T16:59:24.634+0000] {manager.py:824} INFO - There are 1 files in /opt/airflow/dags
[2026-09-15T16:59:29.671+0000] {manager.py:821} INFO - Searching for files in /opt/airflow/dags
[2026-09-15T16:59:29.699+0000] {manager.py:824} INFO - There are 1 files in /opt/airflow/dags
[2026-09-15T16:59:29.716+0000] {manager.py:997} INFO - 
================================================================================
DAG File Processing Stats

File Path                            PID  Runtime      # DAGs    # Errors  Last Runtime    Last Run               Last # of DB Queries
---------------------------------  -----  ---------  --------  ----------  --------------  -------------------  ----------------------
/opt/airflow/dags/waseet_daily.py    470  0.00s             1           0  0.12s           2026-09-15T16:58:59                      12
================================================================================
[2026-09-15T16:59:34.753+0000] {manager.py:821} INFO - Searching for files in /opt/airflow/dags
[2026-09-15T16:59:34.787+0000] {manager.py:824} INFO - There are 1 files in /opt/airflow/dags
[2026-09-15T16:59:39.829+0000] {manager.py:821} INFO - Searching for files in /opt/airflow/dags
[2026-09-15T16:59:39.857+0000] {manager.py:824} INFO - There are 1 files in /opt/airflow/dags
[2026-09-15T16:59:44.898+0000] {manager.py:821} INFO - Searching for files in /opt/airflow/dags
[2026-09-15T16:59:44.919+0000] {manager.py:824} INFO - There are 1 files in /opt/airflow/dags
[2026-09-15T16:59:49.955+0000] {manager.py:821} INFO - Searching for files in /opt/airflow/dags
[2026-09-15T16:59:49.990+0000] {manager.py:824} INFO - There are 1 files in /opt/airflow/dags
[2026-09-15T16:59:55.031+0000] {manager.py:821} INFO - Searching for files in /opt/airflow/dags
[2026-09-15T16:59:55.078+0000] {manager.py:824} INFO - There are 1 files in /opt/airflow/dags
[2026-09-15T17:00:00.113+0000] {manager.py:821} INFO - Searching for files in /opt/airflow/dags
[2026-09-15T17:00:00.139+0000] {manager.py:824} INFO - There are 1 files in /opt/airflow/dags
[2026-09-15T17:00:00.160+0000] {manager.py:997} INFO - 
================================================================================
DAG File Processing Stats

File Path                            PID  Runtime      # DAGs    # Errors  Last Runtime    Last Run               Last # of DB Queries
---------------------------------  -----  ---------  --------  ----------  --------------  -------------------  ----------------------
/opt/airflow/dags/waseet_daily.py    475  0.00s             1           0  0.11s           2026-09-15T16:59:29                      12
================================================================================
[2026-09-15T17:00:05.194+0000] {manager.py:821} INFO - Searching for files in /opt/airflow/dags
[2026-09-15T17:00:05.212+0000] {manager.py:824} INFO - There are 1 files in /opt/airflow/dags
[2026-09-15T17:00:10.248+0000] {manager.py:821} INFO - Searching for files in /opt/airflow/dags
[2026-09-15T17:00:10.267+0000] {manager.py:824} INFO - There are 1 files in /opt/airflow/dags
[2026-09-15T17:00:15.303+0000] {manager.py:821} INFO - Searching for files in /opt/airflow/dags
[2026-09-15T17:00:15.320+0000] {manager.py:824} INFO - There are 1 files in /opt/airflow/dags
[2026-09-15T17:00:20.356+0000] {manager.py:821} INFO - Searching for files in /opt/airflow/dags
[2026-09-15T17:00:20.371+0000] {manager.py:824} INFO - There are 1 files in /opt/airflow/dags
[2026-09-15T17:00:25.406+0000] {manager.py:821} INFO - Searching for files in /opt/airflow/dags
[2026-09-15T17:00:25.421+0000] {manager.py:824} INFO - There are 1 files in /opt/airflow/dags
[2026-09-15T17:00:30.459+0000] {manager.py:821} INFO - Searching for files in /opt/airflow/dags
[2026-09-15T17:00:30.491+0000] {manager.py:824} INFO - There are 1 files in /opt/airflow/dags
[2026-09-15T17:00:30.507+0000] {manager.py:997} INFO - 
================================================================================
DAG File Processing Stats

File Path                            PID  Runtime      # DAGs    # Errors  Last Runtime    Last Run               Last # of DB Queries
---------------------------------  -----  ---------  --------  ----------  --------------  -------------------  ----------------------
/opt/airflow/dags/waseet_daily.py    480  0.00s             1           0  0.10s           2026-09-15T17:00:00                      12
================================================================================
[2026-09-15T17:00:35.538+0000] {manager.py:821} INFO - Searching for files in /opt/airflow/dags
[2026-09-15T17:00:35.572+0000] {manager.py:824} INFO - There are 1 files in /opt/airflow/dags
[2026-09-15T17:00:40.609+0000] {manager.py:821} INFO - Searching for files in /opt/airflow/dags
[2026-09-15T17:00:40.625+0000] {manager.py:824} INFO - There are 1 files in /opt/airflow/dags
[2026-09-15T17:00:45.666+0000] {manager.py:821} INFO - Searching for files in /opt/airflow/dags
[2026-09-15T17:00:45.688+0000] {manager.py:824} INFO - There are 1 files in /opt/airflow/dags
[2026-09-15T17:00:50.733+0000] {manager.py:821} INFO - Searching for files in /opt/airflow/dags
[2026-09-15T17:00:50.747+0000] {manager.py:824} INFO - There are 1 files in /opt/airflow/dags
[2026-09-15T17:00:55.788+0000] {manager.py:821} INFO - Searching for files in /opt/airflow/dags
[2026-09-15T17:00:55.803+0000] {manager.py:824} INFO - There are 1 files in /opt/airflow/dags
[2026-09-15T17:01:00.852+0000] {manager.py:821} INFO - Searching for files in /opt/airflow/dags
[2026-09-15T17:01:00.879+0000] {manager.py:824} INFO - There are 1 files in /opt/airflow/dags
[2026-09-15T17:01:00.896+0000] {manager.py:997} INFO - 
================================================================================
DAG File Processing Stats

File Path                            PID  Runtime      # DAGs    # Errors  Last Runtime    Last Run               Last # of DB Queries
---------------------------------  -----  ---------  --------  ----------  --------------  -------------------  ----------------------
/opt/airflow/dags/waseet_daily.py    485  0.00s             1           0  0.10s           2026-09-15T17:00:30                      12
================================================================================
[2026-09-15T17:01:05.932+0000] {manager.py:821} INFO - Searching for files in /opt/airflow/dags
[2026-09-15T17:01:05.960+0000] {manager.py:824} INFO - There are 1 files in /opt/airflow/dags
[2026-09-15T17:01:11.005+0000] {manager.py:821} INFO - Searching for files in /opt/airflow/dags
[2026-09-15T17:01:11.032+0000] {manager.py:824} INFO - There are 1 files in /opt/airflow/dags
[2026-09-15T17:01:16.065+0000] {manager.py:821} INFO - Searching for files in /opt/airflow/dags
[2026-09-15T17:01:16.083+0000] {manager.py:824} INFO - There are 1 files in /opt/airflow/dags
[2026-09-15T17:01:21.122+0000] {manager.py:821} INFO - Searching for files in /opt/airflow/dags
[2026-09-15T17:01:21.148+0000] {manager.py:824} INFO - There are 1 files in /opt/airflow/dags
[2026-09-15T17:01:26.179+0000] {manager.py:821} INFO - Searching for files in /opt/airflow/dags
[2026-09-15T17:01:26.193+0000] {manager.py:824} INFO - There are 1 files in /opt/airflow/dags
[2026-09-15T17:01:31.227+0000] {manager.py:821} INFO - Searching for files in /opt/airflow/dags
[2026-09-15T17:01:31.245+0000] {manager.py:824} INFO - There are 1 files in /opt/airflow/dags
[2026-09-15T17:01:31.261+0000] {manager.py:997} INFO - 
================================================================================
DAG File Processing Stats

File Path                            PID  Runtime      # DAGs    # Errors  Last Runtime    Last Run               Last # of DB Queries
---------------------------------  -----  ---------  --------  ----------  --------------  -------------------  ----------------------
/opt/airflow/dags/waseet_daily.py    490  0.00s             1           0  0.11s           2026-09-15T17:01:01                      12
================================================================================
[2026-09-15T17:01:36.294+0000] {manager.py:821} INFO - Searching for files in /opt/airflow/dags
[2026-09-15T17:01:36.315+0000] {manager.py:824} INFO - There are 1 files in /opt/airflow/dags
[2026-09-15T17:01:41.352+0000] {manager.py:821} INFO - Searching for files in /opt/airflow/dags
[2026-09-15T17:01:41.369+0000] {manager.py:824} INFO - There are 1 files in /opt/airflow/dags
[2026-09-15T17:01:46.401+0000] {manager.py:821} INFO - Searching for files in /opt/airflow/dags
[2026-09-15T17:01:46.444+0000] {manager.py:824} INFO - There are 1 files in /opt/airflow/dags
[2026-09-15T17:01:51.479+0000] {manager.py:821} INFO - Searching for files in /opt/airflow/dags
[2026-09-15T17:01:51.495+0000] {manager.py:824} INFO - There are 1 files in /opt/airflow/dags
[2026-09-15T17:01:56.535+0000] {manager.py:821} INFO - Searching for files in /opt/airflow/dags
[2026-09-15T17:01:56.555+0000] {manager.py:824} INFO - There are 1 files in /opt/airflow/dags
[2026-09-15T17:02:01.589+0000] {manager.py:821} INFO - Searching for files in /opt/airflow/dags
[2026-09-15T17:02:01.604+0000] {manager.py:824} INFO - There are 1 files in /opt/airflow/dags
[2026-09-15T17:02:01.619+0000] {manager.py:997} INFO - 
================================================================================
DAG File Processing Stats

File Path                            PID  Runtime      # DAGs    # Errors  Last Runtime    Last Run               Last # of DB Queries
---------------------------------  -----  ---------  --------  ----------  --------------  -------------------  ----------------------
/opt/airflow/dags/waseet_daily.py    495  0.00s             1           0  0.11s           2026-09-15T17:01:31                      12
================================================================================
[2026-09-15T17:02:06.655+0000] {manager.py:821} INFO - Searching for files in /opt/airflow/dags
[2026-09-15T17:02:06.669+0000] {manager.py:824} INFO - There are 1 files in /opt/airflow/dags
[2026-09-15T17:02:11.703+0000] {manager.py:821} INFO - Searching for files in /opt/airflow/dags
[2026-09-15T17:02:11.718+0000] {manager.py:824} INFO - There are 1 files in /opt/airflow/dags
[2026-09-15T17:02:16.754+0000] {manager.py:821} INFO - Searching for files in /opt/airflow/dags
[2026-09-15T17:02:16.788+0000] {manager.py:824} INFO - There are 1 files in /opt/airflow/dags
[2026-09-15T17:02:21.823+0000] {manager.py:821} INFO - Searching for files in /opt/airflow/dags
[2026-09-15T17:02:21.847+0000] {manager.py:824} INFO - There are 1 files in /opt/airflow/dags
[2026-09-15T17:02:26.879+0000] {manager.py:821} INFO - Searching for files in /opt/airflow/dags
[2026-09-15T17:02:26.902+0000] {manager.py:824} INFO - There are 1 files in /opt/airflow/dags
[2026-09-15T17:02:31.949+0000] {manager.py:821} INFO - Searching for files in /opt/airflow/dags
[2026-09-15T17:02:31.981+0000] {manager.py:824} INFO - There are 1 files in /opt/airflow/dags
[2026-09-15T17:02:31.997+0000] {manager.py:997} INFO - 
================================================================================
DAG File Processing Stats

File Path                            PID  Runtime      # DAGs    # Errors  Last Runtime    Last Run               Last # of DB Queries
---------------------------------  -----  ---------  --------  ----------  --------------  -------------------  ----------------------
/opt/airflow/dags/waseet_daily.py    500  0.00s             1           0  0.11s           2026-09-15T17:02:01                      12
================================================================================
[2026-09-15T17:02:37.027+0000] {manager.py:821} INFO - Searching for files in /opt/airflow/dags
[2026-09-15T17:02:37.057+0000] {manager.py:824} INFO - There are 1 files in /opt/airflow/dags
[2026-09-15T17:02:42.093+0000] {manager.py:821} INFO - Searching for files in /opt/airflow/dags
[2026-09-15T17:02:42.107+0000] {manager.py:824} INFO - There are 1 files in /opt/airflow/dags
[2026-09-15T17:02:47.142+0000] {manager.py:821} INFO - Searching for files in /opt/airflow/dags
[2026-09-15T17:02:47.168+0000] {manager.py:824} INFO - There are 1 files in /opt/airflow/dags
[2026-09-15T17:02:52.208+0000] {manager.py:821} INFO - Searching for files in /opt/airflow/dags
[2026-09-15T17:02:52.223+0000] {manager.py:824} INFO - There are 1 files in /opt/airflow/dags
[2026-09-15T17:02:57.257+0000] {manager.py:821} INFO - Searching for files in /opt/airflow/dags
[2026-09-15T17:02:57.280+0000] {manager.py:824} INFO - There are 1 files in /opt/airflow/dags
[2026-09-15T17:03:02.322+0000] {manager.py:821} INFO - Searching for files in /opt/airflow/dags
[2026-09-15T17:03:02.336+0000] {manager.py:824} INFO - There are 1 files in /opt/airflow/dags
[2026-09-15T17:03:02.351+0000] {manager.py:997} INFO - 
================================================================================
DAG File Processing Stats

File Path                            PID  Runtime      # DAGs    # Errors  Last Runtime    Last Run               Last # of DB Queries
---------------------------------  -----  ---------  --------  ----------  --------------  -------------------  ----------------------
/opt/airflow/dags/waseet_daily.py    505  0.00s             1           0  0.10s           2026-09-15T17:02:32                      12
================================================================================
[2026-09-15T17:03:07.389+0000] {manager.py:821} INFO - Searching for files in /opt/airflow/dags
[2026-09-15T17:03:07.411+0000] {manager.py:824} INFO - There are 1 files in /opt/airflow/dags
[2026-09-15T17:03:12.452+0000] {manager.py:821} INFO - Searching for files in /opt/airflow/dags
[2026-09-15T17:03:12.469+0000] {manager.py:824} INFO - There are 1 files in /opt/airflow/dags
[2026-09-15T17:03:17.517+0000] {manager.py:821} INFO - Searching for files in /opt/airflow/dags
[2026-09-15T17:03:17.541+0000] {manager.py:824} INFO - There are 1 files in /opt/airflow/dags
[2026-09-15T17:03:22.582+0000] {manager.py:821} INFO - Searching for files in /opt/airflow/dags
[2026-09-15T17:03:22.598+0000] {manager.py:824} INFO - There are 1 files in /opt/airflow/dags
[2026-09-15T17:03:27.643+0000] {manager.py:821} INFO - Searching for files in /opt/airflow/dags
[2026-09-15T17:03:27.662+0000] {manager.py:824} INFO - There are 1 files in /opt/airflow/dags
[2026-09-15T17:03:32.696+0000] {manager.py:821} INFO - Searching for files in /opt/airflow/dags
[2026-09-15T17:03:32.709+0000] {manager.py:824} INFO - There are 1 files in /opt/airflow/dags
[2026-09-15T17:03:32.725+0000] {manager.py:997} INFO - 
================================================================================
DAG File Processing Stats

File Path                            PID  Runtime      # DAGs    # Errors  Last Runtime    Last Run               Last # of DB Queries
---------------------------------  -----  ---------  --------  ----------  --------------  -------------------  ----------------------
/opt/airflow/dags/waseet_daily.py    510  0.00s             1           0  0.10s           2026-09-15T17:03:02                      12
================================================================================
[2026-09-15T17:03:37.755+0000] {manager.py:821} INFO - Searching for files in /opt/airflow/dags
[2026-09-15T17:03:37.776+0000] {manager.py:824} INFO - There are 1 files in /opt/airflow/dags
[2026-09-15T17:03:42.816+0000] {manager.py:821} INFO - Searching for files in /opt/airflow/dags
[2026-09-15T17:03:42.835+0000] {manager.py:824} INFO - There are 1 files in /opt/airflow/dags
[2026-09-15T17:03:47.871+0000] {manager.py:821} INFO - Searching for files in /opt/airflow/dags
[2026-09-15T17:03:47.892+0000] {manager.py:824} INFO - There are 1 files in /opt/airflow/dags
[2026-09-15T17:03:52.930+0000] {manager.py:821} INFO - Searching for files in /opt/airflow/dags
[2026-09-15T17:03:52.952+0000] {manager.py:824} INFO - There are 1 files in /opt/airflow/dags
[2026-09-15T17:03:57.993+0000] {manager.py:821} INFO - Searching for files in /opt/airflow/dags
[2026-09-15T17:03:58.028+0000] {manager.py:824} INFO - There are 1 files in /opt/airflow/dags
[2026-09-15T17:04:03.066+0000] {manager.py:821} INFO - Searching for files in /opt/airflow/dags
[2026-09-15T17:04:03.089+0000] {manager.py:824} INFO - There are 1 files in /opt/airflow/dags
[2026-09-15T17:04:03.107+0000] {manager.py:997} INFO - 
================================================================================
DAG File Processing Stats

File Path                            PID  Runtime      # DAGs    # Errors  Last Runtime    Last Run               Last # of DB Queries
---------------------------------  -----  ---------  --------  ----------  --------------  -------------------  ----------------------
/opt/airflow/dags/waseet_daily.py    515  0.00s             1           0  0.11s           2026-09-15T17:03:32                      12
================================================================================
[2026-09-15T17:04:08.142+0000] {manager.py:821} INFO - Searching for files in /opt/airflow/dags
[2026-09-15T17:04:08.173+0000] {manager.py:824} INFO - There are 1 files in /opt/airflow/dags
[2026-09-15T17:04:13.210+0000] {manager.py:821} INFO - Searching for files in /opt/airflow/dags
[2026-09-15T17:04:13.237+0000] {manager.py:824} INFO - There are 1 files in /opt/airflow/dags
[2026-09-15T17:04:18.273+0000] {manager.py:821} INFO - Searching for files in /opt/airflow/dags
[2026-09-15T17:04:18.301+0000] {manager.py:824} INFO - There are 1 files in /opt/airflow/dags
[2026-09-15T17:04:23.340+0000] {manager.py:821} INFO - Searching for files in /opt/airflow/dags
[2026-09-15T17:04:23.364+0000] {manager.py:824} INFO - There are 1 files in /opt/airflow/dags
[2026-09-15T17:04:28.404+0000] {manager.py:821} INFO - Searching for files in /opt/airflow/dags
[2026-09-15T17:04:28.426+0000] {manager.py:824} INFO - There are 1 files in /opt/airflow/dags
[2026-09-15T17:04:33.473+0000] {manager.py:821} INFO - Searching for files in /opt/airflow/dags
[2026-09-15T17:04:33.506+0000] {manager.py:824} INFO - There are 1 files in /opt/airflow/dags
[2026-09-15T17:04:33.522+0000] {manager.py:997} INFO - 
================================================================================
DAG File Processing Stats

File Path                            PID  Runtime      # DAGs    # Errors  Last Runtime    Last Run               Last # of DB Queries
---------------------------------  -----  ---------  --------  ----------  --------------  -------------------  ----------------------
/opt/airflow/dags/waseet_daily.py    520  0.00s             1           0  0.09s           2026-09-15T17:04:03                      12
================================================================================
[2026-09-15T17:04:38.562+0000] {manager.py:821} INFO - Searching for files in /opt/airflow/dags
[2026-09-15T17:04:38.581+0000] {manager.py:824} INFO - There are 1 files in /opt/airflow/dags
[2026-09-15T17:04:43.617+0000] {manager.py:821} INFO - Searching for files in /opt/airflow/dags
[2026-09-15T17:04:43.643+0000] {manager.py:824} INFO - There are 1 files in /opt/airflow/dags
[2026-09-15T17:04:48.689+0000] {manager.py:821} INFO - Searching for files in /opt/airflow/dags
[2026-09-15T17:04:48.713+0000] {manager.py:824} INFO - There are 1 files in /opt/airflow/dags
[2026-09-15T17:04:53.748+0000] {manager.py:821} INFO - Searching for files in /opt/airflow/dags
[2026-09-15T17:04:53.765+0000] {manager.py:824} INFO - There are 1 files in /opt/airflow/dags
[2026-09-15T17:04:58.804+0000] {manager.py:821} INFO - Searching for files in /opt/airflow/dags
[2026-09-15T17:04:58.818+0000] {manager.py:824} INFO - There are 1 files in /opt/airflow/dags
[2026-09-15T17:05:03.851+0000] {manager.py:821} INFO - Searching for files in /opt/airflow/dags
[2026-09-15T17:05:03.866+0000] {manager.py:824} INFO - There are 1 files in /opt/airflow/dags
[2026-09-15T17:05:03.881+0000] {manager.py:997} INFO - 
================================================================================
DAG File Processing Stats

File Path                            PID  Runtime      # DAGs    # Errors  Last Runtime    Last Run               Last # of DB Queries
---------------------------------  -----  ---------  --------  ----------  --------------  -------------------  ----------------------
/opt/airflow/dags/waseet_daily.py    525  0.00s             1           0  0.12s           2026-09-15T17:04:33                      12
================================================================================
[2026-09-15T17:05:08.912+0000] {manager.py:821} INFO - Searching for files in /opt/airflow/dags
[2026-09-15T17:05:08.936+0000] {manager.py:824} INFO - There are 1 files in /opt/airflow/dags
[2026-09-15T17:05:13.969+0000] {manager.py:821} INFO - Searching for files in /opt/airflow/dags
[2026-09-15T17:05:13.990+0000] {manager.py:824} INFO - There are 1 files in /opt/airflow/dags
[2026-09-15T17:05:19.033+0000] {manager.py:821} INFO - Searching for files in /opt/airflow/dags
[2026-09-15T17:05:19.058+0000] {manager.py:824} INFO - There are 1 files in /opt/airflow/dags
[2026-09-15T17:05:24.091+0000] {manager.py:821} INFO - Searching for files in /opt/airflow/dags
[2026-09-15T17:05:24.106+0000] {manager.py:824} INFO - There are 1 files in /opt/airflow/dags
[2026-09-15T17:05:29.142+0000] {manager.py:821} INFO - Searching for files in /opt/airflow/dags
[2026-09-15T17:05:29.156+0000] {manager.py:824} INFO - There are 1 files in /opt/airflow/dags
[2026-09-15T17:05:34.202+0000] {manager.py:821} INFO - Searching for files in /opt/airflow/dags
[2026-09-15T17:05:34.230+0000] {manager.py:824} INFO - There are 1 files in /opt/airflow/dags
[2026-09-15T17:05:34.246+0000] {manager.py:997} INFO - 
================================================================================
DAG File Processing Stats

File Path                            PID  Runtime      # DAGs    # Errors  Last Runtime    Last Run               Last # of DB Queries
---------------------------------  -----  ---------  --------  ----------  --------------  -------------------  ----------------------
/opt/airflow/dags/waseet_daily.py    530  0.00s             1           0  0.10s           2026-09-15T17:05:03                      12
================================================================================
[2026-09-15T17:05:39.284+0000] {manager.py:821} INFO - Searching for files in /opt/airflow/dags
[2026-09-15T17:05:39.307+0000] {manager.py:824} INFO - There are 1 files in /opt/airflow/dags
[2026-09-15T17:05:44.341+0000] {manager.py:821} INFO - Searching for files in /opt/airflow/dags
[2026-09-15T17:05:44.372+0000] {manager.py:824} INFO - There are 1 files in /opt/airflow/dags
[2026-09-15T17:05:49.407+0000] {manager.py:821} INFO - Searching for files in /opt/airflow/dags
[2026-09-15T17:05:49.428+0000] {manager.py:824} INFO - There are 1 files in /opt/airflow/dags
[2026-09-15T17:05:54.473+0000] {manager.py:821} INFO - Searching for files in /opt/airflow/dags
[2026-09-15T17:05:54.495+0000] {manager.py:824} INFO - There are 1 files in /opt/airflow/dags
[2026-09-15T17:05:59.529+0000] {manager.py:821} INFO - Searching for files in /opt/airflow/dags
[2026-09-15T17:05:59.551+0000] {manager.py:824} INFO - There are 1 files in /opt/airflow/dags
[2026-09-15T17:06:04.587+0000] {manager.py:821} INFO - Searching for files in /opt/airflow/dags
[2026-09-15T17:06:04.615+0000] {manager.py:824} INFO - There are 1 files in /opt/airflow/dags
[2026-09-15T17:06:04.629+0000] {manager.py:997} INFO - 
================================================================================
DAG File Processing Stats

File Path                            PID  Runtime      # DAGs    # Errors  Last Runtime    Last Run               Last # of DB Queries
---------------------------------  -----  ---------  --------  ----------  --------------  -------------------  ----------------------
/opt/airflow/dags/waseet_daily.py    535  0.00s             1           0  0.11s           2026-09-15T17:05:34                      12
================================================================================
[2026-09-15T17:06:09.669+0000] {manager.py:821} INFO - Searching for files in /opt/airflow/dags
[2026-09-15T17:06:09.704+0000] {manager.py:824} INFO - There are 1 files in /opt/airflow/dags
[2026-09-15T17:06:14.745+0000] {manager.py:821} INFO - Searching for files in /opt/airflow/dags
[2026-09-15T17:06:14.763+0000] {manager.py:824} INFO - There are 1 files in /opt/airflow/dags
[2026-09-15T17:06:19.806+0000] {manager.py:821} INFO - Searching for files in /opt/airflow/dags
[2026-09-15T17:06:19.831+0000] {manager.py:824} INFO - There are 1 files in /opt/airflow/dags
[2026-09-15T17:06:24.869+0000] {manager.py:821} INFO - Searching for files in /opt/airflow/dags
[2026-09-15T17:06:24.895+0000] {manager.py:824} INFO - There are 1 files in /opt/airflow/dags
[2026-09-15T17:06:29.943+0000] {manager.py:821} INFO - Searching for files in /opt/airflow/dags
[2026-09-15T17:06:29.957+0000] {manager.py:824} INFO - There are 1 files in /opt/airflow/dags
[2026-09-15T17:06:35.001+0000] {manager.py:821} INFO - Searching for files in /opt/airflow/dags
[2026-09-15T17:06:35.029+0000] {manager.py:824} INFO - There are 1 files in /opt/airflow/dags
[2026-09-15T17:06:35.047+0000] {manager.py:997} INFO - 
================================================================================
DAG File Processing Stats

File Path                            PID  Runtime      # DAGs    # Errors  Last Runtime    Last Run               Last # of DB Queries
---------------------------------  -----  ---------  --------  ----------  --------------  -------------------  ----------------------
/opt/airflow/dags/waseet_daily.py    540  0.00s             1           0  0.11s           2026-09-15T17:06:04                      12
================================================================================
[2026-09-15T17:06:40.083+0000] {manager.py:821} INFO - Searching for files in /opt/airflow/dags
[2026-09-15T17:06:40.123+0000] {manager.py:824} INFO - There are 1 files in /opt/airflow/dags
[2026-09-15T17:06:45.164+0000] {manager.py:821} INFO - Searching for files in /opt/airflow/dags
[2026-09-15T17:06:45.200+0000] {manager.py:824} INFO - There are 1 files in /opt/airflow/dags
[2026-09-15T17:06:50.239+0000] {manager.py:821} INFO - Searching for files in /opt/airflow/dags
[2026-09-15T17:06:50.257+0000] {manager.py:824} INFO - There are 1 files in /opt/airflow/dags
[2026-09-15T17:06:55.300+0000] {manager.py:821} INFO - Searching for files in /opt/airflow/dags
[2026-09-15T17:06:55.320+0000] {manager.py:824} INFO - There are 1 files in /opt/airflow/dags
[2026-09-15T17:07:00.361+0000] {manager.py:821} INFO - Searching for files in /opt/airflow/dags
[2026-09-15T17:07:00.386+0000] {manager.py:824} INFO - There are 1 files in /opt/airflow/dags
[2026-09-15T17:07:05.428+0000] {manager.py:821} INFO - Searching for files in /opt/airflow/dags
[2026-09-15T17:07:05.449+0000] {manager.py:824} INFO - There are 1 files in /opt/airflow/dags
[2026-09-15T17:07:05.466+0000] {manager.py:997} INFO - 
================================================================================
DAG File Processing Stats

File Path                            PID  Runtime      # DAGs    # Errors  Last Runtime    Last Run               Last # of DB Queries
---------------------------------  -----  ---------  --------  ----------  --------------  -------------------  ----------------------
/opt/airflow/dags/waseet_daily.py    545  0.00s             1           0  0.11s           2026-09-15T17:06:35                      12
================================================================================
[2026-09-15T17:07:10.498+0000] {manager.py:821} INFO - Searching for files in /opt/airflow/dags
[2026-09-15T17:07:10.522+0000] {manager.py:824} INFO - There are 1 files in /opt/airflow/dags
[2026-09-15T17:07:15.561+0000] {manager.py:821} INFO - Searching for files in /opt/airflow/dags
[2026-09-15T17:07:15.576+0000] {manager.py:824} INFO - There are 1 files in /opt/airflow/dags
[2026-09-15T17:07:20.614+0000] {manager.py:821} INFO - Searching for files in /opt/airflow/dags
[2026-09-15T17:07:20.631+0000] {manager.py:824} INFO - There are 1 files in /opt/airflow/dags
[2026-09-15T17:07:25.666+0000] {manager.py:821} INFO - Searching for files in /opt/airflow/dags
[2026-09-15T17:07:25.703+0000] {manager.py:824} INFO - There are 1 files in /opt/airflow/dags
[2026-09-15T17:07:30.741+0000] {manager.py:821} INFO - Searching for files in /opt/airflow/dags
[2026-09-15T17:07:30.757+0000] {manager.py:824} INFO - There are 1 files in /opt/airflow/dags
[2026-09-15T17:07:35.802+0000] {manager.py:821} INFO - Searching for files in /opt/airflow/dags
[2026-09-15T17:07:35.837+0000] {manager.py:824} INFO - There are 1 files in /opt/airflow/dags
[2026-09-15T17:07:35.854+0000] {manager.py:997} INFO - 
================================================================================
DAG File Processing Stats

File Path                            PID  Runtime      # DAGs    # Errors  Last Runtime    Last Run               Last # of DB Queries
---------------------------------  -----  ---------  --------  ----------  --------------  -------------------  ----------------------
/opt/airflow/dags/waseet_daily.py    550  0.00s             1           0  0.10s           2026-09-15T17:07:05                      12
================================================================================
[2026-09-15T17:07:40.889+0000] {manager.py:821} INFO - Searching for files in /opt/airflow/dags
[2026-09-15T17:07:40.904+0000] {manager.py:824} INFO - There are 1 files in /opt/airflow/dags
[2026-09-15T17:07:45.938+0000] {manager.py:821} INFO - Searching for files in /opt/airflow/dags
[2026-09-15T17:07:45.960+0000] {manager.py:824} INFO - There are 1 files in /opt/airflow/dags
[2026-09-15T17:07:50.996+0000] {manager.py:821} INFO - Searching for files in /opt/airflow/dags
[2026-09-15T17:07:51.010+0000] {manager.py:824} INFO - There are 1 files in /opt/airflow/dags
[2026-09-15T17:07:56.047+0000] {manager.py:821} INFO - Searching for files in /opt/airflow/dags
[2026-09-15T17:07:56.062+0000] {manager.py:824} INFO - There are 1 files in /opt/airflow/dags
[2026-09-15T17:08:01.096+0000] {manager.py:821} INFO - Searching for files in /opt/airflow/dags
[2026-09-15T17:08:01.110+0000] {manager.py:824} INFO - There are 1 files in /opt/airflow/dags
[2026-09-15T17:08:06.147+0000] {manager.py:821} INFO - Searching for files in /opt/airflow/dags
[2026-09-15T17:08:06.166+0000] {manager.py:824} INFO - There are 1 files in /opt/airflow/dags
[2026-09-15T17:08:06.180+0000] {manager.py:997} INFO - 
================================================================================
DAG File Processing Stats

File Path                            PID  Runtime      # DAGs    # Errors  Last Runtime    Last Run               Last # of DB Queries
---------------------------------  -----  ---------  --------  ----------  --------------  -------------------  ----------------------
/opt/airflow/dags/waseet_daily.py    555  0.00s             1           0  0.11s           2026-09-15T17:07:35                      12
================================================================================
[2026-09-15T17:08:11.223+0000] {manager.py:821} INFO - Searching for files in /opt/airflow/dags
[2026-09-15T17:08:11.252+0000] {manager.py:824} INFO - There are 1 files in /opt/airflow/dags
[2026-09-15T17:08:16.297+0000] {manager.py:821} INFO - Searching for files in /opt/airflow/dags
[2026-09-15T17:08:16.325+0000] {manager.py:824} INFO - There are 1 files in /opt/airflow/dags
[2026-09-15T17:08:21.371+0000] {manager.py:821} INFO - Searching for files in /opt/airflow/dags
[2026-09-15T17:08:21.389+0000] {manager.py:824} INFO - There are 1 files in /opt/airflow/dags
[2026-09-15T17:08:26.434+0000] {manager.py:821} INFO - Searching for files in /opt/airflow/dags
[2026-09-15T17:08:26.455+0000] {manager.py:824} INFO - There are 1 files in /opt/airflow/dags
[2026-09-15T17:08:31.492+0000] {manager.py:821} INFO - Searching for files in /opt/airflow/dags
[2026-09-15T17:08:31.508+0000] {manager.py:824} INFO - There are 1 files in /opt/airflow/dags
[2026-09-15T17:08:36.555+0000] {manager.py:821} INFO - Searching for files in /opt/airflow/dags
[2026-09-15T17:08:36.591+0000] {manager.py:824} INFO - There are 1 files in /opt/airflow/dags
[2026-09-15T17:08:36.614+0000] {manager.py:997} INFO - 
================================================================================
DAG File Processing Stats

File Path                            PID  Runtime      # DAGs    # Errors  Last Runtime    Last Run               Last # of DB Queries
---------------------------------  -----  ---------  --------  ----------  --------------  -------------------  ----------------------
/opt/airflow/dags/waseet_daily.py    560  0.00s             1           0  0.09s           2026-09-15T17:08:06                      12
================================================================================
[2026-09-15T17:08:41.656+0000] {manager.py:821} INFO - Searching for files in /opt/airflow/dags
[2026-09-15T17:08:41.676+0000] {manager.py:824} INFO - There are 1 files in /opt/airflow/dags
[2026-09-15T17:08:46.714+0000] {manager.py:821} INFO - Searching for files in /opt/airflow/dags
[2026-09-15T17:08:46.742+0000] {manager.py:824} INFO - There are 1 files in /opt/airflow/dags
[2026-09-15T17:08:51.789+0000] {manager.py:821} INFO - Searching for files in /opt/airflow/dags
[2026-09-15T17:08:51.815+0000] {manager.py:824} INFO - There are 1 files in /opt/airflow/dags
[2026-09-15T17:08:56.861+0000] {manager.py:821} INFO - Searching for files in /opt/airflow/dags
[2026-09-15T17:08:56.880+0000] {manager.py:824} INFO - There are 1 files in /opt/airflow/dags
[2026-09-15T17:09:01.923+0000] {manager.py:821} INFO - Searching for files in /opt/airflow/dags
[2026-09-15T17:09:01.951+0000] {manager.py:824} INFO - There are 1 files in /opt/airflow/dags
[2026-09-15T17:09:06.985+0000] {manager.py:821} INFO - Searching for files in /opt/airflow/dags
[2026-09-15T17:09:07.008+0000] {manager.py:824} INFO - There are 1 files in /opt/airflow/dags
[2026-09-15T17:09:07.028+0000] {manager.py:997} INFO - 
================================================================================
DAG File Processing Stats

File Path                            PID  Runtime      # DAGs    # Errors  Last Runtime    Last Run               Last # of DB Queries
---------------------------------  -----  ---------  --------  ----------  --------------  -------------------  ----------------------
/opt/airflow/dags/waseet_daily.py    565  0.00s             1           0  0.11s           2026-09-15T17:08:36                      12
================================================================================
[2026-09-15T17:09:12.063+0000] {manager.py:821} INFO - Searching for files in /opt/airflow/dags
[2026-09-15T17:09:12.087+0000] {manager.py:824} INFO - There are 1 files in /opt/airflow/dags
[2026-09-15T17:09:17.122+0000] {manager.py:821} INFO - Searching for files in /opt/airflow/dags
[2026-09-15T17:09:17.141+0000] {manager.py:824} INFO - There are 1 files in /opt/airflow/dags
[2026-09-15T17:09:22.179+0000] {manager.py:821} INFO - Searching for files in /opt/airflow/dags
[2026-09-15T17:09:22.196+0000] {manager.py:824} INFO - There are 1 files in /opt/airflow/dags
[2026-09-15T17:09:27.233+0000] {manager.py:821} INFO - Searching for files in /opt/airflow/dags
[2026-09-15T17:09:27.259+0000] {manager.py:824} INFO - There are 1 files in /opt/airflow/dags
[2026-09-15T17:09:32.306+0000] {manager.py:821} INFO - Searching for files in /opt/airflow/dags
[2026-09-15T17:09:32.327+0000] {manager.py:824} INFO - There are 1 files in /opt/airflow/dags
[2026-09-15T17:09:37.360+0000] {manager.py:821} INFO - Searching for files in /opt/airflow/dags
[2026-09-15T17:09:37.378+0000] {manager.py:824} INFO - There are 1 files in /opt/airflow/dags
[2026-09-15T17:09:37.396+0000] {manager.py:997} INFO - 
================================================================================
DAG File Processing Stats

File Path                            PID  Runtime      # DAGs    # Errors  Last Runtime    Last Run               Last # of DB Queries
---------------------------------  -----  ---------  --------  ----------  --------------  -------------------  ----------------------
/opt/airflow/dags/waseet_daily.py    570  0.00s             1           0  0.14s           2026-09-15T17:09:07                      12
================================================================================
[2026-09-15T17:09:42.431+0000] {manager.py:821} INFO - Searching for files in /opt/airflow/dags
[2026-09-15T17:09:42.464+0000] {manager.py:824} INFO - There are 1 files in /opt/airflow/dags
[2026-09-15T17:09:47.510+0000] {manager.py:821} INFO - Searching for files in /opt/airflow/dags
[2026-09-15T17:09:47.544+0000] {manager.py:824} INFO - There are 1 files in /opt/airflow/dags
[2026-09-15T17:09:52.585+0000] {manager.py:821} INFO - Searching for files in /opt/airflow/dags
[2026-09-15T17:09:52.614+0000] {manager.py:824} INFO - There are 1 files in /opt/airflow/dags
[2026-09-15T17:09:57.652+0000] {manager.py:821} INFO - Searching for files in /opt/airflow/dags
[2026-09-15T17:09:57.675+0000] {manager.py:824} INFO - There are 1 files in /opt/airflow/dags
[2026-09-15T17:10:02.727+0000] {manager.py:821} INFO - Searching for files in /opt/airflow/dags
[2026-09-15T17:10:02.763+0000] {manager.py:824} INFO - There are 1 files in /opt/airflow/dags
[2026-09-15T17:10:07.805+0000] {manager.py:821} INFO - Searching for files in /opt/airflow/dags
[2026-09-15T17:10:07.855+0000] {manager.py:824} INFO - There are 1 files in /opt/airflow/dags
[2026-09-15T17:10:07.872+0000] {manager.py:997} INFO - 
================================================================================
DAG File Processing Stats

File Path                            PID  Runtime      # DAGs    # Errors  Last Runtime    Last Run               Last # of DB Queries
---------------------------------  -----  ---------  --------  ----------  --------------  -------------------  ----------------------
/opt/airflow/dags/waseet_daily.py    575  0.00s             1           0  0.12s           2026-09-15T17:09:37                      12
================================================================================
[2026-09-15T17:10:12.909+0000] {manager.py:821} INFO - Searching for files in /opt/airflow/dags
[2026-09-15T17:10:12.931+0000] {manager.py:824} INFO - There are 1 files in /opt/airflow/dags
[2026-09-15T17:10:17.968+0000] {manager.py:821} INFO - Searching for files in /opt/airflow/dags
[2026-09-15T17:10:17.992+0000] {manager.py:824} INFO - There are 1 files in /opt/airflow/dags
[2026-09-15T17:10:23.032+0000] {manager.py:821} INFO - Searching for files in /opt/airflow/dags
[2026-09-15T17:10:23.061+0000] {manager.py:824} INFO - There are 1 files in /opt/airflow/dags
[2026-09-15T17:10:28.106+0000] {manager.py:821} INFO - Searching for files in /opt/airflow/dags
[2026-09-15T17:10:28.135+0000] {manager.py:824} INFO - There are 1 files in /opt/airflow/dags
[2026-09-15T17:10:33.176+0000] {manager.py:821} INFO - Searching for files in /opt/airflow/dags
[2026-09-15T17:10:33.191+0000] {manager.py:824} INFO - There are 1 files in /opt/airflow/dags
[2026-09-15T17:10:38.233+0000] {manager.py:821} INFO - Searching for files in /opt/airflow/dags
[2026-09-15T17:10:38.263+0000] {manager.py:824} INFO - There are 1 files in /opt/airflow/dags
[2026-09-15T17:10:38.280+0000] {manager.py:997} INFO - 
================================================================================
DAG File Processing Stats

File Path                            PID  Runtime      # DAGs    # Errors  Last Runtime    Last Run               Last # of DB Queries
---------------------------------  -----  ---------  --------  ----------  --------------  -------------------  ----------------------
/opt/airflow/dags/waseet_daily.py    580  0.00s             1           0  0.11s           2026-09-15T17:10:07                      12
================================================================================
[2026-09-15T17:10:43.315+0000] {manager.py:821} INFO - Searching for files in /opt/airflow/dags
[2026-09-15T17:10:43.335+0000] {manager.py:824} INFO - There are 1 files in /opt/airflow/dags
[2026-09-15T17:10:48.373+0000] {manager.py:821} INFO - Searching for files in /opt/airflow/dags
[2026-09-15T17:10:48.388+0000] {manager.py:824} INFO - There are 1 files in /opt/airflow/dags
[2026-09-15T17:10:53.428+0000] {manager.py:821} INFO - Searching for files in /opt/airflow/dags
[2026-09-15T17:10:53.452+0000] {manager.py:824} INFO - There are 1 files in /opt/airflow/dags
[2026-09-15T17:10:58.492+0000] {manager.py:821} INFO - Searching for files in /opt/airflow/dags
[2026-09-15T17:10:58.517+0000] {manager.py:824} INFO - There are 1 files in /opt/airflow/dags
[2026-09-15T17:11:03.552+0000] {manager.py:821} INFO - Searching for files in /opt/airflow/dags
[2026-09-15T17:11:03.573+0000] {manager.py:824} INFO - There are 1 files in /opt/airflow/dags
[2026-09-15T17:11:08.610+0000] {manager.py:821} INFO - Searching for files in /opt/airflow/dags
[2026-09-15T17:11:08.628+0000] {manager.py:824} INFO - There are 1 files in /opt/airflow/dags
[2026-09-15T17:11:08.647+0000] {manager.py:997} INFO - 
================================================================================
DAG File Processing Stats

File Path                            PID  Runtime      # DAGs    # Errors  Last Runtime    Last Run               Last # of DB Queries
---------------------------------  -----  ---------  --------  ----------  --------------  -------------------  ----------------------
/opt/airflow/dags/waseet_daily.py    585  0.00s             1           0  0.12s           2026-09-15T17:10:38                      12
================================================================================
[2026-09-15T17:11:13.680+0000] {manager.py:821} INFO - Searching for files in /opt/airflow/dags
[2026-09-15T17:11:13.696+0000] {manager.py:824} INFO - There are 1 files in /opt/airflow/dags
[2026-09-15T17:11:18.735+0000] {manager.py:821} INFO - Searching for files in /opt/airflow/dags
[2026-09-15T17:11:18.779+0000] {manager.py:824} INFO - There are 1 files in /opt/airflow/dags
[2026-09-15T17:11:23.819+0000] {manager.py:821} INFO - Searching for files in /opt/airflow/dags
[2026-09-15T17:11:23.834+0000] {manager.py:824} INFO - There are 1 files in /opt/airflow/dags
[2026-09-15T17:11:28.867+0000] {manager.py:821} INFO - Searching for files in /opt/airflow/dags
[2026-09-15T17:11:28.897+0000] {manager.py:824} INFO - There are 1 files in /opt/airflow/dags
[2026-09-15T17:11:33.935+0000] {manager.py:821} INFO - Searching for files in /opt/airflow/dags
[2026-09-15T17:11:33.975+0000] {manager.py:824} INFO - There are 1 files in /opt/airflow/dags
[2026-09-15T17:11:39.018+0000] {manager.py:821} INFO - Searching for files in /opt/airflow/dags
[2026-09-15T17:11:39.051+0000] {manager.py:824} INFO - There are 1 files in /opt/airflow/dags
[2026-09-15T17:11:39.069+0000] {manager.py:997} INFO - 
================================================================================
DAG File Processing Stats

File Path                            PID  Runtime      # DAGs    # Errors  Last Runtime    Last Run               Last # of DB Queries
---------------------------------  -----  ---------  --------  ----------  --------------  -------------------  ----------------------
/opt/airflow/dags/waseet_daily.py    590  0.00s             1           0  0.11s           2026-09-15T17:11:08                      12
================================================================================
[2026-09-15T17:11:44.121+0000] {manager.py:821} INFO - Searching for files in /opt/airflow/dags
[2026-09-15T17:11:44.136+0000] {manager.py:824} INFO - There are 1 files in /opt/airflow/dags
[2026-09-15T17:11:49.181+0000] {manager.py:821} INFO - Searching for files in /opt/airflow/dags
[2026-09-15T17:11:49.205+0000] {manager.py:824} INFO - There are 1 files in /opt/airflow/dags
[2026-09-15T17:11:54.241+0000] {manager.py:821} INFO - Searching for files in /opt/airflow/dags
[2026-09-15T17:11:54.256+0000] {manager.py:824} INFO - There are 1 files in /opt/airflow/dags
[2026-09-15T17:11:59.291+0000] {manager.py:821} INFO - Searching for files in /opt/airflow/dags
[2026-09-15T17:11:59.310+0000] {manager.py:824} INFO - There are 1 files in /opt/airflow/dags
[2026-09-15T17:12:04.346+0000] {manager.py:821} INFO - Searching for files in /opt/airflow/dags
[2026-09-15T17:12:04.376+0000] {manager.py:824} INFO - There are 1 files in /opt/airflow/dags
[2026-09-15T17:12:09.414+0000] {manager.py:821} INFO - Searching for files in /opt/airflow/dags
[2026-09-15T17:12:09.454+0000] {manager.py:824} INFO - There are 1 files in /opt/airflow/dags
[2026-09-15T17:12:09.471+0000] {manager.py:997} INFO - 
================================================================================
DAG File Processing Stats

File Path                            PID  Runtime      # DAGs    # Errors  Last Runtime    Last Run               Last # of DB Queries
---------------------------------  -----  ---------  --------  ----------  --------------  -------------------  ----------------------
/opt/airflow/dags/waseet_daily.py    595  0.00s             1           0  0.11s           2026-09-15T17:11:39                      12
================================================================================
[2026-09-15T17:12:14.513+0000] {manager.py:821} INFO - Searching for files in /opt/airflow/dags
[2026-09-15T17:12:14.537+0000] {manager.py:824} INFO - There are 1 files in /opt/airflow/dags
[2026-09-15T17:12:19.587+0000] {manager.py:821} INFO - Searching for files in /opt/airflow/dags
[2026-09-15T17:12:19.614+0000] {manager.py:824} INFO - There are 1 files in /opt/airflow/dags
[2026-09-15T17:12:24.663+0000] {manager.py:821} INFO - Searching for files in /opt/airflow/dags
[2026-09-15T17:12:24.697+0000] {manager.py:824} INFO - There are 1 files in /opt/airflow/dags
[2026-09-15T17:12:29.741+0000] {manager.py:821} INFO - Searching for files in /opt/airflow/dags
[2026-09-15T17:12:29.761+0000] {manager.py:824} INFO - There are 1 files in /opt/airflow/dags
[2026-09-15T17:12:34.797+0000] {manager.py:821} INFO - Searching for files in /opt/airflow/dags
[2026-09-15T17:12:34.827+0000] {manager.py:824} INFO - There are 1 files in /opt/airflow/dags
[2026-09-15T17:12:39.871+0000] {manager.py:821} INFO - Searching for files in /opt/airflow/dags
[2026-09-15T17:12:39.884+0000] {manager.py:824} INFO - There are 1 files in /opt/airflow/dags
[2026-09-15T17:12:39.900+0000] {manager.py:997} INFO - 
================================================================================
DAG File Processing Stats

File Path                            PID  Runtime      # DAGs    # Errors  Last Runtime    Last Run               Last # of DB Queries
---------------------------------  -----  ---------  --------  ----------  --------------  -------------------  ----------------------
/opt/airflow/dags/waseet_daily.py    600  0.00s             1           0  0.10s           2026-09-15T17:12:09                      12
================================================================================
[2026-09-15T17:12:44.936+0000] {manager.py:821} INFO - Searching for files in /opt/airflow/dags
[2026-09-15T17:12:44.965+0000] {manager.py:824} INFO - There are 1 files in /opt/airflow/dags
[2026-09-15T17:12:50.005+0000] {manager.py:821} INFO - Searching for files in /opt/airflow/dags
[2026-09-15T17:12:50.039+0000] {manager.py:824} INFO - There are 1 files in /opt/airflow/dags
[2026-09-15T17:12:55.075+0000] {manager.py:821} INFO - Searching for files in /opt/airflow/dags
[2026-09-15T17:12:55.105+0000] {manager.py:824} INFO - There are 1 files in /opt/airflow/dags
[2026-09-15T17:13:00.139+0000] {manager.py:821} INFO - Searching for files in /opt/airflow/dags
[2026-09-15T17:13:00.180+0000] {manager.py:824} INFO - There are 1 files in /opt/airflow/dags
[2026-09-15T17:13:05.219+0000] {manager.py:821} INFO - Searching for files in /opt/airflow/dags
[2026-09-15T17:13:05.235+0000] {manager.py:824} INFO - There are 1 files in /opt/airflow/dags
[2026-09-15T17:13:10.287+0000] {manager.py:821} INFO - Searching for files in /opt/airflow/dags
[2026-09-15T17:13:10.307+0000] {manager.py:824} INFO - There are 1 files in /opt/airflow/dags
[2026-09-15T17:13:10.321+0000] {manager.py:997} INFO - 
================================================================================
DAG File Processing Stats

File Path                            PID  Runtime      # DAGs    # Errors  Last Runtime    Last Run               Last # of DB Queries
---------------------------------  -----  ---------  --------  ----------  --------------  -------------------  ----------------------
/opt/airflow/dags/waseet_daily.py    605  0.00s             1           0  0.10s           2026-09-15T17:12:39                      12
================================================================================
[2026-09-15T17:13:15.357+0000] {manager.py:821} INFO - Searching for files in /opt/airflow/dags
[2026-09-15T17:13:15.392+0000] {manager.py:824} INFO - There are 1 files in /opt/airflow/dags
[2026-09-15T17:13:20.426+0000] {manager.py:821} INFO - Searching for files in /opt/airflow/dags
[2026-09-15T17:13:20.462+0000] {manager.py:824} INFO - There are 1 files in /opt/airflow/dags
[2026-09-15T17:13:25.501+0000] {manager.py:821} INFO - Searching for files in /opt/airflow/dags
[2026-09-15T17:13:25.518+0000] {manager.py:824} INFO - There are 1 files in /opt/airflow/dags
[2026-09-15T17:13:30.558+0000] {manager.py:821} INFO - Searching for files in /opt/airflow/dags
[2026-09-15T17:13:30.574+0000] {manager.py:824} INFO - There are 1 files in /opt/airflow/dags
[2026-09-15T17:13:35.613+0000] {manager.py:821} INFO - Searching for files in /opt/airflow/dags
[2026-09-15T17:13:35.651+0000] {manager.py:824} INFO - There are 1 files in /opt/airflow/dags
[2026-09-15T17:13:40.693+0000] {manager.py:821} INFO - Searching for files in /opt/airflow/dags
[2026-09-15T17:13:40.709+0000] {manager.py:824} INFO - There are 1 files in /opt/airflow/dags
[2026-09-15T17:13:40.724+0000] {manager.py:997} INFO - 
================================================================================
DAG File Processing Stats

File Path                            PID  Runtime      # DAGs    # Errors  Last Runtime    Last Run               Last # of DB Queries
---------------------------------  -----  ---------  --------  ----------  --------------  -------------------  ----------------------
/opt/airflow/dags/waseet_daily.py    610  0.00s             1           0  0.12s           2026-09-15T17:13:10                      12
================================================================================
[2026-09-15T17:13:45.770+0000] {manager.py:821} INFO - Searching for files in /opt/airflow/dags
[2026-09-15T17:13:45.801+0000] {manager.py:824} INFO - There are 1 files in /opt/airflow/dags
[2026-09-15T17:13:50.843+0000] {manager.py:821} INFO - Searching for files in /opt/airflow/dags
[2026-09-15T17:13:50.866+0000] {manager.py:824} INFO - There are 1 files in /opt/airflow/dags
[2026-09-15T17:13:55.908+0000] {manager.py:821} INFO - Searching for files in /opt/airflow/dags
[2026-09-15T17:13:55.938+0000] {manager.py:824} INFO - There are 1 files in /opt/airflow/dags
[2026-09-15T17:14:00.979+0000] {manager.py:821} INFO - Searching for files in /opt/airflow/dags
[2026-09-15T17:14:01.010+0000] {manager.py:824} INFO - There are 1 files in /opt/airflow/dags
[2026-09-15T17:14:06.047+0000] {manager.py:821} INFO - Searching for files in /opt/airflow/dags
[2026-09-15T17:14:06.070+0000] {manager.py:824} INFO - There are 1 files in /opt/airflow/dags
[2026-09-15T17:14:11.111+0000] {manager.py:821} INFO - Searching for files in /opt/airflow/dags
[2026-09-15T17:14:11.140+0000] {manager.py:824} INFO - There are 1 files in /opt/airflow/dags
[2026-09-15T17:14:11.158+0000] {manager.py:997} INFO - 
================================================================================
DAG File Processing Stats

File Path                            PID  Runtime      # DAGs    # Errors  Last Runtime    Last Run               Last # of DB Queries
---------------------------------  -----  ---------  --------  ----------  --------------  -------------------  ----------------------
/opt/airflow/dags/waseet_daily.py    615  0.00s             1           0  0.10s           2026-09-15T17:13:40                      12
================================================================================
[2026-09-15T17:14:16.200+0000] {manager.py:821} INFO - Searching for files in /opt/airflow/dags
[2026-09-15T17:14:16.226+0000] {manager.py:824} INFO - There are 1 files in /opt/airflow/dags
[2026-09-15T17:14:21.267+0000] {manager.py:821} INFO - Searching for files in /opt/airflow/dags
[2026-09-15T17:14:21.300+0000] {manager.py:824} INFO - There are 1 files in /opt/airflow/dags
[2026-09-15T17:14:26.341+0000] {manager.py:821} INFO - Searching for files in /opt/airflow/dags
[2026-09-15T17:14:26.374+0000] {manager.py:824} INFO - There are 1 files in /opt/airflow/dags
[2026-09-15T17:15:07.814+0000] {manager.py:483} INFO - Processing files using up to 2 processes at a time 
[2026-09-15T17:15:07.814+0000] {manager.py:484} INFO - Process each file at most once every 30 seconds
[2026-09-15T17:15:07.815+0000] {manager.py:485} INFO - Checking for new files in /opt/airflow/dags every 5 seconds
[2026-09-15T17:15:07.816+0000] {manager.py:821} INFO - Searching for files in /opt/airflow/dags
[2026-09-15T17:15:07.835+0000] {manager.py:824} INFO - There are 1 files in /opt/airflow/dags
[2026-09-15T17:15:07.904+0000] {manager.py:997} INFO - 
================================================================================
DAG File Processing Stats

File Path                            PID  Runtime      # DAGs    # Errors  Last Runtime    Last Run      Last # of DB Queries
---------------------------------  -----  ---------  --------  ----------  --------------  ----------  ----------------------
/opt/airflow/dags/waseet_daily.py    257  0.02s             0           0                                                   0
================================================================================
[2026-09-15T17:15:12.935+0000] {manager.py:821} INFO - Searching for files in /opt/airflow/dags
[2026-09-15T17:15:12.972+0000] {manager.py:824} INFO - There are 1 files in /opt/airflow/dags
[2026-09-15T17:15:18.010+0000] {manager.py:821} INFO - Searching for files in /opt/airflow/dags
[2026-09-15T17:15:18.068+0000] {manager.py:824} INFO - There are 1 files in /opt/airflow/dags
[2026-09-15T17:15:23.108+0000] {manager.py:821} INFO - Searching for files in /opt/airflow/dags
[2026-09-15T17:15:23.130+0000] {manager.py:824} INFO - There are 1 files in /opt/airflow/dags
[2026-09-15T17:15:28.174+0000] {manager.py:821} INFO - Searching for files in /opt/airflow/dags
[2026-09-15T17:15:28.206+0000] {manager.py:824} INFO - There are 1 files in /opt/airflow/dags
[2026-09-15T17:15:33.250+0000] {manager.py:821} INFO - Searching for files in /opt/airflow/dags
[2026-09-15T17:15:33.269+0000] {manager.py:824} INFO - There are 1 files in /opt/airflow/dags
[2026-09-15T17:15:38.305+0000] {manager.py:821} INFO - Searching for files in /opt/airflow/dags
[2026-09-15T17:15:38.333+0000] {manager.py:824} INFO - There are 1 files in /opt/airflow/dags
[2026-09-15T17:15:38.353+0000] {manager.py:997} INFO - 
================================================================================
DAG File Processing Stats

File Path                            PID  Runtime      # DAGs    # Errors  Last Runtime    Last Run               Last # of DB Queries
---------------------------------  -----  ---------  --------  ----------  --------------  -------------------  ----------------------
/opt/airflow/dags/waseet_daily.py    294  0.00s             1           0  0.14s           2026-09-15T17:15:08                      12
================================================================================
[2026-09-15T17:15:43.389+0000] {manager.py:821} INFO - Searching for files in /opt/airflow/dags
[2026-09-15T17:15:43.403+0000] {manager.py:824} INFO - There are 1 files in /opt/airflow/dags
[2026-09-15T17:15:48.456+0000] {manager.py:821} INFO - Searching for files in /opt/airflow/dags
[2026-09-15T17:15:48.480+0000] {manager.py:824} INFO - There are 1 files in /opt/airflow/dags
[2026-09-15T17:15:53.514+0000] {manager.py:821} INFO - Searching for files in /opt/airflow/dags
[2026-09-15T17:15:53.532+0000] {manager.py:824} INFO - There are 1 files in /opt/airflow/dags
[2026-09-15T17:15:58.570+0000] {manager.py:821} INFO - Searching for files in /opt/airflow/dags
[2026-09-15T17:15:58.596+0000] {manager.py:824} INFO - There are 1 files in /opt/airflow/dags
[2026-09-15T17:16:03.641+0000] {manager.py:821} INFO - Searching for files in /opt/airflow/dags
[2026-09-15T17:16:03.681+0000] {manager.py:824} INFO - There are 1 files in /opt/airflow/dags
[2026-09-15T17:16:08.717+0000] {manager.py:821} INFO - Searching for files in /opt/airflow/dags
[2026-09-15T17:16:08.730+0000] {manager.py:824} INFO - There are 1 files in /opt/airflow/dags
[2026-09-15T17:16:08.747+0000] {manager.py:997} INFO - 
================================================================================
DAG File Processing Stats

File Path                            PID  Runtime      # DAGs    # Errors  Last Runtime    Last Run               Last # of DB Queries
---------------------------------  -----  ---------  --------  ----------  --------------  -------------------  ----------------------
/opt/airflow/dags/waseet_daily.py    299  0.00s             1           0  0.13s           2026-09-15T17:15:38                      12
================================================================================
[2026-09-15T17:16:13.786+0000] {manager.py:821} INFO - Searching for files in /opt/airflow/dags
[2026-09-15T17:16:13.809+0000] {manager.py:824} INFO - There are 1 files in /opt/airflow/dags
[2026-09-15T17:16:18.848+0000] {manager.py:821} INFO - Searching for files in /opt/airflow/dags
[2026-09-15T17:16:18.862+0000] {manager.py:824} INFO - There are 1 files in /opt/airflow/dags
[2026-09-15T17:16:23.899+0000] {manager.py:821} INFO - Searching for files in /opt/airflow/dags
[2026-09-15T17:16:23.928+0000] {manager.py:824} INFO - There are 1 files in /opt/airflow/dags
[2026-09-15T17:16:28.969+0000] {manager.py:821} INFO - Searching for files in /opt/airflow/dags
[2026-09-15T17:16:28.992+0000] {manager.py:824} INFO - There are 1 files in /opt/airflow/dags
[2026-09-15T17:16:34.033+0000] {manager.py:821} INFO - Searching for files in /opt/airflow/dags
[2026-09-15T17:16:34.063+0000] {manager.py:824} INFO - There are 1 files in /opt/airflow/dags
[2026-09-15T17:16:39.104+0000] {manager.py:821} INFO - Searching for files in /opt/airflow/dags
[2026-09-15T17:16:39.132+0000] {manager.py:824} INFO - There are 1 files in /opt/airflow/dags
[2026-09-15T17:16:39.149+0000] {manager.py:997} INFO - 
================================================================================
DAG File Processing Stats

File Path                            PID  Runtime      # DAGs    # Errors  Last Runtime    Last Run               Last # of DB Queries
---------------------------------  -----  ---------  --------  ----------  --------------  -------------------  ----------------------
/opt/airflow/dags/waseet_daily.py    304  0.00s             1           0  0.11s           2026-09-15T17:16:08                      12
================================================================================
[2026-09-15T17:16:44.190+0000] {manager.py:821} INFO - Searching for files in /opt/airflow/dags
[2026-09-15T17:16:44.215+0000] {manager.py:824} INFO - There are 1 files in /opt/airflow/dags
[2026-09-15T17:16:49.258+0000] {manager.py:821} INFO - Searching for files in /opt/airflow/dags
[2026-09-15T17:16:49.280+0000] {manager.py:824} INFO - There are 1 files in /opt/airflow/dags
[2026-09-15T17:16:54.320+0000] {manager.py:821} INFO - Searching for files in /opt/airflow/dags
[2026-09-15T17:16:54.353+0000] {manager.py:824} INFO - There are 1 files in /opt/airflow/dags
[2026-09-15T17:16:59.395+0000] {manager.py:821} INFO - Searching for files in /opt/airflow/dags
[2026-09-15T17:16:59.412+0000] {manager.py:824} INFO - There are 1 files in /opt/airflow/dags
[2026-09-15T17:17:04.456+0000] {manager.py:821} INFO - Searching for files in /opt/airflow/dags
[2026-09-15T17:17:04.483+0000] {manager.py:824} INFO - There are 1 files in /opt/airflow/dags
[2026-09-15T17:17:09.523+0000] {manager.py:821} INFO - Searching for files in /opt/airflow/dags
[2026-09-15T17:17:09.550+0000] {manager.py:824} INFO - There are 1 files in /opt/airflow/dags
[2026-09-15T17:17:09.565+0000] {manager.py:997} INFO - 
================================================================================
DAG File Processing Stats

File Path                            PID  Runtime      # DAGs    # Errors  Last Runtime    Last Run               Last # of DB Queries
---------------------------------  -----  ---------  --------  ----------  --------------  -------------------  ----------------------
/opt/airflow/dags/waseet_daily.py    309  0.00s             1           0  0.12s           2026-09-15T17:16:39                      12
================================================================================
[2026-09-15T17:17:14.601+0000] {manager.py:821} INFO - Searching for files in /opt/airflow/dags
[2026-09-15T17:17:14.634+0000] {manager.py:824} INFO - There are 1 files in /opt/airflow/dags
[2026-09-15T17:17:19.676+0000] {manager.py:821} INFO - Searching for files in /opt/airflow/dags
[2026-09-15T17:17:19.707+0000] {manager.py:824} INFO - There are 1 files in /opt/airflow/dags
[2026-09-15T17:17:24.746+0000] {manager.py:821} INFO - Searching for files in /opt/airflow/dags
[2026-09-15T17:17:24.763+0000] {manager.py:824} INFO - There are 1 files in /opt/airflow/dags
[2026-09-15T17:17:29.803+0000] {manager.py:821} INFO - Searching for files in /opt/airflow/dags
[2026-09-15T17:17:29.824+0000] {manager.py:824} INFO - There are 1 files in /opt/airflow/dags
[2026-09-15T17:17:34.853+0000] {manager.py:821} INFO - Searching for files in /opt/airflow/dags
[2026-09-15T17:17:34.879+0000] {manager.py:824} INFO - There are 1 files in /opt/airflow/dags
[2026-09-15T17:17:39.914+0000] {manager.py:821} INFO - Searching for files in /opt/airflow/dags
[2026-09-15T17:17:39.943+0000] {manager.py:824} INFO - There are 1 files in /opt/airflow/dags
[2026-09-15T17:17:39.961+0000] {manager.py:997} INFO - 
================================================================================
DAG File Processing Stats

File Path                            PID  Runtime      # DAGs    # Errors  Last Runtime    Last Run               Last # of DB Queries
---------------------------------  -----  ---------  --------  ----------  --------------  -------------------  ----------------------
/opt/airflow/dags/waseet_daily.py    314  0.00s             1           0  0.10s           2026-09-15T17:17:09                      12
================================================================================
[2026-09-15T17:17:44.995+0000] {manager.py:821} INFO - Searching for files in /opt/airflow/dags
[2026-09-15T17:17:45.018+0000] {manager.py:824} INFO - There are 1 files in /opt/airflow/dags
[2026-09-15T17:17:50.059+0000] {manager.py:821} INFO - Searching for files in /opt/airflow/dags
[2026-09-15T17:17:50.078+0000] {manager.py:824} INFO - There are 1 files in /opt/airflow/dags
[2026-09-15T17:17:55.111+0000] {manager.py:821} INFO - Searching for files in /opt/airflow/dags
[2026-09-15T17:17:55.133+0000] {manager.py:824} INFO - There are 1 files in /opt/airflow/dags
[2026-09-15T17:18:00.175+0000] {manager.py:821} INFO - Searching for files in /opt/airflow/dags
[2026-09-15T17:18:00.210+0000] {manager.py:824} INFO - There are 1 files in /opt/airflow/dags
[2026-09-15T17:18:05.252+0000] {manager.py:821} INFO - Searching for files in /opt/airflow/dags
[2026-09-15T17:18:05.276+0000] {manager.py:824} INFO - There are 1 files in /opt/airflow/dags
[2026-09-15T17:18:10.322+0000] {manager.py:821} INFO - Searching for files in /opt/airflow/dags
[2026-09-15T17:18:10.357+0000] {manager.py:824} INFO - There are 1 files in /opt/airflow/dags
[2026-09-15T17:18:10.379+0000] {manager.py:997} INFO - 
================================================================================
DAG File Processing Stats

File Path                            PID  Runtime      # DAGs    # Errors  Last Runtime    Last Run               Last # of DB Queries
---------------------------------  -----  ---------  --------  ----------  --------------  -------------------  ----------------------
/opt/airflow/dags/waseet_daily.py    319  0.00s             1           0  0.10s           2026-09-15T17:17:40                      12
================================================================================
[2026-09-15T17:18:15.420+0000] {manager.py:821} INFO - Searching for files in /opt/airflow/dags
[2026-09-15T17:18:15.449+0000] {manager.py:824} INFO - There are 1 files in /opt/airflow/dags
[2026-09-15T17:18:20.483+0000] {manager.py:821} INFO - Searching for files in /opt/airflow/dags
[2026-09-15T17:18:20.514+0000] {manager.py:824} INFO - There are 1 files in /opt/airflow/dags
[2026-09-15T17:18:25.553+0000] {manager.py:821} INFO - Searching for files in /opt/airflow/dags
[2026-09-15T17:18:25.568+0000] {manager.py:824} INFO - There are 1 files in /opt/airflow/dags
[2026-09-15T17:18:30.607+0000] {manager.py:821} INFO - Searching for files in /opt/airflow/dags
[2026-09-15T17:18:30.621+0000] {manager.py:824} INFO - There are 1 files in /opt/airflow/dags
[2026-09-15T17:18:35.656+0000] {manager.py:821} INFO - Searching for files in /opt/airflow/dags
[2026-09-15T17:18:35.683+0000] {manager.py:824} INFO - There are 1 files in /opt/airflow/dags
[2026-09-15T17:18:40.716+0000] {manager.py:821} INFO - Searching for files in /opt/airflow/dags
[2026-09-15T17:18:40.738+0000] {manager.py:824} INFO - There are 1 files in /opt/airflow/dags
[2026-09-15T17:18:40.756+0000] {manager.py:997} INFO - 
================================================================================
DAG File Processing Stats

File Path                            PID  Runtime      # DAGs    # Errors  Last Runtime    Last Run               Last # of DB Queries
---------------------------------  -----  ---------  --------  ----------  --------------  -------------------  ----------------------
/opt/airflow/dags/waseet_daily.py    324  0.00s             1           0  0.12s           2026-09-15T17:18:10                      12
================================================================================
[2026-09-15T17:18:45.789+0000] {manager.py:821} INFO - Searching for files in /opt/airflow/dags
[2026-09-15T17:18:45.804+0000] {manager.py:824} INFO - There are 1 files in /opt/airflow/dags
[2026-09-15T17:18:50.837+0000] {manager.py:821} INFO - Searching for files in /opt/airflow/dags
[2026-09-15T17:18:50.856+0000] {manager.py:824} INFO - There are 1 files in /opt/airflow/dags
[2026-09-15T17:18:55.888+0000] {manager.py:821} INFO - Searching for files in /opt/airflow/dags
[2026-09-15T17:18:55.918+0000] {manager.py:824} INFO - There are 1 files in /opt/airflow/dags
[2026-09-15T17:19:00.964+0000] {manager.py:821} INFO - Searching for files in /opt/airflow/dags
[2026-09-15T17:19:00.985+0000] {manager.py:824} INFO - There are 1 files in /opt/airflow/dags
[2026-09-15T17:19:06.019+0000] {manager.py:821} INFO - Searching for files in /opt/airflow/dags
[2026-09-15T17:19:06.039+0000] {manager.py:824} INFO - There are 1 files in /opt/airflow/dags
[2026-09-15T17:19:11.076+0000] {manager.py:821} INFO - Searching for files in /opt/airflow/dags
[2026-09-15T17:19:11.093+0000] {manager.py:824} INFO - There are 1 files in /opt/airflow/dags
[2026-09-15T17:19:11.107+0000] {manager.py:997} INFO - 
================================================================================
DAG File Processing Stats

File Path                            PID  Runtime      # DAGs    # Errors  Last Runtime    Last Run               Last # of DB Queries
---------------------------------  -----  ---------  --------  ----------  --------------  -------------------  ----------------------
/opt/airflow/dags/waseet_daily.py    329  0.00s             1           0  0.10s           2026-09-15T17:18:40                      12
================================================================================
[2026-09-15T17:19:16.142+0000] {manager.py:821} INFO - Searching for files in /opt/airflow/dags
[2026-09-15T17:19:16.156+0000] {manager.py:824} INFO - There are 1 files in /opt/airflow/dags
[2026-09-15T17:19:21.189+0000] {manager.py:821} INFO - Searching for files in /opt/airflow/dags
[2026-09-15T17:19:21.217+0000] {manager.py:824} INFO - There are 1 files in /opt/airflow/dags
[2026-09-15T17:19:26.260+0000] {manager.py:821} INFO - Searching for files in /opt/airflow/dags
[2026-09-15T17:19:26.283+0000] {manager.py:824} INFO - There are 1 files in /opt/airflow/dags
[2026-09-15T17:19:31.331+0000] {manager.py:821} INFO - Searching for files in /opt/airflow/dags
[2026-09-15T17:19:31.356+0000] {manager.py:824} INFO - There are 1 files in /opt/airflow/dags
[2026-09-15T17:19:36.397+0000] {manager.py:821} INFO - Searching for files in /opt/airflow/dags
[2026-09-15T17:19:36.412+0000] {manager.py:824} INFO - There are 1 files in /opt/airflow/dags
[2026-09-15T17:19:41.464+0000] {manager.py:821} INFO - Searching for files in /opt/airflow/dags
[2026-09-15T17:19:41.487+0000] {manager.py:824} INFO - There are 1 files in /opt/airflow/dags
[2026-09-15T17:19:41.502+0000] {manager.py:997} INFO - 
================================================================================
DAG File Processing Stats

File Path                            PID  Runtime      # DAGs    # Errors  Last Runtime    Last Run               Last # of DB Queries
---------------------------------  -----  ---------  --------  ----------  --------------  -------------------  ----------------------
/opt/airflow/dags/waseet_daily.py    334  0.00s             1           0  0.11s           2026-09-15T17:19:11                      12
================================================================================
[2026-09-15T17:19:46.539+0000] {manager.py:821} INFO - Searching for files in /opt/airflow/dags
[2026-09-15T17:19:46.574+0000] {manager.py:824} INFO - There are 1 files in /opt/airflow/dags
[2026-09-15T17:19:51.616+0000] {manager.py:821} INFO - Searching for files in /opt/airflow/dags
[2026-09-15T17:19:51.629+0000] {manager.py:824} INFO - There are 1 files in /opt/airflow/dags
[2026-09-15T17:19:56.682+0000] {manager.py:821} INFO - Searching for files in /opt/airflow/dags
[2026-09-15T17:19:56.699+0000] {manager.py:824} INFO - There are 1 files in /opt/airflow/dags
[2026-09-15T17:20:01.731+0000] {manager.py:821} INFO - Searching for files in /opt/airflow/dags
[2026-09-15T17:20:01.761+0000] {manager.py:824} INFO - There are 1 files in /opt/airflow/dags
[2026-09-15T17:20:06.803+0000] {manager.py:821} INFO - Searching for files in /opt/airflow/dags
[2026-09-15T17:20:06.822+0000] {manager.py:824} INFO - There are 1 files in /opt/airflow/dags
[2026-09-15T17:20:11.863+0000] {manager.py:821} INFO - Searching for files in /opt/airflow/dags
[2026-09-15T17:20:11.885+0000] {manager.py:824} INFO - There are 1 files in /opt/airflow/dags
[2026-09-15T17:20:11.901+0000] {manager.py:997} INFO - 
================================================================================
DAG File Processing Stats

File Path                            PID  Runtime      # DAGs    # Errors  Last Runtime    Last Run               Last # of DB Queries
---------------------------------  -----  ---------  --------  ----------  --------------  -------------------  ----------------------
/opt/airflow/dags/waseet_daily.py    339  0.00s             1           0  0.11s           2026-09-15T17:19:41                      12
================================================================================
[2026-09-15T17:20:16.951+0000] {manager.py:821} INFO - Searching for files in /opt/airflow/dags
[2026-09-15T17:20:16.980+0000] {manager.py:824} INFO - There are 1 files in /opt/airflow/dags
[2026-09-15T17:20:22.017+0000] {manager.py:821} INFO - Searching for files in /opt/airflow/dags
[2026-09-15T17:20:22.051+0000] {manager.py:824} INFO - There are 1 files in /opt/airflow/dags
[2026-09-15T17:20:27.092+0000] {manager.py:821} INFO - Searching for files in /opt/airflow/dags
[2026-09-15T17:20:27.122+0000] {manager.py:824} INFO - There are 1 files in /opt/airflow/dags
[2026-09-15T17:20:32.165+0000] {manager.py:821} INFO - Searching for files in /opt/airflow/dags
[2026-09-15T17:20:32.183+0000] {manager.py:824} INFO - There are 1 files in /opt/airflow/dags
[2026-09-15T17:20:37.214+0000] {manager.py:821} INFO - Searching for files in /opt/airflow/dags
[2026-09-15T17:20:37.250+0000] {manager.py:824} INFO - There are 1 files in /opt/airflow/dags
[2026-09-15T17:20:42.285+0000] {manager.py:821} INFO - Searching for files in /opt/airflow/dags
[2026-09-15T17:20:42.300+0000] {manager.py:824} INFO - There are 1 files in /opt/airflow/dags
[2026-09-15T17:20:42.315+0000] {manager.py:997} INFO - 
================================================================================
DAG File Processing Stats

File Path                            PID  Runtime      # DAGs    # Errors  Last Runtime    Last Run               Last # of DB Queries
---------------------------------  -----  ---------  --------  ----------  --------------  -------------------  ----------------------
/opt/airflow/dags/waseet_daily.py    344  0.00s             1           0  0.12s           2026-09-15T17:20:12                      12
================================================================================
[2026-09-15T17:20:47.352+0000] {manager.py:821} INFO - Searching for files in /opt/airflow/dags
[2026-09-15T17:20:47.366+0000] {manager.py:824} INFO - There are 1 files in /opt/airflow/dags
[2026-09-15T17:20:52.412+0000] {manager.py:821} INFO - Searching for files in /opt/airflow/dags
[2026-09-15T17:20:52.440+0000] {manager.py:824} INFO - There are 1 files in /opt/airflow/dags
[2026-09-15T17:20:57.471+0000] {manager.py:821} INFO - Searching for files in /opt/airflow/dags
[2026-09-15T17:20:57.491+0000] {manager.py:824} INFO - There are 1 files in /opt/airflow/dags
[2026-09-15T17:21:02.529+0000] {manager.py:821} INFO - Searching for files in /opt/airflow/dags
[2026-09-15T17:21:02.572+0000] {manager.py:824} INFO - There are 1 files in /opt/airflow/dags
[2026-09-15T17:21:07.614+0000] {manager.py:821} INFO - Searching for files in /opt/airflow/dags
[2026-09-15T17:21:07.633+0000] {manager.py:824} INFO - There are 1 files in /opt/airflow/dags
[2026-09-15T17:21:12.675+0000] {manager.py:821} INFO - Searching for files in /opt/airflow/dags
[2026-09-15T17:21:12.707+0000] {manager.py:824} INFO - There are 1 files in /opt/airflow/dags
[2026-09-15T17:21:12.723+0000] {manager.py:997} INFO - 
================================================================================
DAG File Processing Stats

File Path                            PID  Runtime      # DAGs    # Errors  Last Runtime    Last Run               Last # of DB Queries
---------------------------------  -----  ---------  --------  ----------  --------------  -------------------  ----------------------
/opt/airflow/dags/waseet_daily.py    349  0.00s             1           0  0.10s           2026-09-15T17:20:42                      12
================================================================================
[2026-09-15T17:21:17.761+0000] {manager.py:821} INFO - Searching for files in /opt/airflow/dags
[2026-09-15T17:21:17.801+0000] {manager.py:824} INFO - There are 1 files in /opt/airflow/dags
[2026-09-15T17:21:22.850+0000] {manager.py:821} INFO - Searching for files in /opt/airflow/dags
[2026-09-15T17:21:22.879+0000] {manager.py:824} INFO - There are 1 files in /opt/airflow/dags
[2026-09-15T17:21:27.919+0000] {manager.py:821} INFO - Searching for files in /opt/airflow/dags
[2026-09-15T17:21:27.942+0000] {manager.py:824} INFO - There are 1 files in /opt/airflow/dags
[2026-09-15T17:21:33.007+0000] {manager.py:821} INFO - Searching for files in /opt/airflow/dags
[2026-09-15T17:21:33.050+0000] {manager.py:824} INFO - There are 1 files in /opt/airflow/dags
[2026-09-15T17:21:38.097+0000] {manager.py:821} INFO - Searching for files in /opt/airflow/dags
[2026-09-15T17:21:38.126+0000] {manager.py:824} INFO - There are 1 files in /opt/airflow/dags
[2026-09-15T17:21:43.161+0000] {manager.py:821} INFO - Searching for files in /opt/airflow/dags
[2026-09-15T17:21:43.186+0000] {manager.py:824} INFO - There are 1 files in /opt/airflow/dags
[2026-09-15T17:21:43.204+0000] {manager.py:997} INFO - 
================================================================================
DAG File Processing Stats

File Path                            PID  Runtime      # DAGs    # Errors  Last Runtime    Last Run               Last # of DB Queries
---------------------------------  -----  ---------  --------  ----------  --------------  -------------------  ----------------------
/opt/airflow/dags/waseet_daily.py    354  0.00s             1           0  0.10s           2026-09-15T17:21:12                      12
================================================================================
[2026-09-15T17:21:48.250+0000] {manager.py:821} INFO - Searching for files in /opt/airflow/dags
[2026-09-15T17:21:48.264+0000] {manager.py:824} INFO - There are 1 files in /opt/airflow/dags
[2026-09-15T17:21:53.301+0000] {manager.py:821} INFO - Searching for files in /opt/airflow/dags
[2026-09-15T17:21:53.320+0000] {manager.py:824} INFO - There are 1 files in /opt/airflow/dags
[2026-09-15T17:21:58.360+0000] {manager.py:821} INFO - Searching for files in /opt/airflow/dags
[2026-09-15T17:21:58.371+0000] {manager.py:824} INFO - There are 1 files in /opt/airflow/dags
[2026-09-15T17:22:03.411+0000] {manager.py:821} INFO - Searching for files in /opt/airflow/dags
[2026-09-15T17:22:03.437+0000] {manager.py:824} INFO - There are 1 files in /opt/airflow/dags
[2026-09-15T17:22:08.476+0000] {manager.py:821} INFO - Searching for files in /opt/airflow/dags
[2026-09-15T17:22:08.495+0000] {manager.py:824} INFO - There are 1 files in /opt/airflow/dags
[2026-09-15T17:22:13.548+0000] {manager.py:821} INFO - Searching for files in /opt/airflow/dags
[2026-09-15T17:22:13.576+0000] {manager.py:824} INFO - There are 1 files in /opt/airflow/dags
[2026-09-15T17:22:13.594+0000] {manager.py:997} INFO - 
================================================================================
DAG File Processing Stats

File Path                            PID  Runtime      # DAGs    # Errors  Last Runtime    Last Run               Last # of DB Queries
---------------------------------  -----  ---------  --------  ----------  --------------  -------------------  ----------------------
/opt/airflow/dags/waseet_daily.py    359  0.00s             1           0  0.11s           2026-09-15T17:21:43                      12
================================================================================
[2026-09-15T17:22:18.635+0000] {manager.py:821} INFO - Searching for files in /opt/airflow/dags
[2026-09-15T17:22:18.668+0000] {manager.py:824} INFO - There are 1 files in /opt/airflow/dags
[2026-09-15T17:22:23.704+0000] {manager.py:821} INFO - Searching for files in /opt/airflow/dags
[2026-09-15T17:22:23.721+0000] {manager.py:824} INFO - There are 1 files in /opt/airflow/dags
[2026-09-15T17:22:28.755+0000] {manager.py:821} INFO - Searching for files in /opt/airflow/dags
[2026-09-15T17:22:28.773+0000] {manager.py:824} INFO - There are 1 files in /opt/airflow/dags
[2026-09-15T17:22:33.807+0000] {manager.py:821} INFO - Searching for files in /opt/airflow/dags
[2026-09-15T17:22:33.833+0000] {manager.py:824} INFO - There are 1 files in /opt/airflow/dags
[2026-09-15T17:22:38.869+0000] {manager.py:821} INFO - Searching for files in /opt/airflow/dags
[2026-09-15T17:22:38.887+0000] {manager.py:824} INFO - There are 1 files in /opt/airflow/dags
[2026-09-15T17:22:43.936+0000] {manager.py:821} INFO - Searching for files in /opt/airflow/dags
[2026-09-15T17:22:43.990+0000] {manager.py:824} INFO - There are 1 files in /opt/airflow/dags
[2026-09-15T17:22:44.013+0000] {manager.py:997} INFO - 
================================================================================
DAG File Processing Stats

File Path                            PID  Runtime      # DAGs    # Errors  Last Runtime    Last Run               Last # of DB Queries
---------------------------------  -----  ---------  --------  ----------  --------------  -------------------  ----------------------
/opt/airflow/dags/waseet_daily.py    364  0.00s             1           0  0.11s           2026-09-15T17:22:13                      12
================================================================================
[2026-09-15T17:22:49.063+0000] {manager.py:821} INFO - Searching for files in /opt/airflow/dags
[2026-09-15T17:22:49.077+0000] {manager.py:824} INFO - There are 1 files in /opt/airflow/dags
[2026-09-15T17:22:54.132+0000] {manager.py:821} INFO - Searching for files in /opt/airflow/dags
[2026-09-15T17:22:54.168+0000] {manager.py:824} INFO - There are 1 files in /opt/airflow/dags
[2026-09-15T17:22:59.230+0000] {manager.py:821} INFO - Searching for files in /opt/airflow/dags
[2026-09-15T17:22:59.256+0000] {manager.py:824} INFO - There are 1 files in /opt/airflow/dags
[2026-09-15T17:23:04.298+0000] {manager.py:821} INFO - Searching for files in /opt/airflow/dags
[2026-09-15T17:23:04.319+0000] {manager.py:824} INFO - There are 1 files in /opt/airflow/dags
[2026-09-15T17:23:09.378+0000] {manager.py:821} INFO - Searching for files in /opt/airflow/dags
[2026-09-15T17:23:09.395+0000] {manager.py:824} INFO - There are 1 files in /opt/airflow/dags
[2026-09-15T17:23:14.460+0000] {manager.py:821} INFO - Searching for files in /opt/airflow/dags
[2026-09-15T17:23:14.479+0000] {manager.py:824} INFO - There are 1 files in /opt/airflow/dags
[2026-09-15T17:23:14.496+0000] {manager.py:997} INFO - 
================================================================================
DAG File Processing Stats

File Path                            PID  Runtime      # DAGs    # Errors  Last Runtime    Last Run               Last # of DB Queries
---------------------------------  -----  ---------  --------  ----------  --------------  -------------------  ----------------------
/opt/airflow/dags/waseet_daily.py    369  0.00s             1           0  0.11s           2026-09-15T17:22:44                      12
================================================================================
[2026-09-15T17:23:19.536+0000] {manager.py:821} INFO - Searching for files in /opt/airflow/dags
[2026-09-15T17:23:19.572+0000] {manager.py:824} INFO - There are 1 files in /opt/airflow/dags
[2026-09-15T17:23:24.624+0000] {manager.py:821} INFO - Searching for files in /opt/airflow/dags
[2026-09-15T17:23:24.658+0000] {manager.py:824} INFO - There are 1 files in /opt/airflow/dags
[2026-09-15T17:23:29.697+0000] {manager.py:821} INFO - Searching for files in /opt/airflow/dags
[2026-09-15T17:23:29.713+0000] {manager.py:824} INFO - There are 1 files in /opt/airflow/dags
[2026-09-15T17:23:34.745+0000] {manager.py:821} INFO - Searching for files in /opt/airflow/dags
[2026-09-15T17:23:34.781+0000] {manager.py:824} INFO - There are 1 files in /opt/airflow/dags
[2026-09-15T17:23:39.817+0000] {manager.py:821} INFO - Searching for files in /opt/airflow/dags
[2026-09-15T17:23:39.847+0000] {manager.py:824} INFO - There are 1 files in /opt/airflow/dags
[2026-09-15T17:23:44.881+0000] {manager.py:821} INFO - Searching for files in /opt/airflow/dags
[2026-09-15T17:23:44.901+0000] {manager.py:824} INFO - There are 1 files in /opt/airflow/dags
[2026-09-15T17:23:44.919+0000] {manager.py:997} INFO - 
================================================================================
DAG File Processing Stats

File Path                            PID  Runtime      # DAGs    # Errors  Last Runtime    Last Run               Last # of DB Queries
---------------------------------  -----  ---------  --------  ----------  --------------  -------------------  ----------------------
/opt/airflow/dags/waseet_daily.py    374  0.00s             1           0  0.11s           2026-09-15T17:23:14                      12
================================================================================
[2026-09-15T17:23:49.959+0000] {manager.py:821} INFO - Searching for files in /opt/airflow/dags
[2026-09-15T17:23:50.003+0000] {manager.py:824} INFO - There are 1 files in /opt/airflow/dags
[2026-09-15T17:23:55.044+0000] {manager.py:821} INFO - Searching for files in /opt/airflow/dags
[2026-09-15T17:23:55.068+0000] {manager.py:824} INFO - There are 1 files in /opt/airflow/dags
[2026-09-15T17:24:00.100+0000] {manager.py:821} INFO - Searching for files in /opt/airflow/dags
[2026-09-15T17:24:00.142+0000] {manager.py:824} INFO - There are 1 files in /opt/airflow/dags
[2026-09-15T17:24:05.191+0000] {manager.py:821} INFO - Searching for files in /opt/airflow/dags
[2026-09-15T17:24:05.228+0000] {manager.py:824} INFO - There are 1 files in /opt/airflow/dags
[2026-09-15T17:24:10.307+0000] {manager.py:821} INFO - Searching for files in /opt/airflow/dags
[2026-09-15T17:24:10.326+0000] {manager.py:824} INFO - There are 1 files in /opt/airflow/dags
[2026-09-15T17:24:15.368+0000] {manager.py:821} INFO - Searching for files in /opt/airflow/dags
[2026-09-15T17:24:15.411+0000] {manager.py:824} INFO - There are 1 files in /opt/airflow/dags
[2026-09-15T17:24:15.431+0000] {manager.py:997} INFO - 
================================================================================
DAG File Processing Stats

File Path                            PID  Runtime      # DAGs    # Errors  Last Runtime    Last Run               Last # of DB Queries
---------------------------------  -----  ---------  --------  ----------  --------------  -------------------  ----------------------
/opt/airflow/dags/waseet_daily.py    379  0.00s             1           0  0.10s           2026-09-15T17:23:45                      12
================================================================================
[2026-09-15T17:24:20.474+0000] {manager.py:821} INFO - Searching for files in /opt/airflow/dags
[2026-09-15T17:24:20.496+0000] {manager.py:824} INFO - There are 1 files in /opt/airflow/dags
[2026-09-15T17:24:25.550+0000] {manager.py:821} INFO - Searching for files in /opt/airflow/dags
[2026-09-15T17:24:25.600+0000] {manager.py:824} INFO - There are 1 files in /opt/airflow/dags
[2026-09-15T17:24:30.650+0000] {manager.py:821} INFO - Searching for files in /opt/airflow/dags
[2026-09-15T17:24:30.678+0000] {manager.py:824} INFO - There are 1 files in /opt/airflow/dags
[2026-09-15T17:24:35.721+0000] {manager.py:821} INFO - Searching for files in /opt/airflow/dags
[2026-09-15T17:24:35.756+0000] {manager.py:824} INFO - There are 1 files in /opt/airflow/dags
[2026-09-15T17:24:40.803+0000] {manager.py:821} INFO - Searching for files in /opt/airflow/dags
[2026-09-15T17:24:40.850+0000] {manager.py:824} INFO - There are 1 files in /opt/airflow/dags
[2026-09-15T17:24:45.889+0000] {manager.py:821} INFO - Searching for files in /opt/airflow/dags
[2026-09-15T17:24:45.914+0000] {manager.py:824} INFO - There are 1 files in /opt/airflow/dags
[2026-09-15T17:24:45.930+0000] {manager.py:997} INFO - 
================================================================================
DAG File Processing Stats

File Path                            PID  Runtime      # DAGs    # Errors  Last Runtime    Last Run               Last # of DB Queries
---------------------------------  -----  ---------  --------  ----------  --------------  -------------------  ----------------------
/opt/airflow/dags/waseet_daily.py    384  0.00s             1           0  0.12s           2026-09-15T17:24:15                      12
================================================================================
[2026-09-15T17:24:50.973+0000] {manager.py:821} INFO - Searching for files in /opt/airflow/dags
[2026-09-15T17:24:50.988+0000] {manager.py:824} INFO - There are 1 files in /opt/airflow/dags
[2026-09-15T17:24:56.029+0000] {manager.py:821} INFO - Searching for files in /opt/airflow/dags
[2026-09-15T17:24:56.046+0000] {manager.py:824} INFO - There are 1 files in /opt/airflow/dags
[2026-09-15T17:25:01.085+0000] {manager.py:821} INFO - Searching for files in /opt/airflow/dags
[2026-09-15T17:25:01.110+0000] {manager.py:824} INFO - There are 1 files in /opt/airflow/dags
[2026-09-15T17:58:41.729+0000] {manager.py:483} INFO - Processing files using up to 2 processes at a time 
[2026-09-15T17:58:41.730+0000] {manager.py:484} INFO - Process each file at most once every 30 seconds
[2026-09-15T17:58:41.732+0000] {manager.py:485} INFO - Checking for new files in /opt/airflow/dags every 5 seconds
[2026-09-15T17:58:41.733+0000] {manager.py:821} INFO - Searching for files in /opt/airflow/dags
[2026-09-15T17:58:41.750+0000] {manager.py:824} INFO - There are 1 files in /opt/airflow/dags
[2026-09-15T17:58:41.809+0000] {manager.py:997} INFO - 
================================================================================
DAG File Processing Stats

File Path                            PID  Runtime      # DAGs    # Errors  Last Runtime    Last Run      Last # of DB Queries
---------------------------------  -----  ---------  --------  ----------  --------------  ----------  ----------------------
/opt/airflow/dags/waseet_daily.py    257  0.02s             0           0                                                   0
================================================================================
[2026-09-15T17:58:46.838+0000] {manager.py:821} INFO - Searching for files in /opt/airflow/dags
[2026-09-15T17:58:46.855+0000] {manager.py:824} INFO - There are 1 files in /opt/airflow/dags
[2026-09-15T17:58:51.891+0000] {manager.py:821} INFO - Searching for files in /opt/airflow/dags
[2026-09-15T17:58:51.914+0000] {manager.py:824} INFO - There are 1 files in /opt/airflow/dags
[2026-09-15T17:58:56.959+0000] {manager.py:821} INFO - Searching for files in /opt/airflow/dags
[2026-09-15T17:58:56.999+0000] {manager.py:824} INFO - There are 1 files in /opt/airflow/dags
[2026-09-15T17:59:02.035+0000] {manager.py:821} INFO - Searching for files in /opt/airflow/dags
[2026-09-15T17:59:02.062+0000] {manager.py:824} INFO - There are 1 files in /opt/airflow/dags
[2026-09-15T17:59:07.097+0000] {manager.py:821} INFO - Searching for files in /opt/airflow/dags
[2026-09-15T17:59:07.121+0000] {manager.py:824} INFO - There are 1 files in /opt/airflow/dags
[2026-09-15T17:59:12.155+0000] {manager.py:821} INFO - Searching for files in /opt/airflow/dags
[2026-09-15T17:59:12.179+0000] {manager.py:824} INFO - There are 1 files in /opt/airflow/dags
[2026-09-15T17:59:12.199+0000] {manager.py:997} INFO - 
================================================================================
DAG File Processing Stats

File Path                            PID  Runtime      # DAGs    # Errors  Last Runtime    Last Run               Last # of DB Queries
---------------------------------  -----  ---------  --------  ----------  --------------  -------------------  ----------------------
/opt/airflow/dags/waseet_daily.py    294  0.00s             1           0  0.11s           2026-09-15T17:58:41                      12
================================================================================
[2026-09-15T17:59:17.238+0000] {manager.py:821} INFO - Searching for files in /opt/airflow/dags
[2026-09-15T17:59:17.268+0000] {manager.py:824} INFO - There are 1 files in /opt/airflow/dags
[2026-09-15T17:59:22.308+0000] {manager.py:821} INFO - Searching for files in /opt/airflow/dags
[2026-09-15T17:59:22.340+0000] {manager.py:824} INFO - There are 1 files in /opt/airflow/dags
[2026-09-15T17:59:27.385+0000] {manager.py:821} INFO - Searching for files in /opt/airflow/dags
[2026-09-15T17:59:27.418+0000] {manager.py:824} INFO - There are 1 files in /opt/airflow/dags
[2026-09-15T17:59:32.459+0000] {manager.py:821} INFO - Searching for files in /opt/airflow/dags
[2026-09-15T17:59:32.475+0000] {manager.py:824} INFO - There are 1 files in /opt/airflow/dags
[2026-09-15T17:59:37.513+0000] {manager.py:821} INFO - Searching for files in /opt/airflow/dags
[2026-09-15T17:59:37.534+0000] {manager.py:824} INFO - There are 1 files in /opt/airflow/dags
[2026-09-15T17:59:42.576+0000] {manager.py:821} INFO - Searching for files in /opt/airflow/dags
[2026-09-15T17:59:42.600+0000] {manager.py:824} INFO - There are 1 files in /opt/airflow/dags
[2026-09-15T17:59:42.624+0000] {manager.py:997} INFO - 
================================================================================
DAG File Processing Stats

File Path                            PID  Runtime      # DAGs    # Errors  Last Runtime    Last Run               Last # of DB Queries
---------------------------------  -----  ---------  --------  ----------  --------------  -------------------  ----------------------
/opt/airflow/dags/waseet_daily.py    300  0.00s             1           0  0.12s           2026-09-15T17:59:12                      12
================================================================================
[2026-09-15T17:59:47.666+0000] {manager.py:821} INFO - Searching for files in /opt/airflow/dags
[2026-09-15T17:59:47.682+0000] {manager.py:824} INFO - There are 1 files in /opt/airflow/dags
[2026-09-15T17:59:52.722+0000] {manager.py:821} INFO - Searching for files in /opt/airflow/dags
[2026-09-15T17:59:52.741+0000] {manager.py:824} INFO - There are 1 files in /opt/airflow/dags
[2026-09-15T17:59:57.787+0000] {manager.py:821} INFO - Searching for files in /opt/airflow/dags
[2026-09-15T17:59:57.810+0000] {manager.py:824} INFO - There are 1 files in /opt/airflow/dags
[2026-09-15T18:00:02.845+0000] {manager.py:821} INFO - Searching for files in /opt/airflow/dags
[2026-09-15T18:00:02.874+0000] {manager.py:824} INFO - There are 1 files in /opt/airflow/dags
[2026-09-15T18:00:07.911+0000] {manager.py:821} INFO - Searching for files in /opt/airflow/dags
[2026-09-15T18:00:07.946+0000] {manager.py:824} INFO - There are 1 files in /opt/airflow/dags
[2026-09-15T18:00:12.986+0000] {manager.py:821} INFO - Searching for files in /opt/airflow/dags
[2026-09-15T18:00:13.013+0000] {manager.py:824} INFO - There are 1 files in /opt/airflow/dags
[2026-09-15T18:00:13.035+0000] {manager.py:997} INFO - 
================================================================================
DAG File Processing Stats

File Path                            PID  Runtime      # DAGs    # Errors  Last Runtime    Last Run               Last # of DB Queries
---------------------------------  -----  ---------  --------  ----------  --------------  -------------------  ----------------------
/opt/airflow/dags/waseet_daily.py    305  0.00s             1           0  0.15s           2026-09-15T17:59:42                      12
================================================================================
[2026-09-15T18:00:18.071+0000] {manager.py:821} INFO - Searching for files in /opt/airflow/dags
[2026-09-15T18:00:18.099+0000] {manager.py:824} INFO - There are 1 files in /opt/airflow/dags
[2026-09-15T18:00:23.134+0000] {manager.py:821} INFO - Searching for files in /opt/airflow/dags
[2026-09-15T18:00:23.173+0000] {manager.py:824} INFO - There are 1 files in /opt/airflow/dags
[2026-09-15T18:00:28.207+0000] {manager.py:821} INFO - Searching for files in /opt/airflow/dags
[2026-09-15T18:00:28.231+0000] {manager.py:824} INFO - There are 1 files in /opt/airflow/dags
[2026-09-15T18:00:33.271+0000] {manager.py:821} INFO - Searching for files in /opt/airflow/dags
[2026-09-15T18:00:33.291+0000] {manager.py:824} INFO - There are 1 files in /opt/airflow/dags
[2026-09-15T18:00:38.324+0000] {manager.py:821} INFO - Searching for files in /opt/airflow/dags
[2026-09-15T18:00:38.340+0000] {manager.py:824} INFO - There are 1 files in /opt/airflow/dags
[2026-09-15T18:00:43.379+0000] {manager.py:821} INFO - Searching for files in /opt/airflow/dags
[2026-09-15T18:00:43.394+0000] {manager.py:824} INFO - There are 1 files in /opt/airflow/dags
[2026-09-15T18:00:43.410+0000] {manager.py:997} INFO - 
================================================================================
DAG File Processing Stats

File Path                            PID  Runtime      # DAGs    # Errors  Last Runtime    Last Run               Last # of DB Queries
---------------------------------  -----  ---------  --------  ----------  --------------  -------------------  ----------------------
/opt/airflow/dags/waseet_daily.py    310  0.00s             1           0  0.13s           2026-09-15T18:00:13                      12
================================================================================
[2026-09-15T18:00:48.449+0000] {manager.py:821} INFO - Searching for files in /opt/airflow/dags
[2026-09-15T18:00:48.467+0000] {manager.py:824} INFO - There are 1 files in /opt/airflow/dags
[2026-09-15T18:00:53.501+0000] {manager.py:821} INFO - Searching for files in /opt/airflow/dags
[2026-09-15T18:00:53.520+0000] {manager.py:824} INFO - There are 1 files in /opt/airflow/dags
[2026-09-15T18:00:58.556+0000] {manager.py:821} INFO - Searching for files in /opt/airflow/dags
[2026-09-15T18:00:58.600+0000] {manager.py:824} INFO - There are 1 files in /opt/airflow/dags
[2026-09-15T18:01:03.642+0000] {manager.py:821} INFO - Searching for files in /opt/airflow/dags
[2026-09-15T18:01:03.657+0000] {manager.py:824} INFO - There are 1 files in /opt/airflow/dags
[2026-09-15T18:01:08.692+0000] {manager.py:821} INFO - Searching for files in /opt/airflow/dags
[2026-09-15T18:01:08.728+0000] {manager.py:824} INFO - There are 1 files in /opt/airflow/dags
[2026-09-15T18:01:13.766+0000] {manager.py:821} INFO - Searching for files in /opt/airflow/dags
[2026-09-15T18:01:13.787+0000] {manager.py:824} INFO - There are 1 files in /opt/airflow/dags
[2026-09-15T18:01:13.804+0000] {manager.py:997} INFO - 
================================================================================
DAG File Processing Stats

File Path                            PID  Runtime      # DAGs    # Errors  Last Runtime    Last Run               Last # of DB Queries
---------------------------------  -----  ---------  --------  ----------  --------------  -------------------  ----------------------
/opt/airflow/dags/waseet_daily.py    315  0.00s             1           0  0.12s           2026-09-15T18:00:43                      12
================================================================================
[2026-09-15T18:01:18.837+0000] {manager.py:821} INFO - Searching for files in /opt/airflow/dags
[2026-09-15T18:01:18.859+0000] {manager.py:824} INFO - There are 1 files in /opt/airflow/dags
[2026-09-15T18:01:23.895+0000] {manager.py:821} INFO - Searching for files in /opt/airflow/dags
[2026-09-15T18:01:23.921+0000] {manager.py:824} INFO - There are 1 files in /opt/airflow/dags
[2026-09-15T18:01:28.960+0000] {manager.py:821} INFO - Searching for files in /opt/airflow/dags
[2026-09-15T18:01:28.998+0000] {manager.py:824} INFO - There are 1 files in /opt/airflow/dags
[2026-09-15T18:01:34.034+0000] {manager.py:821} INFO - Searching for files in /opt/airflow/dags
[2026-09-15T18:01:34.053+0000] {manager.py:824} INFO - There are 1 files in /opt/airflow/dags
[2026-09-15T18:01:39.084+0000] {manager.py:821} INFO - Searching for files in /opt/airflow/dags
[2026-09-15T18:01:39.109+0000] {manager.py:824} INFO - There are 1 files in /opt/airflow/dags
[2026-09-15T18:01:44.145+0000] {manager.py:821} INFO - Searching for files in /opt/airflow/dags
[2026-09-15T18:01:44.172+0000] {manager.py:824} INFO - There are 1 files in /opt/airflow/dags
[2026-09-15T18:01:44.190+0000] {manager.py:997} INFO - 
================================================================================
DAG File Processing Stats

File Path                            PID  Runtime      # DAGs    # Errors  Last Runtime    Last Run               Last # of DB Queries
---------------------------------  -----  ---------  --------  ----------  --------------  -------------------  ----------------------
/opt/airflow/dags/waseet_daily.py    320  0.00s             1           0  0.11s           2026-09-15T18:01:13                      12
================================================================================
[2026-09-15T18:01:49.224+0000] {manager.py:821} INFO - Searching for files in /opt/airflow/dags
[2026-09-15T18:01:49.241+0000] {manager.py:824} INFO - There are 1 files in /opt/airflow/dags
[2026-09-15T18:01:54.284+0000] {manager.py:821} INFO - Searching for files in /opt/airflow/dags
[2026-09-15T18:01:54.303+0000] {manager.py:824} INFO - There are 1 files in /opt/airflow/dags
[2026-09-15T18:01:59.350+0000] {manager.py:821} INFO - Searching for files in /opt/airflow/dags
[2026-09-15T18:01:59.388+0000] {manager.py:824} INFO - There are 1 files in /opt/airflow/dags
[2026-09-15T18:02:04.427+0000] {manager.py:821} INFO - Searching for files in /opt/airflow/dags
[2026-09-15T18:02:04.458+0000] {manager.py:824} INFO - There are 1 files in /opt/airflow/dags
[2026-09-15T18:02:09.497+0000] {manager.py:821} INFO - Searching for files in /opt/airflow/dags
[2026-09-15T18:02:09.526+0000] {manager.py:824} INFO - There are 1 files in /opt/airflow/dags
[2026-09-15T18:02:14.562+0000] {manager.py:821} INFO - Searching for files in /opt/airflow/dags
[2026-09-15T18:02:14.584+0000] {manager.py:824} INFO - There are 1 files in /opt/airflow/dags
[2026-09-15T18:02:14.607+0000] {manager.py:997} INFO - 
================================================================================
DAG File Processing Stats

File Path                            PID  Runtime      # DAGs    # Errors  Last Runtime    Last Run               Last # of DB Queries
---------------------------------  -----  ---------  --------  ----------  --------------  -------------------  ----------------------
/opt/airflow/dags/waseet_daily.py    325  0.00s             1           0  0.10s           2026-09-15T18:01:44                      12
================================================================================
[2026-09-15T18:02:19.645+0000] {manager.py:821} INFO - Searching for files in /opt/airflow/dags
[2026-09-15T18:02:19.665+0000] {manager.py:824} INFO - There are 1 files in /opt/airflow/dags
[2026-09-15T18:02:24.699+0000] {manager.py:821} INFO - Searching for files in /opt/airflow/dags
[2026-09-15T18:02:24.721+0000] {manager.py:824} INFO - There are 1 files in /opt/airflow/dags
[2026-09-15T18:02:29.766+0000] {manager.py:821} INFO - Searching for files in /opt/airflow/dags
[2026-09-15T18:02:29.792+0000] {manager.py:824} INFO - There are 1 files in /opt/airflow/dags
[2026-09-15T18:02:34.828+0000] {manager.py:821} INFO - Searching for files in /opt/airflow/dags
[2026-09-15T18:02:34.863+0000] {manager.py:824} INFO - There are 1 files in /opt/airflow/dags
[2026-09-15T18:02:39.904+0000] {manager.py:821} INFO - Searching for files in /opt/airflow/dags
[2026-09-15T18:02:39.928+0000] {manager.py:824} INFO - There are 1 files in /opt/airflow/dags
[2026-09-15T18:02:44.966+0000] {manager.py:821} INFO - Searching for files in /opt/airflow/dags
[2026-09-15T18:02:44.981+0000] {manager.py:824} INFO - There are 1 files in /opt/airflow/dags
[2026-09-15T18:02:44.998+0000] {manager.py:997} INFO - 
================================================================================
DAG File Processing Stats

File Path                            PID  Runtime      # DAGs    # Errors  Last Runtime    Last Run               Last # of DB Queries
---------------------------------  -----  ---------  --------  ----------  --------------  -------------------  ----------------------
/opt/airflow/dags/waseet_daily.py    330  0.00s             1           0  0.13s           2026-09-15T18:02:14                      12
================================================================================
[2026-09-15T18:02:50.031+0000] {manager.py:821} INFO - Searching for files in /opt/airflow/dags
[2026-09-15T18:02:50.051+0000] {manager.py:824} INFO - There are 1 files in /opt/airflow/dags
[2026-09-15T18:02:55.083+0000] {manager.py:821} INFO - Searching for files in /opt/airflow/dags
[2026-09-15T18:02:55.103+0000] {manager.py:824} INFO - There are 1 files in /opt/airflow/dags
[2026-09-15T18:03:00.141+0000] {manager.py:821} INFO - Searching for files in /opt/airflow/dags
[2026-09-15T18:03:00.176+0000] {manager.py:824} INFO - There are 1 files in /opt/airflow/dags
[2026-09-15T18:03:05.211+0000] {manager.py:821} INFO - Searching for files in /opt/airflow/dags
[2026-09-15T18:03:05.250+0000] {manager.py:824} INFO - There are 1 files in /opt/airflow/dags
[2026-09-15T18:03:10.291+0000] {manager.py:821} INFO - Searching for files in /opt/airflow/dags
[2026-09-15T18:03:10.321+0000] {manager.py:824} INFO - There are 1 files in /opt/airflow/dags
[2026-09-15T18:03:15.363+0000] {manager.py:821} INFO - Searching for files in /opt/airflow/dags
[2026-09-15T18:03:15.402+0000] {manager.py:824} INFO - There are 1 files in /opt/airflow/dags
[2026-09-15T18:03:15.416+0000] {manager.py:997} INFO - 
================================================================================
DAG File Processing Stats

File Path                            PID  Runtime      # DAGs    # Errors  Last Runtime    Last Run               Last # of DB Queries
---------------------------------  -----  ---------  --------  ----------  --------------  -------------------  ----------------------
/opt/airflow/dags/waseet_daily.py    335  0.00s             1           0  0.11s           2026-09-15T18:02:45                      12
================================================================================
[2026-09-15T18:03:20.462+0000] {manager.py:821} INFO - Searching for files in /opt/airflow/dags
[2026-09-15T18:03:20.482+0000] {manager.py:824} INFO - There are 1 files in /opt/airflow/dags
[2026-09-15T18:03:25.519+0000] {manager.py:821} INFO - Searching for files in /opt/airflow/dags
[2026-09-15T18:03:25.534+0000] {manager.py:824} INFO - There are 1 files in /opt/airflow/dags
[2026-09-15T18:03:30.573+0000] {manager.py:821} INFO - Searching for files in /opt/airflow/dags
[2026-09-15T18:03:30.607+0000] {manager.py:824} INFO - There are 1 files in /opt/airflow/dags
[2026-09-15T18:03:35.650+0000] {manager.py:821} INFO - Searching for files in /opt/airflow/dags
[2026-09-15T18:03:35.686+0000] {manager.py:824} INFO - There are 1 files in /opt/airflow/dags
[2026-09-15T18:03:40.727+0000] {manager.py:821} INFO - Searching for files in /opt/airflow/dags
[2026-09-15T18:03:40.748+0000] {manager.py:824} INFO - There are 1 files in /opt/airflow/dags
[2026-09-15T18:03:45.797+0000] {manager.py:821} INFO - Searching for files in /opt/airflow/dags
[2026-09-15T18:03:45.824+0000] {manager.py:824} INFO - There are 1 files in /opt/airflow/dags
[2026-09-15T18:03:45.848+0000] {manager.py:997} INFO - 
================================================================================
DAG File Processing Stats

File Path                            PID  Runtime      # DAGs    # Errors  Last Runtime    Last Run               Last # of DB Queries
---------------------------------  -----  ---------  --------  ----------  --------------  -------------------  ----------------------
/opt/airflow/dags/waseet_daily.py    340  0.00s             1           0  0.11s           2026-09-15T18:03:15                      12
================================================================================
[2026-09-15T18:03:50.886+0000] {manager.py:821} INFO - Searching for files in /opt/airflow/dags
[2026-09-15T18:03:50.901+0000] {manager.py:824} INFO - There are 1 files in /opt/airflow/dags
[2026-09-15T18:03:55.939+0000] {manager.py:821} INFO - Searching for files in /opt/airflow/dags
[2026-09-15T18:03:55.973+0000] {manager.py:824} INFO - There are 1 files in /opt/airflow/dags
[2026-09-15T18:04:01.006+0000] {manager.py:821} INFO - Searching for files in /opt/airflow/dags
[2026-09-15T18:04:01.024+0000] {manager.py:824} INFO - There are 1 files in /opt/airflow/dags
[2026-09-15T18:04:06.058+0000] {manager.py:821} INFO - Searching for files in /opt/airflow/dags
[2026-09-15T18:04:06.083+0000] {manager.py:824} INFO - There are 1 files in /opt/airflow/dags
[2026-09-15T18:04:11.124+0000] {manager.py:821} INFO - Searching for files in /opt/airflow/dags
[2026-09-15T18:04:11.146+0000] {manager.py:824} INFO - There are 1 files in /opt/airflow/dags
[2026-09-15T18:04:16.188+0000] {manager.py:821} INFO - Searching for files in /opt/airflow/dags
[2026-09-15T18:04:16.209+0000] {manager.py:824} INFO - There are 1 files in /opt/airflow/dags
[2026-09-15T18:04:16.225+0000] {manager.py:997} INFO - 
================================================================================
DAG File Processing Stats

File Path                            PID  Runtime      # DAGs    # Errors  Last Runtime    Last Run               Last # of DB Queries
---------------------------------  -----  ---------  --------  ----------  --------------  -------------------  ----------------------
/opt/airflow/dags/waseet_daily.py    345  0.00s             1           0  0.12s           2026-09-15T18:03:45                      12
================================================================================
[2026-09-15T18:04:21.264+0000] {manager.py:821} INFO - Searching for files in /opt/airflow/dags
[2026-09-15T18:04:21.284+0000] {manager.py:824} INFO - There are 1 files in /opt/airflow/dags
[2026-09-15T18:04:26.325+0000] {manager.py:821} INFO - Searching for files in /opt/airflow/dags
[2026-09-15T18:04:26.338+0000] {manager.py:824} INFO - There are 1 files in /opt/airflow/dags
[2026-09-15T18:04:31.377+0000] {manager.py:821} INFO - Searching for files in /opt/airflow/dags
[2026-09-15T18:04:31.407+0000] {manager.py:824} INFO - There are 1 files in /opt/airflow/dags
[2026-09-15T18:04:36.443+0000] {manager.py:821} INFO - Searching for files in /opt/airflow/dags
[2026-09-15T18:04:36.470+0000] {manager.py:824} INFO - There are 1 files in /opt/airflow/dags
[2026-09-15T18:04:41.513+0000] {manager.py:821} INFO - Searching for files in /opt/airflow/dags
[2026-09-15T18:04:41.553+0000] {manager.py:824} INFO - There are 1 files in /opt/airflow/dags
[2026-09-15T18:04:46.597+0000] {manager.py:821} INFO - Searching for files in /opt/airflow/dags
[2026-09-15T18:04:46.621+0000] {manager.py:824} INFO - There are 1 files in /opt/airflow/dags
[2026-09-15T18:04:46.649+0000] {manager.py:997} INFO - 
================================================================================
DAG File Processing Stats

File Path                            PID  Runtime      # DAGs    # Errors  Last Runtime    Last Run               Last # of DB Queries
---------------------------------  -----  ---------  --------  ----------  --------------  -------------------  ----------------------
/opt/airflow/dags/waseet_daily.py    350  0.00s             1           0  0.13s           2026-09-15T18:04:16                      12
================================================================================
[2026-09-15T18:04:51.691+0000] {manager.py:821} INFO - Searching for files in /opt/airflow/dags
[2026-09-15T18:04:51.722+0000] {manager.py:824} INFO - There are 1 files in /opt/airflow/dags
[2026-09-15T18:04:56.758+0000] {manager.py:821} INFO - Searching for files in /opt/airflow/dags
[2026-09-15T18:04:56.778+0000] {manager.py:824} INFO - There are 1 files in /opt/airflow/dags
[2026-09-15T18:05:01.821+0000] {manager.py:821} INFO - Searching for files in /opt/airflow/dags
[2026-09-15T18:05:01.840+0000] {manager.py:824} INFO - There are 1 files in /opt/airflow/dags
[2026-09-15T18:05:06.877+0000] {manager.py:821} INFO - Searching for files in /opt/airflow/dags
[2026-09-15T18:05:06.902+0000] {manager.py:824} INFO - There are 1 files in /opt/airflow/dags
[2026-09-15T18:05:11.942+0000] {manager.py:821} INFO - Searching for files in /opt/airflow/dags
[2026-09-15T18:05:11.962+0000] {manager.py:824} INFO - There are 1 files in /opt/airflow/dags
[2026-09-15T18:05:16.996+0000] {manager.py:821} INFO - Searching for files in /opt/airflow/dags
[2026-09-15T18:05:17.015+0000] {manager.py:824} INFO - There are 1 files in /opt/airflow/dags
[2026-09-15T18:05:17.030+0000] {manager.py:997} INFO - 
================================================================================
DAG File Processing Stats

File Path                            PID  Runtime      # DAGs    # Errors  Last Runtime    Last Run               Last # of DB Queries
---------------------------------  -----  ---------  --------  ----------  --------------  -------------------  ----------------------
/opt/airflow/dags/waseet_daily.py    355  0.00s             1           0  0.11s           2026-09-15T18:04:46                      12
================================================================================
[2026-09-15T18:05:22.069+0000] {manager.py:821} INFO - Searching for files in /opt/airflow/dags
[2026-09-15T18:05:22.097+0000] {manager.py:824} INFO - There are 1 files in /opt/airflow/dags
[2026-09-15T18:05:27.136+0000] {manager.py:821} INFO - Searching for files in /opt/airflow/dags
[2026-09-15T18:05:27.161+0000] {manager.py:824} INFO - There are 1 files in /opt/airflow/dags
[2026-09-15T18:05:32.202+0000] {manager.py:821} INFO - Searching for files in /opt/airflow/dags
[2026-09-15T18:05:32.221+0000] {manager.py:824} INFO - There are 1 files in /opt/airflow/dags
[2026-09-15T18:05:37.269+0000] {manager.py:821} INFO - Searching for files in /opt/airflow/dags
[2026-09-15T18:05:37.286+0000] {manager.py:824} INFO - There are 1 files in /opt/airflow/dags
[2026-09-15T18:05:42.327+0000] {manager.py:821} INFO - Searching for files in /opt/airflow/dags
[2026-09-15T18:05:42.360+0000] {manager.py:824} INFO - There are 1 files in /opt/airflow/dags
[2026-09-15T18:05:47.398+0000] {manager.py:821} INFO - Searching for files in /opt/airflow/dags
[2026-09-15T18:05:47.423+0000] {manager.py:824} INFO - There are 1 files in /opt/airflow/dags
[2026-09-15T18:05:47.455+0000] {manager.py:997} INFO - 
================================================================================
DAG File Processing Stats

File Path                            PID  Runtime      # DAGs    # Errors  Last Runtime    Last Run               Last # of DB Queries
---------------------------------  -----  ---------  --------  ----------  --------------  -------------------  ----------------------
/opt/airflow/dags/waseet_daily.py    360  0.00s             1           0  0.12s           2026-09-15T18:05:17                      12
================================================================================
[2026-09-15T18:05:52.491+0000] {manager.py:821} INFO - Searching for files in /opt/airflow/dags
[2026-09-15T18:05:52.512+0000] {manager.py:824} INFO - There are 1 files in /opt/airflow/dags
[2026-09-15T18:05:57.548+0000] {manager.py:821} INFO - Searching for files in /opt/airflow/dags
[2026-09-15T18:05:57.566+0000] {manager.py:824} INFO - There are 1 files in /opt/airflow/dags
[2026-09-15T18:06:02.607+0000] {manager.py:821} INFO - Searching for files in /opt/airflow/dags
[2026-09-15T18:06:02.636+0000] {manager.py:824} INFO - There are 1 files in /opt/airflow/dags
[2026-09-15T18:06:07.675+0000] {manager.py:821} INFO - Searching for files in /opt/airflow/dags
[2026-09-15T18:06:07.705+0000] {manager.py:824} INFO - There are 1 files in /opt/airflow/dags
[2026-09-15T18:06:12.746+0000] {manager.py:821} INFO - Searching for files in /opt/airflow/dags
[2026-09-15T18:06:12.786+0000] {manager.py:824} INFO - There are 1 files in /opt/airflow/dags
[2026-09-15T18:06:17.822+0000] {manager.py:821} INFO - Searching for files in /opt/airflow/dags
[2026-09-15T18:06:17.853+0000] {manager.py:824} INFO - There are 1 files in /opt/airflow/dags
[2026-09-15T18:06:17.875+0000] {manager.py:997} INFO - 
================================================================================
DAG File Processing Stats

File Path                            PID  Runtime      # DAGs    # Errors  Last Runtime    Last Run               Last # of DB Queries
---------------------------------  -----  ---------  --------  ----------  --------------  -------------------  ----------------------
/opt/airflow/dags/waseet_daily.py    365  0.00s             1           0  0.12s           2026-09-15T18:05:47                      12
================================================================================
[2026-09-15T18:06:22.924+0000] {manager.py:821} INFO - Searching for files in /opt/airflow/dags
[2026-09-15T18:06:22.953+0000] {manager.py:824} INFO - There are 1 files in /opt/airflow/dags
[2026-09-15T18:06:27.992+0000] {manager.py:821} INFO - Searching for files in /opt/airflow/dags
[2026-09-15T18:06:28.025+0000] {manager.py:824} INFO - There are 1 files in /opt/airflow/dags
[2026-09-15T18:06:33.101+0000] {manager.py:821} INFO - Searching for files in /opt/airflow/dags
[2026-09-15T18:06:33.121+0000] {manager.py:824} INFO - There are 1 files in /opt/airflow/dags
[2026-09-15T18:06:38.166+0000] {manager.py:821} INFO - Searching for files in /opt/airflow/dags
[2026-09-15T18:06:38.204+0000] {manager.py:824} INFO - There are 1 files in /opt/airflow/dags
[2026-09-15T18:06:43.251+0000] {manager.py:821} INFO - Searching for files in /opt/airflow/dags
[2026-09-15T18:06:43.276+0000] {manager.py:824} INFO - There are 1 files in /opt/airflow/dags
[2026-09-15T18:06:48.317+0000] {manager.py:821} INFO - Searching for files in /opt/airflow/dags
[2026-09-15T18:06:48.333+0000] {manager.py:824} INFO - There are 1 files in /opt/airflow/dags
[2026-09-15T18:06:48.348+0000] {manager.py:997} INFO - 
================================================================================
DAG File Processing Stats

File Path                            PID  Runtime      # DAGs    # Errors  Last Runtime    Last Run               Last # of DB Queries
---------------------------------  -----  ---------  --------  ----------  --------------  -------------------  ----------------------
/opt/airflow/dags/waseet_daily.py    370  0.00s             1           0  0.11s           2026-09-15T18:06:17                      12
================================================================================
[2026-09-15T18:06:53.385+0000] {manager.py:821} INFO - Searching for files in /opt/airflow/dags
[2026-09-15T18:06:53.410+0000] {manager.py:824} INFO - There are 1 files in /opt/airflow/dags
[2026-09-15T18:06:58.455+0000] {manager.py:821} INFO - Searching for files in /opt/airflow/dags
[2026-09-15T18:06:58.471+0000] {manager.py:824} INFO - There are 1 files in /opt/airflow/dags
[2026-09-15T18:07:03.507+0000] {manager.py:821} INFO - Searching for files in /opt/airflow/dags
[2026-09-15T18:07:03.522+0000] {manager.py:824} INFO - There are 1 files in /opt/airflow/dags
[2026-09-15T18:07:08.558+0000] {manager.py:821} INFO - Searching for files in /opt/airflow/dags
[2026-09-15T18:07:08.594+0000] {manager.py:824} INFO - There are 1 files in /opt/airflow/dags
[2026-09-15T18:07:13.640+0000] {manager.py:821} INFO - Searching for files in /opt/airflow/dags
[2026-09-15T18:07:13.657+0000] {manager.py:824} INFO - There are 1 files in /opt/airflow/dags
[2026-09-15T18:07:18.698+0000] {manager.py:821} INFO - Searching for files in /opt/airflow/dags
[2026-09-15T18:07:18.713+0000] {manager.py:824} INFO - There are 1 files in /opt/airflow/dags
[2026-09-15T18:07:18.729+0000] {manager.py:997} INFO - 
================================================================================
DAG File Processing Stats

File Path                            PID  Runtime      # DAGs    # Errors  Last Runtime    Last Run               Last # of DB Queries
---------------------------------  -----  ---------  --------  ----------  --------------  -------------------  ----------------------
/opt/airflow/dags/waseet_daily.py    375  0.00s             1           0  0.10s           2026-09-15T18:06:48                      12
================================================================================
[2026-09-15T18:07:23.769+0000] {manager.py:821} INFO - Searching for files in /opt/airflow/dags
[2026-09-15T18:07:23.788+0000] {manager.py:824} INFO - There are 1 files in /opt/airflow/dags
[2026-09-15T18:07:28.823+0000] {manager.py:821} INFO - Searching for files in /opt/airflow/dags
[2026-09-15T18:07:28.839+0000] {manager.py:824} INFO - There are 1 files in /opt/airflow/dags
[2026-09-15T18:07:33.874+0000] {manager.py:821} INFO - Searching for files in /opt/airflow/dags
[2026-09-15T18:07:33.895+0000] {manager.py:824} INFO - There are 1 files in /opt/airflow/dags
[2026-09-15T18:07:38.924+0000] {manager.py:821} INFO - Searching for files in /opt/airflow/dags
[2026-09-15T18:07:38.939+0000] {manager.py:824} INFO - There are 1 files in /opt/airflow/dags
[2026-09-15T18:07:43.977+0000] {manager.py:821} INFO - Searching for files in /opt/airflow/dags
[2026-09-15T18:07:43.995+0000] {manager.py:824} INFO - There are 1 files in /opt/airflow/dags
[2026-09-15T18:07:49.034+0000] {manager.py:821} INFO - Searching for files in /opt/airflow/dags
[2026-09-15T18:07:49.049+0000] {manager.py:824} INFO - There are 1 files in /opt/airflow/dags
[2026-09-15T18:07:49.065+0000] {manager.py:997} INFO - 
================================================================================
DAG File Processing Stats

File Path                            PID  Runtime      # DAGs    # Errors  Last Runtime    Last Run               Last # of DB Queries
---------------------------------  -----  ---------  --------  ----------  --------------  -------------------  ----------------------
/opt/airflow/dags/waseet_daily.py    380  0.00s             1           0  0.12s           2026-09-15T18:07:18                      12
================================================================================
[2026-09-15T18:07:54.103+0000] {manager.py:821} INFO - Searching for files in /opt/airflow/dags
[2026-09-15T18:07:54.135+0000] {manager.py:824} INFO - There are 1 files in /opt/airflow/dags
[2026-09-15T18:07:59.177+0000] {manager.py:821} INFO - Searching for files in /opt/airflow/dags
[2026-09-15T18:07:59.194+0000] {manager.py:824} INFO - There are 1 files in /opt/airflow/dags
[2026-09-15T18:08:04.237+0000] {manager.py:821} INFO - Searching for files in /opt/airflow/dags
[2026-09-15T18:08:04.279+0000] {manager.py:824} INFO - There are 1 files in /opt/airflow/dags
[2026-09-15T18:08:09.316+0000] {manager.py:821} INFO - Searching for files in /opt/airflow/dags
[2026-09-15T18:08:09.331+0000] {manager.py:824} INFO - There are 1 files in /opt/airflow/dags
[2026-09-15T18:08:14.369+0000] {manager.py:821} INFO - Searching for files in /opt/airflow/dags
[2026-09-15T18:08:14.390+0000] {manager.py:824} INFO - There are 1 files in /opt/airflow/dags
[2026-09-15T18:08:19.427+0000] {manager.py:821} INFO - Searching for files in /opt/airflow/dags
[2026-09-15T18:08:19.450+0000] {manager.py:824} INFO - There are 1 files in /opt/airflow/dags
[2026-09-15T18:08:19.466+0000] {manager.py:997} INFO - 
================================================================================
DAG File Processing Stats

File Path                            PID  Runtime      # DAGs    # Errors  Last Runtime    Last Run               Last # of DB Queries
---------------------------------  -----  ---------  --------  ----------  --------------  -------------------  ----------------------
/opt/airflow/dags/waseet_daily.py    386  0.00s             1           0  0.10s           2026-09-15T18:07:49                      12
================================================================================
[2026-09-15T18:08:24.501+0000] {manager.py:821} INFO - Searching for files in /opt/airflow/dags
[2026-09-15T18:08:24.518+0000] {manager.py:824} INFO - There are 1 files in /opt/airflow/dags
[2026-09-15T18:08:29.552+0000] {manager.py:821} INFO - Searching for files in /opt/airflow/dags
[2026-09-15T18:08:29.576+0000] {manager.py:824} INFO - There are 1 files in /opt/airflow/dags
[2026-09-15T18:08:34.609+0000] {manager.py:821} INFO - Searching for files in /opt/airflow/dags
[2026-09-15T18:08:34.634+0000] {manager.py:824} INFO - There are 1 files in /opt/airflow/dags
[2026-09-15T18:08:39.669+0000] {manager.py:821} INFO - Searching for files in /opt/airflow/dags
[2026-09-15T18:08:39.683+0000] {manager.py:824} INFO - There are 1 files in /opt/airflow/dags
[2026-09-15T18:08:44.716+0000] {manager.py:821} INFO - Searching for files in /opt/airflow/dags
[2026-09-15T18:08:44.733+0000] {manager.py:824} INFO - There are 1 files in /opt/airflow/dags
[2026-09-15T18:08:49.773+0000] {manager.py:821} INFO - Searching for files in /opt/airflow/dags
[2026-09-15T18:08:49.793+0000] {manager.py:824} INFO - There are 1 files in /opt/airflow/dags
[2026-09-15T18:08:49.812+0000] {manager.py:997} INFO - 
================================================================================
DAG File Processing Stats

File Path                            PID  Runtime      # DAGs    # Errors  Last Runtime    Last Run               Last # of DB Queries
---------------------------------  -----  ---------  --------  ----------  --------------  -------------------  ----------------------
/opt/airflow/dags/waseet_daily.py    391  0.00s             1           0  0.11s           2026-09-15T18:08:19                      12
================================================================================
[2026-09-15T18:08:54.852+0000] {manager.py:821} INFO - Searching for files in /opt/airflow/dags
[2026-09-15T18:08:54.865+0000] {manager.py:824} INFO - There are 1 files in /opt/airflow/dags
[2026-09-15T18:08:59.902+0000] {manager.py:821} INFO - Searching for files in /opt/airflow/dags
[2026-09-15T18:08:59.922+0000] {manager.py:824} INFO - There are 1 files in /opt/airflow/dags
[2026-09-15T18:09:04.961+0000] {manager.py:821} INFO - Searching for files in /opt/airflow/dags
[2026-09-15T18:09:04.974+0000] {manager.py:824} INFO - There are 1 files in /opt/airflow/dags
[2026-09-15T18:09:10.010+0000] {manager.py:821} INFO - Searching for files in /opt/airflow/dags
[2026-09-15T18:09:10.038+0000] {manager.py:824} INFO - There are 1 files in /opt/airflow/dags
[2026-09-15T18:09:15.076+0000] {manager.py:821} INFO - Searching for files in /opt/airflow/dags
[2026-09-15T18:09:15.098+0000] {manager.py:824} INFO - There are 1 files in /opt/airflow/dags
[2026-09-15T18:09:20.137+0000] {manager.py:821} INFO - Searching for files in /opt/airflow/dags
[2026-09-15T18:09:20.153+0000] {manager.py:824} INFO - There are 1 files in /opt/airflow/dags
[2026-09-15T18:09:20.168+0000] {manager.py:997} INFO - 
================================================================================
DAG File Processing Stats

File Path                            PID  Runtime      # DAGs    # Errors  Last Runtime    Last Run               Last # of DB Queries
---------------------------------  -----  ---------  --------  ----------  --------------  -------------------  ----------------------
/opt/airflow/dags/waseet_daily.py    396  0.00s             1           0  0.10s           2026-09-15T18:08:49                      12
================================================================================
[2026-09-15T18:09:25.207+0000] {manager.py:821} INFO - Searching for files in /opt/airflow/dags
[2026-09-15T18:09:25.236+0000] {manager.py:824} INFO - There are 1 files in /opt/airflow/dags
[2026-09-15T18:09:30.269+0000] {manager.py:821} INFO - Searching for files in /opt/airflow/dags
[2026-09-15T18:09:30.289+0000] {manager.py:824} INFO - There are 1 files in /opt/airflow/dags
[2026-09-15T18:09:35.320+0000] {manager.py:821} INFO - Searching for files in /opt/airflow/dags
[2026-09-15T18:09:35.337+0000] {manager.py:824} INFO - There are 1 files in /opt/airflow/dags
[2026-09-15T18:09:40.376+0000] {manager.py:821} INFO - Searching for files in /opt/airflow/dags
[2026-09-15T18:09:40.411+0000] {manager.py:824} INFO - There are 1 files in /opt/airflow/dags
[2026-09-15T18:09:45.451+0000] {manager.py:821} INFO - Searching for files in /opt/airflow/dags
[2026-09-15T18:09:45.466+0000] {manager.py:824} INFO - There are 1 files in /opt/airflow/dags
[2026-09-15T18:09:50.506+0000] {manager.py:821} INFO - Searching for files in /opt/airflow/dags
[2026-09-15T18:09:50.533+0000] {manager.py:824} INFO - There are 1 files in /opt/airflow/dags
[2026-09-15T18:09:50.551+0000] {manager.py:997} INFO - 
================================================================================
DAG File Processing Stats

File Path                            PID  Runtime      # DAGs    # Errors  Last Runtime    Last Run               Last # of DB Queries
---------------------------------  -----  ---------  --------  ----------  --------------  -------------------  ----------------------
/opt/airflow/dags/waseet_daily.py    401  0.00s             1           0  0.10s           2026-09-15T18:09:20                      12
================================================================================
[2026-09-15T18:09:55.590+0000] {manager.py:821} INFO - Searching for files in /opt/airflow/dags
[2026-09-15T18:09:55.612+0000] {manager.py:824} INFO - There are 1 files in /opt/airflow/dags
[2026-09-15T18:10:00.657+0000] {manager.py:821} INFO - Searching for files in /opt/airflow/dags
[2026-09-15T18:10:00.671+0000] {manager.py:824} INFO - There are 1 files in /opt/airflow/dags
[2026-09-15T18:10:05.704+0000] {manager.py:821} INFO - Searching for files in /opt/airflow/dags
[2026-09-15T18:10:05.720+0000] {manager.py:824} INFO - There are 1 files in /opt/airflow/dags
[2026-09-15T18:10:10.757+0000] {manager.py:821} INFO - Searching for files in /opt/airflow/dags
[2026-09-15T18:10:10.779+0000] {manager.py:824} INFO - There are 1 files in /opt/airflow/dags
[2026-09-15T18:10:15.818+0000] {manager.py:821} INFO - Searching for files in /opt/airflow/dags
[2026-09-15T18:10:15.844+0000] {manager.py:824} INFO - There are 1 files in /opt/airflow/dags
[2026-09-15T18:10:20.891+0000] {manager.py:821} INFO - Searching for files in /opt/airflow/dags
[2026-09-15T18:10:20.909+0000] {manager.py:824} INFO - There are 1 files in /opt/airflow/dags
[2026-09-15T18:10:20.925+0000] {manager.py:997} INFO - 
================================================================================
DAG File Processing Stats

File Path                            PID  Runtime      # DAGs    # Errors  Last Runtime    Last Run               Last # of DB Queries
---------------------------------  -----  ---------  --------  ----------  --------------  -------------------  ----------------------
/opt/airflow/dags/waseet_daily.py    406  0.00s             1           0  0.12s           2026-09-15T18:09:50                      12
================================================================================
[2026-09-15T18:10:25.965+0000] {manager.py:821} INFO - Searching for files in /opt/airflow/dags
[2026-09-15T18:10:25.986+0000] {manager.py:824} INFO - There are 1 files in /opt/airflow/dags
[2026-09-15T18:10:31.028+0000] {manager.py:821} INFO - Searching for files in /opt/airflow/dags
[2026-09-15T18:10:31.047+0000] {manager.py:824} INFO - There are 1 files in /opt/airflow/dags
[2026-09-15T18:10:36.087+0000] {manager.py:821} INFO - Searching for files in /opt/airflow/dags
[2026-09-15T18:10:36.116+0000] {manager.py:824} INFO - There are 1 files in /opt/airflow/dags
[2026-09-15T18:10:41.156+0000] {manager.py:821} INFO - Searching for files in /opt/airflow/dags
[2026-09-15T18:10:41.193+0000] {manager.py:824} INFO - There are 1 files in /opt/airflow/dags
[2026-09-15T18:10:46.241+0000] {manager.py:821} INFO - Searching for files in /opt/airflow/dags
[2026-09-15T18:10:46.258+0000] {manager.py:824} INFO - There are 1 files in /opt/airflow/dags
[2026-09-15T18:10:51.298+0000] {manager.py:821} INFO - Searching for files in /opt/airflow/dags
[2026-09-15T18:10:51.319+0000] {manager.py:824} INFO - There are 1 files in /opt/airflow/dags
[2026-09-15T18:10:51.338+0000] {manager.py:997} INFO - 
================================================================================
DAG File Processing Stats

File Path                            PID  Runtime      # DAGs    # Errors  Last Runtime    Last Run               Last # of DB Queries
---------------------------------  -----  ---------  --------  ----------  --------------  -------------------  ----------------------
/opt/airflow/dags/waseet_daily.py    411  0.00s             1           0  0.11s           2026-09-15T18:10:21                      12
================================================================================
[2026-09-15T18:10:56.373+0000] {manager.py:821} INFO - Searching for files in /opt/airflow/dags
[2026-09-15T18:10:56.399+0000] {manager.py:824} INFO - There are 1 files in /opt/airflow/dags
[2026-09-15T18:11:01.440+0000] {manager.py:821} INFO - Searching for files in /opt/airflow/dags
[2026-09-15T18:11:01.466+0000] {manager.py:824} INFO - There are 1 files in /opt/airflow/dags
[2026-09-15T18:11:06.500+0000] {manager.py:821} INFO - Searching for files in /opt/airflow/dags
[2026-09-15T18:11:06.518+0000] {manager.py:824} INFO - There are 1 files in /opt/airflow/dags
[2026-09-15T18:11:11.556+0000] {manager.py:821} INFO - Searching for files in /opt/airflow/dags
[2026-09-15T18:11:11.583+0000] {manager.py:824} INFO - There are 1 files in /opt/airflow/dags
[2026-09-15T18:11:16.624+0000] {manager.py:821} INFO - Searching for files in /opt/airflow/dags
[2026-09-15T18:11:16.648+0000] {manager.py:824} INFO - There are 1 files in /opt/airflow/dags
[2026-09-15T18:11:21.692+0000] {manager.py:821} INFO - Searching for files in /opt/airflow/dags
[2026-09-15T18:11:21.712+0000] {manager.py:824} INFO - There are 1 files in /opt/airflow/dags
[2026-09-15T18:11:21.730+0000] {manager.py:997} INFO - 
================================================================================
DAG File Processing Stats

File Path                            PID  Runtime      # DAGs    # Errors  Last Runtime    Last Run               Last # of DB Queries
---------------------------------  -----  ---------  --------  ----------  --------------  -------------------  ----------------------
/opt/airflow/dags/waseet_daily.py    416  0.00s             1           0  0.11s           2026-09-15T18:10:51                      12
================================================================================
[2026-09-15T18:11:26.763+0000] {manager.py:821} INFO - Searching for files in /opt/airflow/dags
[2026-09-15T18:11:26.800+0000] {manager.py:824} INFO - There are 1 files in /opt/airflow/dags
[2026-09-15T18:11:31.842+0000] {manager.py:821} INFO - Searching for files in /opt/airflow/dags
[2026-09-15T18:11:31.856+0000] {manager.py:824} INFO - There are 1 files in /opt/airflow/dags
[2026-09-15T18:11:36.895+0000] {manager.py:821} INFO - Searching for files in /opt/airflow/dags
[2026-09-15T18:11:36.911+0000] {manager.py:824} INFO - There are 1 files in /opt/airflow/dags
[2026-09-15T18:11:41.950+0000] {manager.py:821} INFO - Searching for files in /opt/airflow/dags
[2026-09-15T18:11:41.968+0000] {manager.py:824} INFO - There are 1 files in /opt/airflow/dags
[2026-09-15T18:11:47.007+0000] {manager.py:821} INFO - Searching for files in /opt/airflow/dags
[2026-09-15T18:11:47.028+0000] {manager.py:824} INFO - There are 1 files in /opt/airflow/dags
[2026-09-15T18:11:52.075+0000] {manager.py:821} INFO - Searching for files in /opt/airflow/dags
[2026-09-15T18:11:52.101+0000] {manager.py:824} INFO - There are 1 files in /opt/airflow/dags
[2026-09-15T18:11:52.121+0000] {manager.py:997} INFO - 
================================================================================
DAG File Processing Stats

File Path                            PID  Runtime      # DAGs    # Errors  Last Runtime    Last Run               Last # of DB Queries
---------------------------------  -----  ---------  --------  ----------  --------------  -------------------  ----------------------
/opt/airflow/dags/waseet_daily.py    421  0.00s             1           0  0.10s           2026-09-15T18:11:21                      12
================================================================================
[2026-09-15T18:11:57.156+0000] {manager.py:821} INFO - Searching for files in /opt/airflow/dags
[2026-09-15T18:11:57.173+0000] {manager.py:824} INFO - There are 1 files in /opt/airflow/dags
[2026-09-15T18:12:02.210+0000] {manager.py:821} INFO - Searching for files in /opt/airflow/dags
[2026-09-15T18:12:02.242+0000] {manager.py:824} INFO - There are 1 files in /opt/airflow/dags
[2026-09-15T18:12:07.285+0000] {manager.py:821} INFO - Searching for files in /opt/airflow/dags
[2026-09-15T18:12:07.304+0000] {manager.py:824} INFO - There are 1 files in /opt/airflow/dags
[2026-09-15T18:12:12.336+0000] {manager.py:821} INFO - Searching for files in /opt/airflow/dags
[2026-09-15T18:12:12.354+0000] {manager.py:824} INFO - There are 1 files in /opt/airflow/dags
[2026-09-15T18:12:17.391+0000] {manager.py:821} INFO - Searching for files in /opt/airflow/dags
[2026-09-15T18:12:17.417+0000] {manager.py:824} INFO - There are 1 files in /opt/airflow/dags
[2026-09-15T18:12:22.457+0000] {manager.py:821} INFO - Searching for files in /opt/airflow/dags
[2026-09-15T18:12:22.476+0000] {manager.py:824} INFO - There are 1 files in /opt/airflow/dags
[2026-09-15T18:12:22.493+0000] {manager.py:997} INFO - 
================================================================================
DAG File Processing Stats

File Path                            PID  Runtime      # DAGs    # Errors  Last Runtime    Last Run               Last # of DB Queries
---------------------------------  -----  ---------  --------  ----------  --------------  -------------------  ----------------------
/opt/airflow/dags/waseet_daily.py    426  0.00s             1           0  0.14s           2026-09-15T18:11:52                      12
================================================================================
[2026-09-15T18:12:27.525+0000] {manager.py:821} INFO - Searching for files in /opt/airflow/dags
[2026-09-15T18:12:27.544+0000] {manager.py:824} INFO - There are 1 files in /opt/airflow/dags
[2026-09-15T18:12:32.584+0000] {manager.py:821} INFO - Searching for files in /opt/airflow/dags
[2026-09-15T18:12:32.620+0000] {manager.py:824} INFO - There are 1 files in /opt/airflow/dags
[2026-09-15T18:12:37.658+0000] {manager.py:821} INFO - Searching for files in /opt/airflow/dags
[2026-09-15T18:12:37.671+0000] {manager.py:824} INFO - There are 1 files in /opt/airflow/dags
[2026-09-15T18:12:42.709+0000] {manager.py:821} INFO - Searching for files in /opt/airflow/dags
[2026-09-15T18:12:42.749+0000] {manager.py:824} INFO - There are 1 files in /opt/airflow/dags
[2026-09-15T18:12:47.788+0000] {manager.py:821} INFO - Searching for files in /opt/airflow/dags
[2026-09-15T18:12:47.806+0000] {manager.py:824} INFO - There are 1 files in /opt/airflow/dags
[2026-09-15T18:12:52.845+0000] {manager.py:821} INFO - Searching for files in /opt/airflow/dags
[2026-09-15T18:12:52.864+0000] {manager.py:824} INFO - There are 1 files in /opt/airflow/dags
[2026-09-15T18:12:52.881+0000] {manager.py:997} INFO - 
================================================================================
DAG File Processing Stats

File Path                            PID  Runtime      # DAGs    # Errors  Last Runtime    Last Run               Last # of DB Queries
---------------------------------  -----  ---------  --------  ----------  --------------  -------------------  ----------------------
/opt/airflow/dags/waseet_daily.py    431  0.00s             1           0  0.11s           2026-09-15T18:12:22                      12
================================================================================
[2026-09-15T18:12:57.914+0000] {manager.py:821} INFO - Searching for files in /opt/airflow/dags
[2026-09-15T18:12:57.929+0000] {manager.py:824} INFO - There are 1 files in /opt/airflow/dags
[2026-09-15T18:13:02.964+0000] {manager.py:821} INFO - Searching for files in /opt/airflow/dags
[2026-09-15T18:13:03.003+0000] {manager.py:824} INFO - There are 1 files in /opt/airflow/dags
[2026-09-15T18:13:08.040+0000] {manager.py:821} INFO - Searching for files in /opt/airflow/dags
[2026-09-15T18:13:08.062+0000] {manager.py:824} INFO - There are 1 files in /opt/airflow/dags
[2026-09-15T18:13:13.104+0000] {manager.py:821} INFO - Searching for files in /opt/airflow/dags
[2026-09-15T18:13:13.126+0000] {manager.py:824} INFO - There are 1 files in /opt/airflow/dags
[2026-09-15T18:13:18.173+0000] {manager.py:821} INFO - Searching for files in /opt/airflow/dags
[2026-09-15T18:13:18.186+0000] {manager.py:824} INFO - There are 1 files in /opt/airflow/dags
[2026-09-15T18:13:23.223+0000] {manager.py:821} INFO - Searching for files in /opt/airflow/dags
[2026-09-15T18:13:23.256+0000] {manager.py:824} INFO - There are 1 files in /opt/airflow/dags
[2026-09-15T18:13:23.273+0000] {manager.py:997} INFO - 
================================================================================
DAG File Processing Stats

File Path                            PID  Runtime      # DAGs    # Errors  Last Runtime    Last Run               Last # of DB Queries
---------------------------------  -----  ---------  --------  ----------  --------------  -------------------  ----------------------
/opt/airflow/dags/waseet_daily.py    436  0.00s             1           0  0.11s           2026-09-15T18:12:52                      12
================================================================================
[2026-09-15T18:13:28.318+0000] {manager.py:821} INFO - Searching for files in /opt/airflow/dags
[2026-09-15T18:13:28.350+0000] {manager.py:824} INFO - There are 1 files in /opt/airflow/dags
[2026-09-15T18:13:33.392+0000] {manager.py:821} INFO - Searching for files in /opt/airflow/dags
[2026-09-15T18:13:33.417+0000] {manager.py:824} INFO - There are 1 files in /opt/airflow/dags
[2026-09-15T18:13:38.451+0000] {manager.py:821} INFO - Searching for files in /opt/airflow/dags
[2026-09-15T18:13:38.472+0000] {manager.py:824} INFO - There are 1 files in /opt/airflow/dags
[2026-09-15T18:13:43.512+0000] {manager.py:821} INFO - Searching for files in /opt/airflow/dags
[2026-09-15T18:13:43.528+0000] {manager.py:824} INFO - There are 1 files in /opt/airflow/dags
[2026-09-15T18:13:48.565+0000] {manager.py:821} INFO - Searching for files in /opt/airflow/dags
[2026-09-15T18:13:48.591+0000] {manager.py:824} INFO - There are 1 files in /opt/airflow/dags
[2026-09-15T18:13:53.632+0000] {manager.py:821} INFO - Searching for files in /opt/airflow/dags
[2026-09-15T18:13:53.652+0000] {manager.py:824} INFO - There are 1 files in /opt/airflow/dags
[2026-09-15T18:13:53.670+0000] {manager.py:997} INFO - 
================================================================================
DAG File Processing Stats

File Path                            PID  Runtime      # DAGs    # Errors  Last Runtime    Last Run               Last # of DB Queries
---------------------------------  -----  ---------  --------  ----------  --------------  -------------------  ----------------------
/opt/airflow/dags/waseet_daily.py    441  0.00s             1           0  0.12s           2026-09-15T18:13:23                      12
================================================================================
[2026-09-15T18:13:58.705+0000] {manager.py:821} INFO - Searching for files in /opt/airflow/dags
[2026-09-15T18:13:58.725+0000] {manager.py:824} INFO - There are 1 files in /opt/airflow/dags
[2026-09-15T18:14:03.769+0000] {manager.py:821} INFO - Searching for files in /opt/airflow/dags
[2026-09-15T18:14:03.802+0000] {manager.py:824} INFO - There are 1 files in /opt/airflow/dags
[2026-09-15T18:14:08.841+0000] {manager.py:821} INFO - Searching for files in /opt/airflow/dags
[2026-09-15T18:14:08.859+0000] {manager.py:824} INFO - There are 1 files in /opt/airflow/dags
[2026-09-15T18:14:13.894+0000] {manager.py:821} INFO - Searching for files in /opt/airflow/dags
[2026-09-15T18:14:13.912+0000] {manager.py:824} INFO - There are 1 files in /opt/airflow/dags
[2026-09-15T18:14:18.946+0000] {manager.py:821} INFO - Searching for files in /opt/airflow/dags
[2026-09-15T18:14:18.975+0000] {manager.py:824} INFO - There are 1 files in /opt/airflow/dags
[2026-09-15T18:14:24.023+0000] {manager.py:821} INFO - Searching for files in /opt/airflow/dags
[2026-09-15T18:14:24.039+0000] {manager.py:824} INFO - There are 1 files in /opt/airflow/dags
[2026-09-15T18:14:24.054+0000] {manager.py:997} INFO - 
================================================================================
DAG File Processing Stats

File Path                            PID  Runtime      # DAGs    # Errors  Last Runtime    Last Run               Last # of DB Queries
---------------------------------  -----  ---------  --------  ----------  --------------  -------------------  ----------------------
/opt/airflow/dags/waseet_daily.py    446  0.00s             1           0  0.13s           2026-09-15T18:13:53                      12
================================================================================
[2026-09-15T18:14:29.090+0000] {manager.py:821} INFO - Searching for files in /opt/airflow/dags
[2026-09-15T18:14:29.105+0000] {manager.py:824} INFO - There are 1 files in /opt/airflow/dags
[2026-09-15T18:14:34.143+0000] {manager.py:821} INFO - Searching for files in /opt/airflow/dags
[2026-09-15T18:14:34.185+0000] {manager.py:824} INFO - There are 1 files in /opt/airflow/dags
[2026-09-15T18:14:39.225+0000] {manager.py:821} INFO - Searching for files in /opt/airflow/dags
[2026-09-15T18:14:39.249+0000] {manager.py:824} INFO - There are 1 files in /opt/airflow/dags
[2026-09-15T18:14:44.286+0000] {manager.py:821} INFO - Searching for files in /opt/airflow/dags
[2026-09-15T18:14:44.305+0000] {manager.py:824} INFO - There are 1 files in /opt/airflow/dags
[2026-09-15T18:14:49.343+0000] {manager.py:821} INFO - Searching for files in /opt/airflow/dags
[2026-09-15T18:14:49.361+0000] {manager.py:824} INFO - There are 1 files in /opt/airflow/dags
[2026-09-15T18:14:54.405+0000] {manager.py:821} INFO - Searching for files in /opt/airflow/dags
[2026-09-15T18:14:54.446+0000] {manager.py:824} INFO - There are 1 files in /opt/airflow/dags
[2026-09-15T18:14:54.463+0000] {manager.py:997} INFO - 
================================================================================
DAG File Processing Stats

File Path                            PID  Runtime      # DAGs    # Errors  Last Runtime    Last Run               Last # of DB Queries
---------------------------------  -----  ---------  --------  ----------  --------------  -------------------  ----------------------
/opt/airflow/dags/waseet_daily.py    451  0.00s             1           0  0.10s           2026-09-15T18:14:24                      12
================================================================================
[2026-09-15T18:14:59.502+0000] {manager.py:821} INFO - Searching for files in /opt/airflow/dags
[2026-09-15T18:14:59.521+0000] {manager.py:824} INFO - There are 1 files in /opt/airflow/dags
[2026-09-15T18:15:04.557+0000] {manager.py:821} INFO - Searching for files in /opt/airflow/dags
[2026-09-15T18:15:04.599+0000] {manager.py:824} INFO - There are 1 files in /opt/airflow/dags
[2026-09-15T18:15:09.641+0000] {manager.py:821} INFO - Searching for files in /opt/airflow/dags
[2026-09-15T18:15:09.658+0000] {manager.py:824} INFO - There are 1 files in /opt/airflow/dags
[2026-09-15T18:15:14.702+0000] {manager.py:821} INFO - Searching for files in /opt/airflow/dags
[2026-09-15T18:15:14.736+0000] {manager.py:824} INFO - There are 1 files in /opt/airflow/dags
[2026-09-15T18:15:19.780+0000] {manager.py:821} INFO - Searching for files in /opt/airflow/dags
[2026-09-15T18:15:19.818+0000] {manager.py:824} INFO - There are 1 files in /opt/airflow/dags
[2026-09-15T18:15:24.860+0000] {manager.py:821} INFO - Searching for files in /opt/airflow/dags
[2026-09-15T18:15:24.877+0000] {manager.py:824} INFO - There are 1 files in /opt/airflow/dags
[2026-09-15T18:15:24.895+0000] {manager.py:997} INFO - 
================================================================================
DAG File Processing Stats

File Path                            PID  Runtime      # DAGs    # Errors  Last Runtime    Last Run               Last # of DB Queries
---------------------------------  -----  ---------  --------  ----------  --------------  -------------------  ----------------------
/opt/airflow/dags/waseet_daily.py    456  0.00s             1           0  0.10s           2026-09-15T18:14:54                      12
================================================================================
[2026-09-15T18:15:29.931+0000] {manager.py:821} INFO - Searching for files in /opt/airflow/dags
[2026-09-15T18:15:29.954+0000] {manager.py:824} INFO - There are 1 files in /opt/airflow/dags
[2026-09-15T18:15:34.990+0000] {manager.py:821} INFO - Searching for files in /opt/airflow/dags
[2026-09-15T18:15:35.017+0000] {manager.py:824} INFO - There are 1 files in /opt/airflow/dags
[2026-09-15T18:15:40.054+0000] {manager.py:821} INFO - Searching for files in /opt/airflow/dags
[2026-09-15T18:15:40.086+0000] {manager.py:824} INFO - There are 1 files in /opt/airflow/dags
[2026-09-15T18:15:45.127+0000] {manager.py:821} INFO - Searching for files in /opt/airflow/dags
[2026-09-15T18:15:45.142+0000] {manager.py:824} INFO - There are 1 files in /opt/airflow/dags
[2026-09-15T18:15:50.176+0000] {manager.py:821} INFO - Searching for files in /opt/airflow/dags
[2026-09-15T18:15:50.203+0000] {manager.py:824} INFO - There are 1 files in /opt/airflow/dags
[2026-09-15T18:15:55.239+0000] {manager.py:821} INFO - Searching for files in /opt/airflow/dags
[2026-09-15T18:15:55.260+0000] {manager.py:824} INFO - There are 1 files in /opt/airflow/dags
[2026-09-15T18:15:55.277+0000] {manager.py:997} INFO - 
================================================================================
DAG File Processing Stats

File Path                            PID  Runtime      # DAGs    # Errors  Last Runtime    Last Run               Last # of DB Queries
---------------------------------  -----  ---------  --------  ----------  --------------  -------------------  ----------------------
/opt/airflow/dags/waseet_daily.py    461  0.00s             1           0  0.12s           2026-09-15T18:15:25                      12
================================================================================
[2026-09-15T18:16:00.314+0000] {manager.py:821} INFO - Searching for files in /opt/airflow/dags
[2026-09-15T18:16:00.338+0000] {manager.py:824} INFO - There are 1 files in /opt/airflow/dags
[2026-09-15T18:16:05.375+0000] {manager.py:821} INFO - Searching for files in /opt/airflow/dags
[2026-09-15T18:16:05.392+0000] {manager.py:824} INFO - There are 1 files in /opt/airflow/dags
[2026-09-15T18:16:10.432+0000] {manager.py:821} INFO - Searching for files in /opt/airflow/dags
[2026-09-15T18:16:10.467+0000] {manager.py:824} INFO - There are 1 files in /opt/airflow/dags
[2026-09-15T18:16:15.499+0000] {manager.py:821} INFO - Searching for files in /opt/airflow/dags
[2026-09-15T18:16:15.513+0000] {manager.py:824} INFO - There are 1 files in /opt/airflow/dags
[2026-09-15T18:16:20.551+0000] {manager.py:821} INFO - Searching for files in /opt/airflow/dags
[2026-09-15T18:16:20.584+0000] {manager.py:824} INFO - There are 1 files in /opt/airflow/dags
[2026-09-15T18:16:25.624+0000] {manager.py:821} INFO - Searching for files in /opt/airflow/dags
[2026-09-15T18:16:25.661+0000] {manager.py:824} INFO - There are 1 files in /opt/airflow/dags
[2026-09-15T18:16:25.677+0000] {manager.py:997} INFO - 
================================================================================
DAG File Processing Stats

File Path                            PID  Runtime      # DAGs    # Errors  Last Runtime    Last Run               Last # of DB Queries
---------------------------------  -----  ---------  --------  ----------  --------------  -------------------  ----------------------
/opt/airflow/dags/waseet_daily.py    466  0.00s             1           0  0.10s           2026-09-15T18:15:55                      12
================================================================================
[2026-09-15T18:16:30.720+0000] {manager.py:821} INFO - Searching for files in /opt/airflow/dags
[2026-09-15T18:16:30.746+0000] {manager.py:824} INFO - There are 1 files in /opt/airflow/dags
[2026-09-15T18:16:35.785+0000] {manager.py:821} INFO - Searching for files in /opt/airflow/dags
[2026-09-15T18:16:35.810+0000] {manager.py:824} INFO - There are 1 files in /opt/airflow/dags
[2026-09-15T18:16:40.859+0000] {manager.py:821} INFO - Searching for files in /opt/airflow/dags
[2026-09-15T18:16:40.885+0000] {manager.py:824} INFO - There are 1 files in /opt/airflow/dags
[2026-09-15T18:16:45.924+0000] {manager.py:821} INFO - Searching for files in /opt/airflow/dags
[2026-09-15T18:16:45.968+0000] {manager.py:824} INFO - There are 1 files in /opt/airflow/dags
[2026-09-15T18:16:51.011+0000] {manager.py:821} INFO - Searching for files in /opt/airflow/dags
[2026-09-15T18:16:51.048+0000] {manager.py:824} INFO - There are 1 files in /opt/airflow/dags
[2026-09-15T18:16:56.085+0000] {manager.py:821} INFO - Searching for files in /opt/airflow/dags
[2026-09-15T18:16:56.102+0000] {manager.py:824} INFO - There are 1 files in /opt/airflow/dags
[2026-09-15T18:16:56.120+0000] {manager.py:997} INFO - 
================================================================================
DAG File Processing Stats

File Path                            PID  Runtime      # DAGs    # Errors  Last Runtime    Last Run               Last # of DB Queries
---------------------------------  -----  ---------  --------  ----------  --------------  -------------------  ----------------------
/opt/airflow/dags/waseet_daily.py    471  0.00s             1           0  0.11s           2026-09-15T18:16:25                      12
================================================================================
[2026-09-15T18:17:01.158+0000] {manager.py:821} INFO - Searching for files in /opt/airflow/dags
[2026-09-15T18:17:01.177+0000] {manager.py:824} INFO - There are 1 files in /opt/airflow/dags
[2026-09-15T18:17:06.214+0000] {manager.py:821} INFO - Searching for files in /opt/airflow/dags
[2026-09-15T18:17:06.228+0000] {manager.py:824} INFO - There are 1 files in /opt/airflow/dags
[2026-09-15T18:17:11.266+0000] {manager.py:821} INFO - Searching for files in /opt/airflow/dags
[2026-09-15T18:17:11.290+0000] {manager.py:824} INFO - There are 1 files in /opt/airflow/dags
[2026-09-15T18:17:16.329+0000] {manager.py:821} INFO - Searching for files in /opt/airflow/dags
[2026-09-15T18:17:16.343+0000] {manager.py:824} INFO - There are 1 files in /opt/airflow/dags
[2026-09-15T18:17:21.385+0000] {manager.py:821} INFO - Searching for files in /opt/airflow/dags
[2026-09-15T18:17:21.403+0000] {manager.py:824} INFO - There are 1 files in /opt/airflow/dags
[2026-09-15T18:17:26.447+0000] {manager.py:821} INFO - Searching for files in /opt/airflow/dags
[2026-09-15T18:17:26.465+0000] {manager.py:824} INFO - There are 1 files in /opt/airflow/dags
[2026-09-15T18:17:26.485+0000] {manager.py:997} INFO - 
================================================================================
DAG File Processing Stats

File Path                            PID  Runtime      # DAGs    # Errors  Last Runtime    Last Run               Last # of DB Queries
---------------------------------  -----  ---------  --------  ----------  --------------  -------------------  ----------------------
/opt/airflow/dags/waseet_daily.py    476  0.00s             1           0  0.10s           2026-09-15T18:16:56                      12
================================================================================
[2026-09-15T18:17:31.521+0000] {manager.py:821} INFO - Searching for files in /opt/airflow/dags
[2026-09-15T18:17:31.545+0000] {manager.py:824} INFO - There are 1 files in /opt/airflow/dags
[2026-09-15T18:17:36.584+0000] {manager.py:821} INFO - Searching for files in /opt/airflow/dags
[2026-09-15T18:17:36.619+0000] {manager.py:824} INFO - There are 1 files in /opt/airflow/dags
[2026-09-15T18:17:41.663+0000] {manager.py:821} INFO - Searching for files in /opt/airflow/dags
[2026-09-15T18:17:41.696+0000] {manager.py:824} INFO - There are 1 files in /opt/airflow/dags
[2026-09-15T18:17:46.737+0000] {manager.py:821} INFO - Searching for files in /opt/airflow/dags
[2026-09-15T18:17:46.766+0000] {manager.py:824} INFO - There are 1 files in /opt/airflow/dags
[2026-09-15T18:17:51.803+0000] {manager.py:821} INFO - Searching for files in /opt/airflow/dags
[2026-09-15T18:17:51.847+0000] {manager.py:824} INFO - There are 1 files in /opt/airflow/dags
[2026-09-15T18:17:56.885+0000] {manager.py:821} INFO - Searching for files in /opt/airflow/dags
[2026-09-15T18:17:56.915+0000] {manager.py:824} INFO - There are 1 files in /opt/airflow/dags
[2026-09-15T18:17:56.934+0000] {manager.py:997} INFO - 
================================================================================
DAG File Processing Stats

File Path                            PID  Runtime      # DAGs    # Errors  Last Runtime    Last Run               Last # of DB Queries
---------------------------------  -----  ---------  --------  ----------  --------------  -------------------  ----------------------
/opt/airflow/dags/waseet_daily.py    481  0.00s             1           0  0.11s           2026-09-15T18:17:26                      12
================================================================================
[2026-09-15T18:18:01.974+0000] {manager.py:821} INFO - Searching for files in /opt/airflow/dags
[2026-09-15T18:18:01.994+0000] {manager.py:824} INFO - There are 1 files in /opt/airflow/dags
[2026-09-15T18:18:07.027+0000] {manager.py:821} INFO - Searching for files in /opt/airflow/dags
[2026-09-15T18:18:07.046+0000] {manager.py:824} INFO - There are 1 files in /opt/airflow/dags
[2026-09-15T18:18:12.085+0000] {manager.py:821} INFO - Searching for files in /opt/airflow/dags
[2026-09-15T18:18:12.100+0000] {manager.py:824} INFO - There are 1 files in /opt/airflow/dags
[2026-09-15T18:18:17.133+0000] {manager.py:821} INFO - Searching for files in /opt/airflow/dags
[2026-09-15T18:18:17.147+0000] {manager.py:824} INFO - There are 1 files in /opt/airflow/dags
[2026-09-15T18:18:22.190+0000] {manager.py:821} INFO - Searching for files in /opt/airflow/dags
[2026-09-15T18:18:22.226+0000] {manager.py:824} INFO - There are 1 files in /opt/airflow/dags
[2026-09-15T18:18:27.261+0000] {manager.py:821} INFO - Searching for files in /opt/airflow/dags
[2026-09-15T18:18:27.274+0000] {manager.py:824} INFO - There are 1 files in /opt/airflow/dags
[2026-09-15T18:18:27.289+0000] {manager.py:997} INFO - 
================================================================================
DAG File Processing Stats

File Path                            PID  Runtime      # DAGs    # Errors  Last Runtime    Last Run               Last # of DB Queries
---------------------------------  -----  ---------  --------  ----------  --------------  -------------------  ----------------------
/opt/airflow/dags/waseet_daily.py    486  0.00s             1           0  0.12s           2026-09-15T18:17:57                      12
================================================================================
[2026-09-15T18:18:32.324+0000] {manager.py:821} INFO - Searching for files in /opt/airflow/dags
[2026-09-15T18:18:32.340+0000] {manager.py:824} INFO - There are 1 files in /opt/airflow/dags
[2026-09-15T18:18:37.379+0000] {manager.py:821} INFO - Searching for files in /opt/airflow/dags
[2026-09-15T18:18:37.406+0000] {manager.py:824} INFO - There are 1 files in /opt/airflow/dags
[2026-09-15T18:18:42.447+0000] {manager.py:821} INFO - Searching for files in /opt/airflow/dags
[2026-09-15T18:18:42.471+0000] {manager.py:824} INFO - There are 1 files in /opt/airflow/dags
[2026-09-15T18:18:47.506+0000] {manager.py:821} INFO - Searching for files in /opt/airflow/dags
[2026-09-15T18:18:47.524+0000] {manager.py:824} INFO - There are 1 files in /opt/airflow/dags
[2026-09-15T18:18:52.561+0000] {manager.py:821} INFO - Searching for files in /opt/airflow/dags
[2026-09-15T18:18:52.613+0000] {manager.py:824} INFO - There are 1 files in /opt/airflow/dags
[2026-09-15T18:18:57.654+0000] {manager.py:821} INFO - Searching for files in /opt/airflow/dags
[2026-09-15T18:18:57.674+0000] {manager.py:824} INFO - There are 1 files in /opt/airflow/dags
[2026-09-15T18:18:57.691+0000] {manager.py:997} INFO - 
================================================================================
DAG File Processing Stats

File Path                            PID  Runtime      # DAGs    # Errors  Last Runtime    Last Run               Last # of DB Queries
---------------------------------  -----  ---------  --------  ----------  --------------  -------------------  ----------------------
/opt/airflow/dags/waseet_daily.py    491  0.00s             1           0  0.11s           2026-09-15T18:18:27                      12
================================================================================
[2026-09-15T18:19:02.726+0000] {manager.py:821} INFO - Searching for files in /opt/airflow/dags
[2026-09-15T18:19:02.758+0000] {manager.py:824} INFO - There are 1 files in /opt/airflow/dags
[2026-09-15T18:19:07.799+0000] {manager.py:821} INFO - Searching for files in /opt/airflow/dags
[2026-09-15T18:19:07.826+0000] {manager.py:824} INFO - There are 1 files in /opt/airflow/dags
[2026-09-15T18:19:12.861+0000] {manager.py:821} INFO - Searching for files in /opt/airflow/dags
[2026-09-15T18:19:12.880+0000] {manager.py:824} INFO - There are 1 files in /opt/airflow/dags
[2026-09-15T18:19:17.917+0000] {manager.py:821} INFO - Searching for files in /opt/airflow/dags
[2026-09-15T18:19:17.943+0000] {manager.py:824} INFO - There are 1 files in /opt/airflow/dags
[2026-09-15T18:19:22.980+0000] {manager.py:821} INFO - Searching for files in /opt/airflow/dags
[2026-09-15T18:19:22.997+0000] {manager.py:824} INFO - There are 1 files in /opt/airflow/dags
[2026-09-15T18:19:28.035+0000] {manager.py:821} INFO - Searching for files in /opt/airflow/dags
[2026-09-15T18:19:28.064+0000] {manager.py:824} INFO - There are 1 files in /opt/airflow/dags
[2026-09-15T18:19:28.082+0000] {manager.py:997} INFO - 
================================================================================
DAG File Processing Stats

File Path                            PID  Runtime      # DAGs    # Errors  Last Runtime    Last Run               Last # of DB Queries
---------------------------------  -----  ---------  --------  ----------  --------------  -------------------  ----------------------
/opt/airflow/dags/waseet_daily.py    496  0.00s             1           0  0.11s           2026-09-15T18:18:57                      12
================================================================================
[2026-09-15T18:19:33.122+0000] {manager.py:821} INFO - Searching for files in /opt/airflow/dags
[2026-09-15T18:19:33.147+0000] {manager.py:824} INFO - There are 1 files in /opt/airflow/dags
[2026-09-15T18:19:38.181+0000] {manager.py:821} INFO - Searching for files in /opt/airflow/dags
[2026-09-15T18:19:38.200+0000] {manager.py:824} INFO - There are 1 files in /opt/airflow/dags
[2026-09-15T18:19:43.240+0000] {manager.py:821} INFO - Searching for files in /opt/airflow/dags
[2026-09-15T18:19:43.260+0000] {manager.py:824} INFO - There are 1 files in /opt/airflow/dags
[2026-09-15T18:19:48.297+0000] {manager.py:821} INFO - Searching for files in /opt/airflow/dags
[2026-09-15T18:19:48.318+0000] {manager.py:824} INFO - There are 1 files in /opt/airflow/dags
[2026-09-15T18:19:53.356+0000] {manager.py:821} INFO - Searching for files in /opt/airflow/dags
[2026-09-15T18:19:53.371+0000] {manager.py:824} INFO - There are 1 files in /opt/airflow/dags
[2026-09-15T18:19:58.406+0000] {manager.py:821} INFO - Searching for files in /opt/airflow/dags
[2026-09-15T18:19:58.422+0000] {manager.py:824} INFO - There are 1 files in /opt/airflow/dags
[2026-09-15T18:19:58.437+0000] {manager.py:997} INFO - 
================================================================================
DAG File Processing Stats

File Path                            PID  Runtime      # DAGs    # Errors  Last Runtime    Last Run               Last # of DB Queries
---------------------------------  -----  ---------  --------  ----------  --------------  -------------------  ----------------------
/opt/airflow/dags/waseet_daily.py    501  0.00s             1           0  0.11s           2026-09-15T18:19:28                      12
================================================================================
[2026-09-15T18:20:03.475+0000] {manager.py:821} INFO - Searching for files in /opt/airflow/dags
[2026-09-15T18:20:03.508+0000] {manager.py:824} INFO - There are 1 files in /opt/airflow/dags
[2026-09-15T18:20:08.542+0000] {manager.py:821} INFO - Searching for files in /opt/airflow/dags
[2026-09-15T18:20:08.567+0000] {manager.py:824} INFO - There are 1 files in /opt/airflow/dags
[2026-09-15T18:20:13.606+0000] {manager.py:821} INFO - Searching for files in /opt/airflow/dags
[2026-09-15T18:20:13.632+0000] {manager.py:824} INFO - There are 1 files in /opt/airflow/dags
[2026-09-15T18:20:18.674+0000] {manager.py:821} INFO - Searching for files in /opt/airflow/dags
[2026-09-15T18:20:18.691+0000] {manager.py:824} INFO - There are 1 files in /opt/airflow/dags
[2026-09-15T18:20:23.724+0000] {manager.py:821} INFO - Searching for files in /opt/airflow/dags
[2026-09-15T18:20:23.764+0000] {manager.py:824} INFO - There are 1 files in /opt/airflow/dags
[2026-09-15T18:20:28.806+0000] {manager.py:821} INFO - Searching for files in /opt/airflow/dags
[2026-09-15T18:20:28.850+0000] {manager.py:824} INFO - There are 1 files in /opt/airflow/dags
[2026-09-15T18:20:28.867+0000] {manager.py:997} INFO - 
================================================================================
DAG File Processing Stats

File Path                            PID  Runtime      # DAGs    # Errors  Last Runtime    Last Run               Last # of DB Queries
---------------------------------  -----  ---------  --------  ----------  --------------  -------------------  ----------------------
/opt/airflow/dags/waseet_daily.py    506  0.00s             1           0  0.11s           2026-09-15T18:19:58                      12
================================================================================
[2026-09-15T18:20:33.908+0000] {manager.py:821} INFO - Searching for files in /opt/airflow/dags
[2026-09-15T18:20:33.928+0000] {manager.py:824} INFO - There are 1 files in /opt/airflow/dags
[2026-09-15T18:20:38.966+0000] {manager.py:821} INFO - Searching for files in /opt/airflow/dags
[2026-09-15T18:20:38.992+0000] {manager.py:824} INFO - There are 1 files in /opt/airflow/dags
[2026-09-15T18:20:44.028+0000] {manager.py:821} INFO - Searching for files in /opt/airflow/dags
[2026-09-15T18:20:44.057+0000] {manager.py:824} INFO - There are 1 files in /opt/airflow/dags
[2026-09-15T18:20:49.095+0000] {manager.py:821} INFO - Searching for files in /opt/airflow/dags
[2026-09-15T18:20:49.124+0000] {manager.py:824} INFO - There are 1 files in /opt/airflow/dags
[2026-09-15T18:20:54.159+0000] {manager.py:821} INFO - Searching for files in /opt/airflow/dags
[2026-09-15T18:20:54.192+0000] {manager.py:824} INFO - There are 1 files in /opt/airflow/dags
[2026-09-15T18:20:59.234+0000] {manager.py:821} INFO - Searching for files in /opt/airflow/dags
[2026-09-15T18:20:59.262+0000] {manager.py:824} INFO - There are 1 files in /opt/airflow/dags
[2026-09-15T18:20:59.282+0000] {manager.py:997} INFO - 
================================================================================
DAG File Processing Stats

File Path                            PID  Runtime      # DAGs    # Errors  Last Runtime    Last Run               Last # of DB Queries
---------------------------------  -----  ---------  --------  ----------  --------------  -------------------  ----------------------
/opt/airflow/dags/waseet_daily.py    511  0.00s             1           0  0.11s           2026-09-15T18:20:28                      12
================================================================================
[2026-09-15T18:21:04.323+0000] {manager.py:821} INFO - Searching for files in /opt/airflow/dags
[2026-09-15T18:21:04.338+0000] {manager.py:824} INFO - There are 1 files in /opt/airflow/dags
[2026-09-15T18:21:09.372+0000] {manager.py:821} INFO - Searching for files in /opt/airflow/dags
[2026-09-15T18:21:09.405+0000] {manager.py:824} INFO - There are 1 files in /opt/airflow/dags
[2026-09-15T18:21:14.444+0000] {manager.py:821} INFO - Searching for files in /opt/airflow/dags
[2026-09-15T18:21:14.480+0000] {manager.py:824} INFO - There are 1 files in /opt/airflow/dags
[2026-09-15T18:21:19.518+0000] {manager.py:821} INFO - Searching for files in /opt/airflow/dags
[2026-09-15T18:21:19.546+0000] {manager.py:824} INFO - There are 1 files in /opt/airflow/dags
[2026-09-15T18:21:24.587+0000] {manager.py:821} INFO - Searching for files in /opt/airflow/dags
[2026-09-15T18:21:24.609+0000] {manager.py:824} INFO - There are 1 files in /opt/airflow/dags
[2026-09-15T18:21:29.646+0000] {manager.py:821} INFO - Searching for files in /opt/airflow/dags
[2026-09-15T18:21:29.669+0000] {manager.py:824} INFO - There are 1 files in /opt/airflow/dags
[2026-09-15T18:21:29.686+0000] {manager.py:997} INFO - 
================================================================================
DAG File Processing Stats

File Path                            PID  Runtime      # DAGs    # Errors  Last Runtime    Last Run               Last # of DB Queries
---------------------------------  -----  ---------  --------  ----------  --------------  -------------------  ----------------------
/opt/airflow/dags/waseet_daily.py    516  0.00s             1           0  0.10s           2026-09-15T18:20:59                      12
================================================================================
[2026-09-15T18:21:34.723+0000] {manager.py:821} INFO - Searching for files in /opt/airflow/dags
[2026-09-15T18:21:34.755+0000] {manager.py:824} INFO - There are 1 files in /opt/airflow/dags
[2026-09-15T18:21:39.796+0000] {manager.py:821} INFO - Searching for files in /opt/airflow/dags
[2026-09-15T18:21:39.823+0000] {manager.py:824} INFO - There are 1 files in /opt/airflow/dags
[2026-09-15T18:21:44.863+0000] {manager.py:821} INFO - Searching for files in /opt/airflow/dags
[2026-09-15T18:21:44.896+0000] {manager.py:824} INFO - There are 1 files in /opt/airflow/dags
[2026-09-15T18:21:49.932+0000] {manager.py:821} INFO - Searching for files in /opt/airflow/dags
[2026-09-15T18:21:49.945+0000] {manager.py:824} INFO - There are 1 files in /opt/airflow/dags
[2026-09-15T18:21:54.989+0000] {manager.py:821} INFO - Searching for files in /opt/airflow/dags
[2026-09-15T18:21:55.016+0000] {manager.py:824} INFO - There are 1 files in /opt/airflow/dags
[2026-09-15T18:22:00.065+0000] {manager.py:821} INFO - Searching for files in /opt/airflow/dags
[2026-09-15T18:22:00.091+0000] {manager.py:824} INFO - There are 1 files in /opt/airflow/dags
[2026-09-15T18:22:00.108+0000] {manager.py:997} INFO - 
================================================================================
DAG File Processing Stats

File Path                            PID  Runtime      # DAGs    # Errors  Last Runtime    Last Run               Last # of DB Queries
---------------------------------  -----  ---------  --------  ----------  --------------  -------------------  ----------------------
/opt/airflow/dags/waseet_daily.py    521  0.00s             1           0  0.11s           2026-09-15T18:21:29                      12
================================================================================
[2026-09-15T18:22:05.146+0000] {manager.py:821} INFO - Searching for files in /opt/airflow/dags
[2026-09-15T18:22:05.180+0000] {manager.py:824} INFO - There are 1 files in /opt/airflow/dags
[2026-09-15T18:22:10.221+0000] {manager.py:821} INFO - Searching for files in /opt/airflow/dags
[2026-09-15T18:22:10.250+0000] {manager.py:824} INFO - There are 1 files in /opt/airflow/dags
[2026-09-15T18:22:15.281+0000] {manager.py:821} INFO - Searching for files in /opt/airflow/dags
[2026-09-15T18:22:15.300+0000] {manager.py:824} INFO - There are 1 files in /opt/airflow/dags
[2026-09-15T18:22:20.340+0000] {manager.py:821} INFO - Searching for files in /opt/airflow/dags
[2026-09-15T18:22:20.365+0000] {manager.py:824} INFO - There are 1 files in /opt/airflow/dags
[2026-09-15T18:22:25.401+0000] {manager.py:821} INFO - Searching for files in /opt/airflow/dags
[2026-09-15T18:22:25.422+0000] {manager.py:824} INFO - There are 1 files in /opt/airflow/dags
[2026-09-15T18:22:30.462+0000] {manager.py:821} INFO - Searching for files in /opt/airflow/dags
[2026-09-15T18:22:30.491+0000] {manager.py:824} INFO - There are 1 files in /opt/airflow/dags
[2026-09-15T18:22:30.512+0000] {manager.py:997} INFO - 
================================================================================
DAG File Processing Stats

File Path                            PID  Runtime      # DAGs    # Errors  Last Runtime    Last Run               Last # of DB Queries
---------------------------------  -----  ---------  --------  ----------  --------------  -------------------  ----------------------
/opt/airflow/dags/waseet_daily.py    526  0.00s             1           0  0.09s           2026-09-15T18:22:00                      12
================================================================================
[2026-09-15T18:22:35.549+0000] {manager.py:821} INFO - Searching for files in /opt/airflow/dags
[2026-09-15T18:22:35.575+0000] {manager.py:824} INFO - There are 1 files in /opt/airflow/dags
[2026-09-15T18:22:40.618+0000] {manager.py:821} INFO - Searching for files in /opt/airflow/dags
[2026-09-15T18:22:40.650+0000] {manager.py:824} INFO - There are 1 files in /opt/airflow/dags
[2026-09-15T18:22:45.693+0000] {manager.py:821} INFO - Searching for files in /opt/airflow/dags
[2026-09-15T18:22:45.728+0000] {manager.py:824} INFO - There are 1 files in /opt/airflow/dags
[2026-09-15T18:22:50.773+0000] {manager.py:821} INFO - Searching for files in /opt/airflow/dags
[2026-09-15T18:22:50.807+0000] {manager.py:824} INFO - There are 1 files in /opt/airflow/dags
[2026-09-15T18:22:55.845+0000] {manager.py:821} INFO - Searching for files in /opt/airflow/dags
[2026-09-15T18:22:55.863+0000] {manager.py:824} INFO - There are 1 files in /opt/airflow/dags
[2026-09-15T18:23:00.908+0000] {manager.py:821} INFO - Searching for files in /opt/airflow/dags
[2026-09-15T18:23:00.927+0000] {manager.py:824} INFO - There are 1 files in /opt/airflow/dags
[2026-09-15T18:23:00.945+0000] {manager.py:997} INFO - 
================================================================================
DAG File Processing Stats

File Path                            PID  Runtime      # DAGs    # Errors  Last Runtime    Last Run               Last # of DB Queries
---------------------------------  -----  ---------  --------  ----------  --------------  -------------------  ----------------------
/opt/airflow/dags/waseet_daily.py    531  0.00s             1           0  0.12s           2026-09-15T18:22:30                      12
================================================================================
[2026-09-15T18:23:05.979+0000] {manager.py:821} INFO - Searching for files in /opt/airflow/dags
[2026-09-15T18:23:06.002+0000] {manager.py:824} INFO - There are 1 files in /opt/airflow/dags
[2026-09-15T18:23:11.039+0000] {manager.py:821} INFO - Searching for files in /opt/airflow/dags
[2026-09-15T18:23:11.061+0000] {manager.py:824} INFO - There are 1 files in /opt/airflow/dags
[2026-09-15T18:23:16.099+0000] {manager.py:821} INFO - Searching for files in /opt/airflow/dags
[2026-09-15T18:23:16.123+0000] {manager.py:824} INFO - There are 1 files in /opt/airflow/dags
[2026-09-15T18:23:21.160+0000] {manager.py:821} INFO - Searching for files in /opt/airflow/dags
[2026-09-15T18:23:21.189+0000] {manager.py:824} INFO - There are 1 files in /opt/airflow/dags
[2026-09-15T18:23:26.224+0000] {manager.py:821} INFO - Searching for files in /opt/airflow/dags
[2026-09-15T18:23:26.240+0000] {manager.py:824} INFO - There are 1 files in /opt/airflow/dags
[2026-09-15T18:23:31.281+0000] {manager.py:821} INFO - Searching for files in /opt/airflow/dags
[2026-09-15T18:23:31.319+0000] {manager.py:824} INFO - There are 1 files in /opt/airflow/dags
[2026-09-15T18:23:31.338+0000] {manager.py:997} INFO - 
================================================================================
DAG File Processing Stats

File Path                            PID  Runtime      # DAGs    # Errors  Last Runtime    Last Run               Last # of DB Queries
---------------------------------  -----  ---------  --------  ----------  --------------  -------------------  ----------------------
/opt/airflow/dags/waseet_daily.py    536  0.00s             1           0  0.11s           2026-09-15T18:23:01                      12
================================================================================
[2026-09-15T18:23:36.373+0000] {manager.py:821} INFO - Searching for files in /opt/airflow/dags
[2026-09-15T18:23:36.392+0000] {manager.py:824} INFO - There are 1 files in /opt/airflow/dags
[2026-09-15T18:23:41.430+0000] {manager.py:821} INFO - Searching for files in /opt/airflow/dags
[2026-09-15T18:23:41.457+0000] {manager.py:824} INFO - There are 1 files in /opt/airflow/dags
[2026-09-15T18:23:46.491+0000] {manager.py:821} INFO - Searching for files in /opt/airflow/dags
[2026-09-15T18:23:46.508+0000] {manager.py:824} INFO - There are 1 files in /opt/airflow/dags
[2026-09-15T18:23:51.542+0000] {manager.py:821} INFO - Searching for files in /opt/airflow/dags
[2026-09-15T18:23:51.568+0000] {manager.py:824} INFO - There are 1 files in /opt/airflow/dags
[2026-09-15T18:23:56.605+0000] {manager.py:821} INFO - Searching for files in /opt/airflow/dags
[2026-09-15T18:23:56.645+0000] {manager.py:824} INFO - There are 1 files in /opt/airflow/dags
[2026-09-15T18:24:01.691+0000] {manager.py:821} INFO - Searching for files in /opt/airflow/dags
[2026-09-15T18:24:01.715+0000] {manager.py:824} INFO - There are 1 files in /opt/airflow/dags
[2026-09-15T18:24:01.733+0000] {manager.py:997} INFO - 
================================================================================
DAG File Processing Stats

File Path                            PID  Runtime      # DAGs    # Errors  Last Runtime    Last Run               Last # of DB Queries
---------------------------------  -----  ---------  --------  ----------  --------------  -------------------  ----------------------
/opt/airflow/dags/waseet_daily.py    541  0.00s             1           0  0.12s           2026-09-15T18:23:31                      12
================================================================================
[2026-09-15T18:24:06.773+0000] {manager.py:821} INFO - Searching for files in /opt/airflow/dags
[2026-09-15T18:24:06.796+0000] {manager.py:824} INFO - There are 1 files in /opt/airflow/dags
[2026-09-15T18:24:11.838+0000] {manager.py:821} INFO - Searching for files in /opt/airflow/dags
[2026-09-15T18:24:11.856+0000] {manager.py:824} INFO - There are 1 files in /opt/airflow/dags
[2026-09-15T18:24:16.895+0000] {manager.py:821} INFO - Searching for files in /opt/airflow/dags
[2026-09-15T18:24:16.911+0000] {manager.py:824} INFO - There are 1 files in /opt/airflow/dags
[2026-09-15T18:24:21.961+0000] {manager.py:821} INFO - Searching for files in /opt/airflow/dags
[2026-09-15T18:24:21.998+0000] {manager.py:824} INFO - There are 1 files in /opt/airflow/dags
[2026-09-15T18:24:27.045+0000] {manager.py:821} INFO - Searching for files in /opt/airflow/dags
[2026-09-15T18:24:27.070+0000] {manager.py:824} INFO - There are 1 files in /opt/airflow/dags
[2026-09-15T18:24:32.105+0000] {manager.py:821} INFO - Searching for files in /opt/airflow/dags
[2026-09-15T18:24:32.126+0000] {manager.py:824} INFO - There are 1 files in /opt/airflow/dags
[2026-09-15T18:24:32.151+0000] {manager.py:997} INFO - 
================================================================================
DAG File Processing Stats

File Path                            PID  Runtime      # DAGs    # Errors  Last Runtime    Last Run               Last # of DB Queries
---------------------------------  -----  ---------  --------  ----------  --------------  -------------------  ----------------------
/opt/airflow/dags/waseet_daily.py    546  0.00s             1           0  0.11s           2026-09-15T18:24:01                      12
================================================================================
[2026-09-15T18:24:37.188+0000] {manager.py:821} INFO - Searching for files in /opt/airflow/dags
[2026-09-15T18:24:37.226+0000] {manager.py:824} INFO - There are 1 files in /opt/airflow/dags
[2026-09-15T18:24:42.266+0000] {manager.py:821} INFO - Searching for files in /opt/airflow/dags
[2026-09-15T18:24:42.280+0000] {manager.py:824} INFO - There are 1 files in /opt/airflow/dags
[2026-09-15T18:24:47.320+0000] {manager.py:821} INFO - Searching for files in /opt/airflow/dags
[2026-09-15T18:24:47.359+0000] {manager.py:824} INFO - There are 1 files in /opt/airflow/dags
[2026-09-15T18:24:52.396+0000] {manager.py:821} INFO - Searching for files in /opt/airflow/dags
[2026-09-15T18:24:52.412+0000] {manager.py:824} INFO - There are 1 files in /opt/airflow/dags
[2026-09-15T18:24:57.445+0000] {manager.py:821} INFO - Searching for files in /opt/airflow/dags
[2026-09-15T18:24:57.463+0000] {manager.py:824} INFO - There are 1 files in /opt/airflow/dags
[2026-09-15T18:25:02.501+0000] {manager.py:821} INFO - Searching for files in /opt/airflow/dags
[2026-09-15T18:25:02.516+0000] {manager.py:824} INFO - There are 1 files in /opt/airflow/dags
[2026-09-15T18:25:02.533+0000] {manager.py:997} INFO - 
================================================================================
DAG File Processing Stats

File Path                            PID  Runtime      # DAGs    # Errors  Last Runtime    Last Run               Last # of DB Queries
---------------------------------  -----  ---------  --------  ----------  --------------  -------------------  ----------------------
/opt/airflow/dags/waseet_daily.py    551  0.00s             1           0  0.10s           2026-09-15T18:24:32                      12
================================================================================
[2026-09-15T18:25:07.567+0000] {manager.py:821} INFO - Searching for files in /opt/airflow/dags
[2026-09-15T18:25:07.598+0000] {manager.py:824} INFO - There are 1 files in /opt/airflow/dags
[2026-09-15T18:25:12.639+0000] {manager.py:821} INFO - Searching for files in /opt/airflow/dags
[2026-09-15T18:25:12.667+0000] {manager.py:824} INFO - There are 1 files in /opt/airflow/dags
[2026-09-15T18:25:17.705+0000] {manager.py:821} INFO - Searching for files in /opt/airflow/dags
[2026-09-15T18:25:17.736+0000] {manager.py:824} INFO - There are 1 files in /opt/airflow/dags
[2026-09-15T18:25:22.786+0000] {manager.py:821} INFO - Searching for files in /opt/airflow/dags
[2026-09-15T18:25:22.836+0000] {manager.py:824} INFO - There are 1 files in /opt/airflow/dags
[2026-09-15T18:25:27.871+0000] {manager.py:821} INFO - Searching for files in /opt/airflow/dags
[2026-09-15T18:25:27.912+0000] {manager.py:824} INFO - There are 1 files in /opt/airflow/dags
[2026-09-15T18:25:32.950+0000] {manager.py:821} INFO - Searching for files in /opt/airflow/dags
[2026-09-15T18:25:32.983+0000] {manager.py:824} INFO - There are 1 files in /opt/airflow/dags
[2026-09-15T18:25:33.003+0000] {manager.py:997} INFO - 
================================================================================
DAG File Processing Stats

File Path                            PID  Runtime      # DAGs    # Errors  Last Runtime    Last Run               Last # of DB Queries
---------------------------------  -----  ---------  --------  ----------  --------------  -------------------  ----------------------
/opt/airflow/dags/waseet_daily.py    556  0.00s             1           0  0.10s           2026-09-15T18:25:02                      12
================================================================================
[2026-09-15T18:25:38.037+0000] {manager.py:821} INFO - Searching for files in /opt/airflow/dags
[2026-09-15T18:25:38.069+0000] {manager.py:824} INFO - There are 1 files in /opt/airflow/dags
[2026-09-15T18:25:43.106+0000] {manager.py:821} INFO - Searching for files in /opt/airflow/dags
[2026-09-15T18:25:43.138+0000] {manager.py:824} INFO - There are 1 files in /opt/airflow/dags
[2026-09-15T18:25:48.176+0000] {manager.py:821} INFO - Searching for files in /opt/airflow/dags
[2026-09-15T18:25:48.204+0000] {manager.py:824} INFO - There are 1 files in /opt/airflow/dags
[2026-09-15T18:25:53.243+0000] {manager.py:821} INFO - Searching for files in /opt/airflow/dags
[2026-09-15T18:25:53.277+0000] {manager.py:824} INFO - There are 1 files in /opt/airflow/dags
[2026-09-15T18:25:58.321+0000] {manager.py:821} INFO - Searching for files in /opt/airflow/dags
[2026-09-15T18:25:58.356+0000] {manager.py:824} INFO - There are 1 files in /opt/airflow/dags
[2026-09-15T18:26:03.401+0000] {manager.py:821} INFO - Searching for files in /opt/airflow/dags
[2026-09-15T18:26:03.417+0000] {manager.py:824} INFO - There are 1 files in /opt/airflow/dags
[2026-09-15T18:26:03.436+0000] {manager.py:997} INFO - 
================================================================================
DAG File Processing Stats

File Path                            PID  Runtime      # DAGs    # Errors  Last Runtime    Last Run               Last # of DB Queries
---------------------------------  -----  ---------  --------  ----------  --------------  -------------------  ----------------------
/opt/airflow/dags/waseet_daily.py    561  0.00s             1           0  0.12s           2026-09-15T18:25:33                      12
================================================================================
[2026-09-15T18:26:08.465+0000] {manager.py:821} INFO - Searching for files in /opt/airflow/dags
[2026-09-15T18:26:08.495+0000] {manager.py:824} INFO - There are 1 files in /opt/airflow/dags
[2026-09-15T18:26:13.538+0000] {manager.py:821} INFO - Searching for files in /opt/airflow/dags
[2026-09-15T18:26:13.575+0000] {manager.py:824} INFO - There are 1 files in /opt/airflow/dags
[2026-09-15T18:26:18.613+0000] {manager.py:821} INFO - Searching for files in /opt/airflow/dags
[2026-09-15T18:26:18.635+0000] {manager.py:824} INFO - There are 1 files in /opt/airflow/dags
[2026-09-15T18:26:23.676+0000] {manager.py:821} INFO - Searching for files in /opt/airflow/dags
[2026-09-15T18:26:23.691+0000] {manager.py:824} INFO - There are 1 files in /opt/airflow/dags
[2026-09-15T18:26:28.728+0000] {manager.py:821} INFO - Searching for files in /opt/airflow/dags
[2026-09-15T18:26:28.749+0000] {manager.py:824} INFO - There are 1 files in /opt/airflow/dags
[2026-09-15T18:26:33.787+0000] {manager.py:821} INFO - Searching for files in /opt/airflow/dags
[2026-09-15T18:26:33.807+0000] {manager.py:824} INFO - There are 1 files in /opt/airflow/dags
[2026-09-15T18:26:33.824+0000] {manager.py:997} INFO - 
================================================================================
DAG File Processing Stats

File Path                            PID  Runtime      # DAGs    # Errors  Last Runtime    Last Run               Last # of DB Queries
---------------------------------  -----  ---------  --------  ----------  --------------  -------------------  ----------------------
/opt/airflow/dags/waseet_daily.py    566  0.00s             1           0  0.10s           2026-09-15T18:26:03                      12
================================================================================
[2026-09-15T18:26:38.863+0000] {manager.py:821} INFO - Searching for files in /opt/airflow/dags
[2026-09-15T18:26:38.876+0000] {manager.py:824} INFO - There are 1 files in /opt/airflow/dags
[2026-09-15T18:26:43.916+0000] {manager.py:821} INFO - Searching for files in /opt/airflow/dags
[2026-09-15T18:26:43.952+0000] {manager.py:824} INFO - There are 1 files in /opt/airflow/dags
[2026-09-15T18:26:48.987+0000] {manager.py:821} INFO - Searching for files in /opt/airflow/dags
[2026-09-15T18:26:49.019+0000] {manager.py:824} INFO - There are 1 files in /opt/airflow/dags
[2026-09-15T18:26:54.065+0000] {manager.py:821} INFO - Searching for files in /opt/airflow/dags
[2026-09-15T18:26:54.078+0000] {manager.py:824} INFO - There are 1 files in /opt/airflow/dags
[2026-09-15T18:26:59.121+0000] {manager.py:821} INFO - Searching for files in /opt/airflow/dags
[2026-09-15T18:26:59.135+0000] {manager.py:824} INFO - There are 1 files in /opt/airflow/dags
[2026-09-15T18:27:04.177+0000] {manager.py:821} INFO - Searching for files in /opt/airflow/dags
[2026-09-15T18:27:04.208+0000] {manager.py:824} INFO - There are 1 files in /opt/airflow/dags
[2026-09-15T18:27:04.227+0000] {manager.py:997} INFO - 
================================================================================
DAG File Processing Stats

File Path                            PID  Runtime      # DAGs    # Errors  Last Runtime    Last Run               Last # of DB Queries
---------------------------------  -----  ---------  --------  ----------  --------------  -------------------  ----------------------
/opt/airflow/dags/waseet_daily.py    571  0.00s             1           0  0.11s           2026-09-15T18:26:33                      12
================================================================================
[2026-09-15T18:27:09.272+0000] {manager.py:821} INFO - Searching for files in /opt/airflow/dags
[2026-09-15T18:27:09.296+0000] {manager.py:824} INFO - There are 1 files in /opt/airflow/dags
[2026-09-15T18:27:14.339+0000] {manager.py:821} INFO - Searching for files in /opt/airflow/dags
[2026-09-15T18:27:14.361+0000] {manager.py:824} INFO - There are 1 files in /opt/airflow/dags
[2026-09-15T18:27:19.389+0000] {manager.py:821} INFO - Searching for files in /opt/airflow/dags
[2026-09-15T18:27:19.408+0000] {manager.py:824} INFO - There are 1 files in /opt/airflow/dags
[2026-09-15T18:27:24.448+0000] {manager.py:821} INFO - Searching for files in /opt/airflow/dags
[2026-09-15T18:27:24.465+0000] {manager.py:824} INFO - There are 1 files in /opt/airflow/dags
[2026-09-15T18:27:29.508+0000] {manager.py:821} INFO - Searching for files in /opt/airflow/dags
[2026-09-15T18:27:29.525+0000] {manager.py:824} INFO - There are 1 files in /opt/airflow/dags
[2026-09-15T18:27:34.564+0000] {manager.py:821} INFO - Searching for files in /opt/airflow/dags
[2026-09-15T18:27:34.579+0000] {manager.py:824} INFO - There are 1 files in /opt/airflow/dags
[2026-09-15T18:27:34.595+0000] {manager.py:997} INFO - 
================================================================================
DAG File Processing Stats

File Path                            PID  Runtime      # DAGs    # Errors  Last Runtime    Last Run               Last # of DB Queries
---------------------------------  -----  ---------  --------  ----------  --------------  -------------------  ----------------------
/opt/airflow/dags/waseet_daily.py    576  0.00s             1           0  0.13s           2026-09-15T18:27:04                      12
================================================================================
[2026-09-15T18:27:39.631+0000] {manager.py:821} INFO - Searching for files in /opt/airflow/dags
[2026-09-15T18:27:39.676+0000] {manager.py:824} INFO - There are 1 files in /opt/airflow/dags
[2026-09-15T18:27:44.713+0000] {manager.py:821} INFO - Searching for files in /opt/airflow/dags
[2026-09-15T18:27:44.729+0000] {manager.py:824} INFO - There are 1 files in /opt/airflow/dags
[2026-09-15T18:27:49.763+0000] {manager.py:821} INFO - Searching for files in /opt/airflow/dags
[2026-09-15T18:27:49.777+0000] {manager.py:824} INFO - There are 1 files in /opt/airflow/dags
[2026-09-15T18:27:54.819+0000] {manager.py:821} INFO - Searching for files in /opt/airflow/dags
[2026-09-15T18:27:54.842+0000] {manager.py:824} INFO - There are 1 files in /opt/airflow/dags
[2026-09-15T18:27:59.881+0000] {manager.py:821} INFO - Searching for files in /opt/airflow/dags
[2026-09-15T18:27:59.899+0000] {manager.py:824} INFO - There are 1 files in /opt/airflow/dags
[2026-09-15T18:28:04.944+0000] {manager.py:821} INFO - Searching for files in /opt/airflow/dags
[2026-09-15T18:28:04.962+0000] {manager.py:824} INFO - There are 1 files in /opt/airflow/dags
[2026-09-15T18:28:04.980+0000] {manager.py:997} INFO - 
================================================================================
DAG File Processing Stats

File Path                            PID  Runtime      # DAGs    # Errors  Last Runtime    Last Run               Last # of DB Queries
---------------------------------  -----  ---------  --------  ----------  --------------  -------------------  ----------------------
/opt/airflow/dags/waseet_daily.py    581  0.00s             1           0  0.11s           2026-09-15T18:27:34                      12
================================================================================
[2026-09-15T18:28:10.015+0000] {manager.py:821} INFO - Searching for files in /opt/airflow/dags
[2026-09-15T18:28:10.030+0000] {manager.py:824} INFO - There are 1 files in /opt/airflow/dags
[2026-09-15T18:28:15.065+0000] {manager.py:821} INFO - Searching for files in /opt/airflow/dags
[2026-09-15T18:28:15.085+0000] {manager.py:824} INFO - There are 1 files in /opt/airflow/dags
[2026-09-15T18:28:20.123+0000] {manager.py:821} INFO - Searching for files in /opt/airflow/dags
[2026-09-15T18:28:20.143+0000] {manager.py:824} INFO - There are 1 files in /opt/airflow/dags
[2026-09-15T18:28:25.188+0000] {manager.py:821} INFO - Searching for files in /opt/airflow/dags
[2026-09-15T18:28:25.212+0000] {manager.py:824} INFO - There are 1 files in /opt/airflow/dags
[2026-09-15T18:28:30.255+0000] {manager.py:821} INFO - Searching for files in /opt/airflow/dags
[2026-09-15T18:28:30.274+0000] {manager.py:824} INFO - There are 1 files in /opt/airflow/dags
[2026-09-15T18:28:35.306+0000] {manager.py:821} INFO - Searching for files in /opt/airflow/dags
[2026-09-15T18:28:35.332+0000] {manager.py:824} INFO - There are 1 files in /opt/airflow/dags
[2026-09-15T18:28:35.349+0000] {manager.py:997} INFO - 
================================================================================
DAG File Processing Stats

File Path                            PID  Runtime      # DAGs    # Errors  Last Runtime    Last Run               Last # of DB Queries
---------------------------------  -----  ---------  --------  ----------  --------------  -------------------  ----------------------
/opt/airflow/dags/waseet_daily.py    586  0.00s             1           0  0.11s           2026-09-15T18:28:05                      12
================================================================================
[2026-09-15T18:28:40.383+0000] {manager.py:821} INFO - Searching for files in /opt/airflow/dags
[2026-09-15T18:28:40.402+0000] {manager.py:824} INFO - There are 1 files in /opt/airflow/dags
[2026-09-15T18:28:45.444+0000] {manager.py:821} INFO - Searching for files in /opt/airflow/dags
[2026-09-15T18:28:45.465+0000] {manager.py:824} INFO - There are 1 files in /opt/airflow/dags
[2026-09-15T18:28:50.504+0000] {manager.py:821} INFO - Searching for files in /opt/airflow/dags
[2026-09-15T18:28:50.529+0000] {manager.py:824} INFO - There are 1 files in /opt/airflow/dags
[2026-09-15T18:28:55.570+0000] {manager.py:821} INFO - Searching for files in /opt/airflow/dags
[2026-09-15T18:28:55.608+0000] {manager.py:824} INFO - There are 1 files in /opt/airflow/dags
[2026-09-15T18:29:00.644+0000] {manager.py:821} INFO - Searching for files in /opt/airflow/dags
[2026-09-15T18:29:00.665+0000] {manager.py:824} INFO - There are 1 files in /opt/airflow/dags
[2026-09-15T18:29:05.705+0000] {manager.py:821} INFO - Searching for files in /opt/airflow/dags
[2026-09-15T18:29:05.720+0000] {manager.py:824} INFO - There are 1 files in /opt/airflow/dags
[2026-09-15T18:29:05.736+0000] {manager.py:997} INFO - 
================================================================================
DAG File Processing Stats

File Path                            PID  Runtime      # DAGs    # Errors  Last Runtime    Last Run               Last # of DB Queries
---------------------------------  -----  ---------  --------  ----------  --------------  -------------------  ----------------------
/opt/airflow/dags/waseet_daily.py    591  0.00s             1           0  0.10s           2026-09-15T18:28:35                      12
================================================================================
[2026-09-15T18:29:10.772+0000] {manager.py:821} INFO - Searching for files in /opt/airflow/dags
[2026-09-15T18:29:10.789+0000] {manager.py:824} INFO - There are 1 files in /opt/airflow/dags
[2026-09-15T18:29:15.831+0000] {manager.py:821} INFO - Searching for files in /opt/airflow/dags
[2026-09-15T18:29:15.849+0000] {manager.py:824} INFO - There are 1 files in /opt/airflow/dags
[2026-09-15T18:29:20.886+0000] {manager.py:821} INFO - Searching for files in /opt/airflow/dags
[2026-09-15T18:29:20.910+0000] {manager.py:824} INFO - There are 1 files in /opt/airflow/dags
[2026-09-15T18:29:25.949+0000] {manager.py:821} INFO - Searching for files in /opt/airflow/dags
[2026-09-15T18:29:25.982+0000] {manager.py:824} INFO - There are 1 files in /opt/airflow/dags
[2026-09-15T18:29:31.016+0000] {manager.py:821} INFO - Searching for files in /opt/airflow/dags
[2026-09-15T18:29:31.045+0000] {manager.py:824} INFO - There are 1 files in /opt/airflow/dags
[2026-09-15T18:29:36.080+0000] {manager.py:821} INFO - Searching for files in /opt/airflow/dags
[2026-09-15T18:29:36.099+0000] {manager.py:824} INFO - There are 1 files in /opt/airflow/dags
[2026-09-15T18:29:36.124+0000] {manager.py:997} INFO - 
================================================================================
DAG File Processing Stats

File Path                            PID  Runtime      # DAGs    # Errors  Last Runtime    Last Run               Last # of DB Queries
---------------------------------  -----  ---------  --------  ----------  --------------  -------------------  ----------------------
/opt/airflow/dags/waseet_daily.py    596  0.00s             1           0  0.11s           2026-09-15T18:29:05                      12
================================================================================
[2026-09-15T18:29:41.162+0000] {manager.py:821} INFO - Searching for files in /opt/airflow/dags
[2026-09-15T18:29:41.177+0000] {manager.py:824} INFO - There are 1 files in /opt/airflow/dags
[2026-09-15T18:29:46.213+0000] {manager.py:821} INFO - Searching for files in /opt/airflow/dags
[2026-09-15T18:29:46.227+0000] {manager.py:824} INFO - There are 1 files in /opt/airflow/dags
[2026-09-15T18:29:51.264+0000] {manager.py:821} INFO - Searching for files in /opt/airflow/dags
[2026-09-15T18:29:51.289+0000] {manager.py:824} INFO - There are 1 files in /opt/airflow/dags
[2026-09-15T18:29:56.329+0000] {manager.py:821} INFO - Searching for files in /opt/airflow/dags
[2026-09-15T18:29:56.357+0000] {manager.py:824} INFO - There are 1 files in /opt/airflow/dags
[2026-09-15T18:30:01.393+0000] {manager.py:821} INFO - Searching for files in /opt/airflow/dags
[2026-09-15T18:30:01.413+0000] {manager.py:824} INFO - There are 1 files in /opt/airflow/dags
[2026-09-15T18:30:06.451+0000] {manager.py:821} INFO - Searching for files in /opt/airflow/dags
[2026-09-15T18:30:06.469+0000] {manager.py:824} INFO - There are 1 files in /opt/airflow/dags
[2026-09-15T18:30:06.487+0000] {manager.py:997} INFO - 
================================================================================
DAG File Processing Stats

File Path                            PID  Runtime      # DAGs    # Errors  Last Runtime    Last Run               Last # of DB Queries
---------------------------------  -----  ---------  --------  ----------  --------------  -------------------  ----------------------
/opt/airflow/dags/waseet_daily.py    601  0.00s             1           0  0.11s           2026-09-15T18:29:36                      12
================================================================================
[2026-09-15T18:30:11.525+0000] {manager.py:821} INFO - Searching for files in /opt/airflow/dags
[2026-09-15T18:30:11.544+0000] {manager.py:824} INFO - There are 1 files in /opt/airflow/dags
[2026-09-15T18:30:16.584+0000] {manager.py:821} INFO - Searching for files in /opt/airflow/dags
[2026-09-15T18:30:16.604+0000] {manager.py:824} INFO - There are 1 files in /opt/airflow/dags
[2026-09-15T18:30:21.646+0000] {manager.py:821} INFO - Searching for files in /opt/airflow/dags
[2026-09-15T18:30:21.672+0000] {manager.py:824} INFO - There are 1 files in /opt/airflow/dags
[2026-09-15T18:30:26.707+0000] {manager.py:821} INFO - Searching for files in /opt/airflow/dags
[2026-09-15T18:30:26.720+0000] {manager.py:824} INFO - There are 1 files in /opt/airflow/dags
[2026-09-15T18:30:31.760+0000] {manager.py:821} INFO - Searching for files in /opt/airflow/dags
[2026-09-15T18:30:31.803+0000] {manager.py:824} INFO - There are 1 files in /opt/airflow/dags
[2026-09-15T18:30:36.842+0000] {manager.py:821} INFO - Searching for files in /opt/airflow/dags
[2026-09-15T18:30:36.858+0000] {manager.py:824} INFO - There are 1 files in /opt/airflow/dags
[2026-09-15T18:30:36.875+0000] {manager.py:997} INFO - 
================================================================================
DAG File Processing Stats

File Path                            PID  Runtime      # DAGs    # Errors  Last Runtime    Last Run               Last # of DB Queries
---------------------------------  -----  ---------  --------  ----------  --------------  -------------------  ----------------------
/opt/airflow/dags/waseet_daily.py    606  0.00s             1           0  0.11s           2026-09-15T18:30:06                      12
================================================================================
[2026-09-15T18:30:41.912+0000] {manager.py:821} INFO - Searching for files in /opt/airflow/dags
[2026-09-15T18:30:41.931+0000] {manager.py:824} INFO - There are 1 files in /opt/airflow/dags
[2026-09-15T18:30:46.972+0000] {manager.py:821} INFO - Searching for files in /opt/airflow/dags
[2026-09-15T18:30:46.994+0000] {manager.py:824} INFO - There are 1 files in /opt/airflow/dags
[2026-09-15T18:30:52.040+0000] {manager.py:821} INFO - Searching for files in /opt/airflow/dags
[2026-09-15T18:30:52.070+0000] {manager.py:824} INFO - There are 1 files in /opt/airflow/dags
[2026-09-15T18:30:57.113+0000] {manager.py:821} INFO - Searching for files in /opt/airflow/dags
[2026-09-15T18:30:57.162+0000] {manager.py:824} INFO - There are 1 files in /opt/airflow/dags
[2026-09-15T18:31:02.199+0000] {manager.py:821} INFO - Searching for files in /opt/airflow/dags
[2026-09-15T18:31:02.235+0000] {manager.py:824} INFO - There are 1 files in /opt/airflow/dags
[2026-09-15T18:31:07.272+0000] {manager.py:821} INFO - Searching for files in /opt/airflow/dags
[2026-09-15T18:31:07.300+0000] {manager.py:824} INFO - There are 1 files in /opt/airflow/dags
[2026-09-15T18:31:07.315+0000] {manager.py:997} INFO - 
================================================================================
DAG File Processing Stats

File Path                            PID  Runtime      # DAGs    # Errors  Last Runtime    Last Run               Last # of DB Queries
---------------------------------  -----  ---------  --------  ----------  --------------  -------------------  ----------------------
/opt/airflow/dags/waseet_daily.py    611  0.00s             1           0  0.10s           2026-09-15T18:30:36                      12
================================================================================
[2026-09-15T18:31:12.350+0000] {manager.py:821} INFO - Searching for files in /opt/airflow/dags
[2026-09-15T18:31:12.365+0000] {manager.py:824} INFO - There are 1 files in /opt/airflow/dags
[2026-09-15T18:31:17.405+0000] {manager.py:821} INFO - Searching for files in /opt/airflow/dags
[2026-09-15T18:31:17.420+0000] {manager.py:824} INFO - There are 1 files in /opt/airflow/dags
[2026-09-15T18:31:22.465+0000] {manager.py:821} INFO - Searching for files in /opt/airflow/dags
[2026-09-15T18:31:22.501+0000] {manager.py:824} INFO - There are 1 files in /opt/airflow/dags
[2026-09-15T18:31:27.539+0000] {manager.py:821} INFO - Searching for files in /opt/airflow/dags
[2026-09-15T18:31:27.569+0000] {manager.py:824} INFO - There are 1 files in /opt/airflow/dags
[2026-09-15T18:31:32.616+0000] {manager.py:821} INFO - Searching for files in /opt/airflow/dags
[2026-09-15T18:31:32.642+0000] {manager.py:824} INFO - There are 1 files in /opt/airflow/dags
[2026-09-15T18:31:37.677+0000] {manager.py:821} INFO - Searching for files in /opt/airflow/dags
[2026-09-15T18:31:37.707+0000] {manager.py:824} INFO - There are 1 files in /opt/airflow/dags
[2026-09-15T18:31:37.724+0000] {manager.py:997} INFO - 
================================================================================
DAG File Processing Stats

File Path                            PID  Runtime      # DAGs    # Errors  Last Runtime    Last Run               Last # of DB Queries
---------------------------------  -----  ---------  --------  ----------  --------------  -------------------  ----------------------
/opt/airflow/dags/waseet_daily.py    616  0.00s             1           0  0.14s           2026-09-15T18:31:07                      12
================================================================================
[2026-09-15T18:31:42.768+0000] {manager.py:821} INFO - Searching for files in /opt/airflow/dags
[2026-09-15T18:31:42.789+0000] {manager.py:824} INFO - There are 1 files in /opt/airflow/dags
[2026-09-15T18:31:47.826+0000] {manager.py:821} INFO - Searching for files in /opt/airflow/dags
[2026-09-15T18:31:47.842+0000] {manager.py:824} INFO - There are 1 files in /opt/airflow/dags
[2026-09-15T18:31:52.874+0000] {manager.py:821} INFO - Searching for files in /opt/airflow/dags
[2026-09-15T18:31:52.892+0000] {manager.py:824} INFO - There are 1 files in /opt/airflow/dags
[2026-09-15T18:31:57.941+0000] {manager.py:821} INFO - Searching for files in /opt/airflow/dags
[2026-09-15T18:31:57.987+0000] {manager.py:824} INFO - There are 1 files in /opt/airflow/dags
[2026-09-15T18:32:03.042+0000] {manager.py:821} INFO - Searching for files in /opt/airflow/dags
[2026-09-15T18:32:03.073+0000] {manager.py:824} INFO - There are 1 files in /opt/airflow/dags
[2026-09-15T18:32:08.128+0000] {manager.py:821} INFO - Searching for files in /opt/airflow/dags
[2026-09-15T18:32:08.185+0000] {manager.py:824} INFO - There are 1 files in /opt/airflow/dags
[2026-09-15T18:32:08.227+0000] {manager.py:997} INFO - 
================================================================================
DAG File Processing Stats

File Path                            PID  Runtime      # DAGs    # Errors  Last Runtime    Last Run               Last # of DB Queries
---------------------------------  -----  ---------  --------  ----------  --------------  -------------------  ----------------------
/opt/airflow/dags/waseet_daily.py    621  0.00s             1           0  0.12s           2026-09-15T18:31:37                      12
================================================================================
[2026-09-15T18:32:13.298+0000] {manager.py:821} INFO - Searching for files in /opt/airflow/dags
[2026-09-15T18:32:13.336+0000] {manager.py:824} INFO - There are 1 files in /opt/airflow/dags
[2026-09-15T18:32:18.398+0000] {manager.py:821} INFO - Searching for files in /opt/airflow/dags
[2026-09-15T18:32:18.455+0000] {manager.py:824} INFO - There are 1 files in /opt/airflow/dags
[2026-09-15T18:32:23.506+0000] {manager.py:821} INFO - Searching for files in /opt/airflow/dags
[2026-09-15T18:32:23.537+0000] {manager.py:824} INFO - There are 1 files in /opt/airflow/dags
[2026-09-15T18:32:28.582+0000] {manager.py:821} INFO - Searching for files in /opt/airflow/dags
[2026-09-15T18:32:28.632+0000] {manager.py:824} INFO - There are 1 files in /opt/airflow/dags
[2026-09-15T18:32:33.680+0000] {manager.py:821} INFO - Searching for files in /opt/airflow/dags
[2026-09-15T18:32:33.716+0000] {manager.py:824} INFO - There are 1 files in /opt/airflow/dags
[2026-09-15T18:32:38.800+0000] {manager.py:821} INFO - Searching for files in /opt/airflow/dags
[2026-09-15T18:32:38.836+0000] {manager.py:824} INFO - There are 1 files in /opt/airflow/dags
[2026-09-15T18:32:38.854+0000] {manager.py:997} INFO - 
================================================================================
DAG File Processing Stats

File Path                            PID  Runtime      # DAGs    # Errors  Last Runtime    Last Run               Last # of DB Queries
---------------------------------  -----  ---------  --------  ----------  --------------  -------------------  ----------------------
/opt/airflow/dags/waseet_daily.py    626  0.00s             1           0  0.09s           2026-09-15T18:32:08                      12
================================================================================
[2026-09-15T18:32:43.920+0000] {manager.py:821} INFO - Searching for files in /opt/airflow/dags
[2026-09-15T18:32:43.979+0000] {manager.py:824} INFO - There are 1 files in /opt/airflow/dags
[2026-09-15T18:32:49.051+0000] {manager.py:821} INFO - Searching for files in /opt/airflow/dags
[2026-09-15T18:32:49.087+0000] {manager.py:824} INFO - There are 1 files in /opt/airflow/dags
[2026-09-15T18:32:54.146+0000] {manager.py:821} INFO - Searching for files in /opt/airflow/dags
[2026-09-15T18:32:54.198+0000] {manager.py:824} INFO - There are 1 files in /opt/airflow/dags
[2026-09-15T18:32:59.263+0000] {manager.py:821} INFO - Searching for files in /opt/airflow/dags
[2026-09-15T18:32:59.288+0000] {manager.py:824} INFO - There are 1 files in /opt/airflow/dags
[2026-09-15T18:33:04.333+0000] {manager.py:821} INFO - Searching for files in /opt/airflow/dags
[2026-09-15T18:33:04.395+0000] {manager.py:824} INFO - There are 1 files in /opt/airflow/dags
[2026-09-15T18:33:09.476+0000] {manager.py:821} INFO - Searching for files in /opt/airflow/dags
[2026-09-15T18:33:09.508+0000] {manager.py:824} INFO - There are 1 files in /opt/airflow/dags
[2026-09-15T18:33:09.526+0000] {manager.py:997} INFO - 
================================================================================
DAG File Processing Stats

File Path                            PID  Runtime      # DAGs    # Errors  Last Runtime    Last Run               Last # of DB Queries
---------------------------------  -----  ---------  --------  ----------  --------------  -------------------  ----------------------
/opt/airflow/dags/waseet_daily.py    631  0.00s             1           0  0.12s           2026-09-15T18:32:38                      12
================================================================================
[2026-09-15T18:33:14.583+0000] {manager.py:821} INFO - Searching for files in /opt/airflow/dags
[2026-09-15T18:33:14.646+0000] {manager.py:824} INFO - There are 1 files in /opt/airflow/dags
[2026-09-15T18:33:19.699+0000] {manager.py:821} INFO - Searching for files in /opt/airflow/dags
[2026-09-15T18:33:19.717+0000] {manager.py:824} INFO - There are 1 files in /opt/airflow/dags
[2026-09-15T18:33:24.754+0000] {manager.py:821} INFO - Searching for files in /opt/airflow/dags
[2026-09-15T18:33:24.779+0000] {manager.py:824} INFO - There are 1 files in /opt/airflow/dags
[2026-09-15T18:33:29.824+0000] {manager.py:821} INFO - Searching for files in /opt/airflow/dags
[2026-09-15T18:33:29.854+0000] {manager.py:824} INFO - There are 1 files in /opt/airflow/dags
[2026-09-15T18:33:34.890+0000] {manager.py:821} INFO - Searching for files in /opt/airflow/dags
[2026-09-15T18:33:34.921+0000] {manager.py:824} INFO - There are 1 files in /opt/airflow/dags
[2026-09-15T18:33:39.966+0000] {manager.py:821} INFO - Searching for files in /opt/airflow/dags
[2026-09-15T18:33:40.019+0000] {manager.py:824} INFO - There are 1 files in /opt/airflow/dags
[2026-09-15T18:33:40.042+0000] {manager.py:997} INFO - 
================================================================================
DAG File Processing Stats

File Path                            PID  Runtime      # DAGs    # Errors  Last Runtime    Last Run               Last # of DB Queries
---------------------------------  -----  ---------  --------  ----------  --------------  -------------------  ----------------------
/opt/airflow/dags/waseet_daily.py    636  0.00s             1           0  0.14s           2026-09-15T18:33:09                      12
================================================================================
[2026-09-15T18:33:45.082+0000] {manager.py:821} INFO - Searching for files in /opt/airflow/dags
[2026-09-15T18:33:45.119+0000] {manager.py:824} INFO - There are 1 files in /opt/airflow/dags
[2026-09-15T18:33:50.162+0000] {manager.py:821} INFO - Searching for files in /opt/airflow/dags
[2026-09-15T18:33:50.196+0000] {manager.py:824} INFO - There are 1 files in /opt/airflow/dags
[2026-09-15T18:33:55.238+0000] {manager.py:821} INFO - Searching for files in /opt/airflow/dags
[2026-09-15T18:33:55.253+0000] {manager.py:824} INFO - There are 1 files in /opt/airflow/dags
[2026-09-15T18:34:00.291+0000] {manager.py:821} INFO - Searching for files in /opt/airflow/dags
[2026-09-15T18:34:00.322+0000] {manager.py:824} INFO - There are 1 files in /opt/airflow/dags
[2026-09-15T18:34:05.359+0000] {manager.py:821} INFO - Searching for files in /opt/airflow/dags
[2026-09-15T18:34:05.377+0000] {manager.py:824} INFO - There are 1 files in /opt/airflow/dags
[2026-09-15T18:34:10.417+0000] {manager.py:821} INFO - Searching for files in /opt/airflow/dags
[2026-09-15T18:34:10.457+0000] {manager.py:824} INFO - There are 1 files in /opt/airflow/dags
[2026-09-15T18:34:10.473+0000] {manager.py:997} INFO - 
================================================================================
DAG File Processing Stats

File Path                            PID  Runtime      # DAGs    # Errors  Last Runtime    Last Run               Last # of DB Queries
---------------------------------  -----  ---------  --------  ----------  --------------  -------------------  ----------------------
/opt/airflow/dags/waseet_daily.py    641  0.00s             1           0  0.13s           2026-09-15T18:33:40                      12
================================================================================
[2026-09-15T18:34:15.510+0000] {manager.py:821} INFO - Searching for files in /opt/airflow/dags
[2026-09-15T18:34:15.561+0000] {manager.py:824} INFO - There are 1 files in /opt/airflow/dags
[2026-09-15T18:34:20.609+0000] {manager.py:821} INFO - Searching for files in /opt/airflow/dags
[2026-09-15T18:34:20.661+0000] {manager.py:824} INFO - There are 1 files in /opt/airflow/dags
[2026-09-15T18:34:25.696+0000] {manager.py:821} INFO - Searching for files in /opt/airflow/dags
[2026-09-15T18:34:25.720+0000] {manager.py:824} INFO - There are 1 files in /opt/airflow/dags
[2026-09-15T18:34:30.757+0000] {manager.py:821} INFO - Searching for files in /opt/airflow/dags
[2026-09-15T18:34:30.786+0000] {manager.py:824} INFO - There are 1 files in /opt/airflow/dags
[2026-09-15T18:34:35.821+0000] {manager.py:821} INFO - Searching for files in /opt/airflow/dags
[2026-09-15T18:34:35.846+0000] {manager.py:824} INFO - There are 1 files in /opt/airflow/dags
[2026-09-15T18:34:40.885+0000] {manager.py:821} INFO - Searching for files in /opt/airflow/dags
[2026-09-15T18:34:40.908+0000] {manager.py:824} INFO - There are 1 files in /opt/airflow/dags
[2026-09-15T18:34:40.925+0000] {manager.py:997} INFO - 
================================================================================
DAG File Processing Stats

File Path                            PID  Runtime      # DAGs    # Errors  Last Runtime    Last Run               Last # of DB Queries
---------------------------------  -----  ---------  --------  ----------  --------------  -------------------  ----------------------
/opt/airflow/dags/waseet_daily.py    646  0.00s             1           0  0.11s           2026-09-15T18:34:10                      12
================================================================================
[2026-09-15T18:34:45.972+0000] {manager.py:821} INFO - Searching for files in /opt/airflow/dags
[2026-09-15T18:34:46.015+0000] {manager.py:824} INFO - There are 1 files in /opt/airflow/dags
[2026-09-15T18:34:51.075+0000] {manager.py:821} INFO - Searching for files in /opt/airflow/dags
[2026-09-15T18:34:51.103+0000] {manager.py:824} INFO - There are 1 files in /opt/airflow/dags
[2026-09-15T18:34:56.150+0000] {manager.py:821} INFO - Searching for files in /opt/airflow/dags
[2026-09-15T18:34:56.204+0000] {manager.py:824} INFO - There are 1 files in /opt/airflow/dags
[2026-09-15T18:35:01.256+0000] {manager.py:821} INFO - Searching for files in /opt/airflow/dags
[2026-09-15T18:35:01.289+0000] {manager.py:824} INFO - There are 1 files in /opt/airflow/dags
[2026-09-15T18:35:06.336+0000] {manager.py:821} INFO - Searching for files in /opt/airflow/dags
[2026-09-15T18:35:06.369+0000] {manager.py:824} INFO - There are 1 files in /opt/airflow/dags
[2026-09-15T18:35:11.425+0000] {manager.py:821} INFO - Searching for files in /opt/airflow/dags
[2026-09-15T18:35:11.466+0000] {manager.py:824} INFO - There are 1 files in /opt/airflow/dags
[2026-09-15T18:35:11.483+0000] {manager.py:997} INFO - 
================================================================================
DAG File Processing Stats

File Path                            PID  Runtime      # DAGs    # Errors  Last Runtime    Last Run               Last # of DB Queries
---------------------------------  -----  ---------  --------  ----------  --------------  -------------------  ----------------------
/opt/airflow/dags/waseet_daily.py    651  0.00s             1           0  0.10s           2026-09-15T18:34:41                      12
================================================================================
[2026-09-15T18:35:16.530+0000] {manager.py:821} INFO - Searching for files in /opt/airflow/dags
[2026-09-15T18:35:16.557+0000] {manager.py:824} INFO - There are 1 files in /opt/airflow/dags
[2026-09-15T18:35:21.603+0000] {manager.py:821} INFO - Searching for files in /opt/airflow/dags
[2026-09-15T18:35:21.655+0000] {manager.py:824} INFO - There are 1 files in /opt/airflow/dags
[2026-09-15T18:35:26.698+0000] {manager.py:821} INFO - Searching for files in /opt/airflow/dags
[2026-09-15T18:35:26.712+0000] {manager.py:824} INFO - There are 1 files in /opt/airflow/dags
[2026-09-15T18:35:31.754+0000] {manager.py:821} INFO - Searching for files in /opt/airflow/dags
[2026-09-15T18:35:31.776+0000] {manager.py:824} INFO - There are 1 files in /opt/airflow/dags
[2026-09-15T18:35:36.817+0000] {manager.py:821} INFO - Searching for files in /opt/airflow/dags
[2026-09-15T18:35:36.832+0000] {manager.py:824} INFO - There are 1 files in /opt/airflow/dags
[2026-09-15T18:35:41.874+0000] {manager.py:821} INFO - Searching for files in /opt/airflow/dags
[2026-09-15T18:35:41.906+0000] {manager.py:824} INFO - There are 1 files in /opt/airflow/dags
[2026-09-15T18:35:41.923+0000] {manager.py:997} INFO - 
================================================================================
DAG File Processing Stats

File Path                            PID  Runtime      # DAGs    # Errors  Last Runtime    Last Run               Last # of DB Queries
---------------------------------  -----  ---------  --------  ----------  --------------  -------------------  ----------------------
/opt/airflow/dags/waseet_daily.py    656  0.00s             1           0  0.10s           2026-09-15T18:35:11                      12
================================================================================
[2026-09-15T18:35:46.960+0000] {manager.py:821} INFO - Searching for files in /opt/airflow/dags
[2026-09-15T18:35:46.987+0000] {manager.py:824} INFO - There are 1 files in /opt/airflow/dags
[2026-09-15T18:35:52.033+0000] {manager.py:821} INFO - Searching for files in /opt/airflow/dags
[2026-09-15T18:35:52.057+0000] {manager.py:824} INFO - There are 1 files in /opt/airflow/dags
[2026-09-15T18:35:57.095+0000] {manager.py:821} INFO - Searching for files in /opt/airflow/dags
[2026-09-15T18:35:57.126+0000] {manager.py:824} INFO - There are 1 files in /opt/airflow/dags
[2026-09-15T18:36:02.166+0000] {manager.py:821} INFO - Searching for files in /opt/airflow/dags
[2026-09-15T18:36:02.200+0000] {manager.py:824} INFO - There are 1 files in /opt/airflow/dags
[2026-09-15T18:36:07.232+0000] {manager.py:821} INFO - Searching for files in /opt/airflow/dags
[2026-09-15T18:36:07.264+0000] {manager.py:824} INFO - There are 1 files in /opt/airflow/dags
[2026-09-15T18:36:12.312+0000] {manager.py:821} INFO - Searching for files in /opt/airflow/dags
[2026-09-15T18:36:12.336+0000] {manager.py:824} INFO - There are 1 files in /opt/airflow/dags
[2026-09-15T18:36:12.356+0000] {manager.py:997} INFO - 
================================================================================
DAG File Processing Stats

File Path                            PID  Runtime      # DAGs    # Errors  Last Runtime    Last Run               Last # of DB Queries
---------------------------------  -----  ---------  --------  ----------  --------------  -------------------  ----------------------
/opt/airflow/dags/waseet_daily.py    661  0.00s             1           0  0.13s           2026-09-15T18:35:42                      12
================================================================================
[2026-09-15T18:36:17.391+0000] {manager.py:821} INFO - Searching for files in /opt/airflow/dags
[2026-09-15T18:36:17.406+0000] {manager.py:824} INFO - There are 1 files in /opt/airflow/dags
[2026-09-15T18:36:22.445+0000] {manager.py:821} INFO - Searching for files in /opt/airflow/dags
[2026-09-15T18:36:22.467+0000] {manager.py:824} INFO - There are 1 files in /opt/airflow/dags
[2026-09-15T18:36:27.503+0000] {manager.py:821} INFO - Searching for files in /opt/airflow/dags
[2026-09-15T18:36:27.520+0000] {manager.py:824} INFO - There are 1 files in /opt/airflow/dags
[2026-09-15T18:36:32.559+0000] {manager.py:821} INFO - Searching for files in /opt/airflow/dags
[2026-09-15T18:36:32.575+0000] {manager.py:824} INFO - There are 1 files in /opt/airflow/dags
[2026-09-15T18:36:37.614+0000] {manager.py:821} INFO - Searching for files in /opt/airflow/dags
[2026-09-15T18:36:37.629+0000] {manager.py:824} INFO - There are 1 files in /opt/airflow/dags
[2026-09-15T18:36:42.668+0000] {manager.py:821} INFO - Searching for files in /opt/airflow/dags
[2026-09-15T18:36:42.682+0000] {manager.py:824} INFO - There are 1 files in /opt/airflow/dags
[2026-09-15T18:36:42.699+0000] {manager.py:997} INFO - 
================================================================================
DAG File Processing Stats

File Path                            PID  Runtime      # DAGs    # Errors  Last Runtime    Last Run               Last # of DB Queries
---------------------------------  -----  ---------  --------  ----------  --------------  -------------------  ----------------------
/opt/airflow/dags/waseet_daily.py    666  0.00s             1           0  0.12s           2026-09-15T18:36:12                      12
================================================================================
[2026-09-15T18:36:47.730+0000] {manager.py:821} INFO - Searching for files in /opt/airflow/dags
[2026-09-15T18:36:47.773+0000] {manager.py:824} INFO - There are 1 files in /opt/airflow/dags
[2026-09-15T18:36:52.818+0000] {manager.py:821} INFO - Searching for files in /opt/airflow/dags
[2026-09-15T18:36:52.865+0000] {manager.py:824} INFO - There are 1 files in /opt/airflow/dags
[2026-09-15T18:36:57.908+0000] {manager.py:821} INFO - Searching for files in /opt/airflow/dags
[2026-09-15T18:36:57.941+0000] {manager.py:824} INFO - There are 1 files in /opt/airflow/dags
[2026-09-15T18:37:02.980+0000] {manager.py:821} INFO - Searching for files in /opt/airflow/dags
[2026-09-15T18:37:02.994+0000] {manager.py:824} INFO - There are 1 files in /opt/airflow/dags
[2026-09-15T18:37:08.031+0000] {manager.py:821} INFO - Searching for files in /opt/airflow/dags
[2026-09-15T18:37:08.055+0000] {manager.py:824} INFO - There are 1 files in /opt/airflow/dags
[2026-09-15T18:37:13.094+0000] {manager.py:821} INFO - Searching for files in /opt/airflow/dags
[2026-09-15T18:37:13.115+0000] {manager.py:824} INFO - There are 1 files in /opt/airflow/dags
[2026-09-15T18:37:13.130+0000] {manager.py:997} INFO - 
================================================================================
DAG File Processing Stats

File Path                            PID  Runtime      # DAGs    # Errors  Last Runtime    Last Run               Last # of DB Queries
---------------------------------  -----  ---------  --------  ----------  --------------  -------------------  ----------------------
/opt/airflow/dags/waseet_daily.py    671  0.00s             1           0  0.11s           2026-09-15T18:36:42                      12
================================================================================
[2026-09-15T18:37:18.168+0000] {manager.py:821} INFO - Searching for files in /opt/airflow/dags
[2026-09-15T18:37:18.210+0000] {manager.py:824} INFO - There are 1 files in /opt/airflow/dags
[2026-09-15T18:37:23.255+0000] {manager.py:821} INFO - Searching for files in /opt/airflow/dags
[2026-09-15T18:37:23.284+0000] {manager.py:824} INFO - There are 1 files in /opt/airflow/dags
[2026-09-15T18:37:28.334+0000] {manager.py:821} INFO - Searching for files in /opt/airflow/dags
[2026-09-15T18:37:28.365+0000] {manager.py:824} INFO - There are 1 files in /opt/airflow/dags
[2026-09-15T18:37:33.404+0000] {manager.py:821} INFO - Searching for files in /opt/airflow/dags
[2026-09-15T18:37:33.430+0000] {manager.py:824} INFO - There are 1 files in /opt/airflow/dags
[2026-09-15T18:37:38.470+0000] {manager.py:821} INFO - Searching for files in /opt/airflow/dags
[2026-09-15T18:37:38.501+0000] {manager.py:824} INFO - There are 1 files in /opt/airflow/dags
[2026-09-15T18:37:43.536+0000] {manager.py:821} INFO - Searching for files in /opt/airflow/dags
[2026-09-15T18:37:43.562+0000] {manager.py:824} INFO - There are 1 files in /opt/airflow/dags
[2026-09-15T18:37:43.576+0000] {manager.py:997} INFO - 
================================================================================
DAG File Processing Stats

File Path                            PID  Runtime      # DAGs    # Errors  Last Runtime    Last Run               Last # of DB Queries
---------------------------------  -----  ---------  --------  ----------  --------------  -------------------  ----------------------
/opt/airflow/dags/waseet_daily.py    676  0.00s             1           0  0.12s           2026-09-15T18:37:13                      12
================================================================================
[2026-09-15T18:37:48.613+0000] {manager.py:821} INFO - Searching for files in /opt/airflow/dags
[2026-09-15T18:37:48.644+0000] {manager.py:824} INFO - There are 1 files in /opt/airflow/dags
[2026-09-15T18:37:53.679+0000] {manager.py:821} INFO - Searching for files in /opt/airflow/dags
[2026-09-15T18:37:53.698+0000] {manager.py:824} INFO - There are 1 files in /opt/airflow/dags
[2026-09-15T18:37:58.732+0000] {manager.py:821} INFO - Searching for files in /opt/airflow/dags
[2026-09-15T18:37:58.761+0000] {manager.py:824} INFO - There are 1 files in /opt/airflow/dags
[2026-09-15T18:38:03.801+0000] {manager.py:821} INFO - Searching for files in /opt/airflow/dags
[2026-09-15T18:38:03.854+0000] {manager.py:824} INFO - There are 1 files in /opt/airflow/dags
[2026-09-15T18:38:08.890+0000] {manager.py:821} INFO - Searching for files in /opt/airflow/dags
[2026-09-15T18:38:08.915+0000] {manager.py:824} INFO - There are 1 files in /opt/airflow/dags
[2026-09-15T18:38:13.960+0000] {manager.py:821} INFO - Searching for files in /opt/airflow/dags
[2026-09-15T18:38:13.976+0000] {manager.py:824} INFO - There are 1 files in /opt/airflow/dags
[2026-09-15T18:38:13.994+0000] {manager.py:997} INFO - 
================================================================================
DAG File Processing Stats

File Path                            PID  Runtime      # DAGs    # Errors  Last Runtime    Last Run               Last # of DB Queries
---------------------------------  -----  ---------  --------  ----------  --------------  -------------------  ----------------------
/opt/airflow/dags/waseet_daily.py    681  0.00s             1           0  0.11s           2026-09-15T18:37:43                      12
================================================================================
[2026-09-15T18:38:19.031+0000] {manager.py:821} INFO - Searching for files in /opt/airflow/dags
[2026-09-15T18:38:19.059+0000] {manager.py:824} INFO - There are 1 files in /opt/airflow/dags
[2026-09-15T18:38:24.094+0000] {manager.py:821} INFO - Searching for files in /opt/airflow/dags
[2026-09-15T18:38:24.112+0000] {manager.py:824} INFO - There are 1 files in /opt/airflow/dags
[2026-09-15T18:38:29.147+0000] {manager.py:821} INFO - Searching for files in /opt/airflow/dags
[2026-09-15T18:38:29.163+0000] {manager.py:824} INFO - There are 1 files in /opt/airflow/dags
[2026-09-15T18:38:34.202+0000] {manager.py:821} INFO - Searching for files in /opt/airflow/dags
[2026-09-15T18:38:34.239+0000] {manager.py:824} INFO - There are 1 files in /opt/airflow/dags
[2026-09-15T18:38:39.273+0000] {manager.py:821} INFO - Searching for files in /opt/airflow/dags
[2026-09-15T18:38:39.293+0000] {manager.py:824} INFO - There are 1 files in /opt/airflow/dags
[2026-09-15T18:38:44.333+0000] {manager.py:821} INFO - Searching for files in /opt/airflow/dags
[2026-09-15T18:38:44.350+0000] {manager.py:824} INFO - There are 1 files in /opt/airflow/dags
[2026-09-15T18:38:44.367+0000] {manager.py:997} INFO - 
================================================================================
DAG File Processing Stats

File Path                            PID  Runtime      # DAGs    # Errors  Last Runtime    Last Run               Last # of DB Queries
---------------------------------  -----  ---------  --------  ----------  --------------  -------------------  ----------------------
/opt/airflow/dags/waseet_daily.py    686  0.00s             1           0  0.13s           2026-09-15T18:38:14                      12
================================================================================
[2026-09-15T18:38:49.402+0000] {manager.py:821} INFO - Searching for files in /opt/airflow/dags
[2026-09-15T18:38:49.418+0000] {manager.py:824} INFO - There are 1 files in /opt/airflow/dags
[2026-09-15T18:38:54.456+0000] {manager.py:821} INFO - Searching for files in /opt/airflow/dags
[2026-09-15T18:38:54.472+0000] {manager.py:824} INFO - There are 1 files in /opt/airflow/dags
[2026-09-15T18:38:59.508+0000] {manager.py:821} INFO - Searching for files in /opt/airflow/dags
[2026-09-15T18:38:59.527+0000] {manager.py:824} INFO - There are 1 files in /opt/airflow/dags
[2026-09-15T18:39:04.567+0000] {manager.py:821} INFO - Searching for files in /opt/airflow/dags
[2026-09-15T18:39:04.584+0000] {manager.py:824} INFO - There are 1 files in /opt/airflow/dags
[2026-09-15T18:39:09.619+0000] {manager.py:821} INFO - Searching for files in /opt/airflow/dags
[2026-09-15T18:39:09.654+0000] {manager.py:824} INFO - There are 1 files in /opt/airflow/dags
[2026-09-15T18:39:14.702+0000] {manager.py:821} INFO - Searching for files in /opt/airflow/dags
[2026-09-15T18:39:14.733+0000] {manager.py:824} INFO - There are 1 files in /opt/airflow/dags
[2026-09-15T18:39:14.749+0000] {manager.py:997} INFO - 
================================================================================
DAG File Processing Stats

File Path                            PID  Runtime      # DAGs    # Errors  Last Runtime    Last Run               Last # of DB Queries
---------------------------------  -----  ---------  --------  ----------  --------------  -------------------  ----------------------
/opt/airflow/dags/waseet_daily.py    691  0.00s             1           0  0.12s           2026-09-15T18:38:44                      12
================================================================================
[2026-09-15T18:39:19.782+0000] {manager.py:821} INFO - Searching for files in /opt/airflow/dags
[2026-09-15T18:39:19.803+0000] {manager.py:824} INFO - There are 1 files in /opt/airflow/dags
[2026-09-15T18:39:24.844+0000] {manager.py:821} INFO - Searching for files in /opt/airflow/dags
[2026-09-15T18:39:24.870+0000] {manager.py:824} INFO - There are 1 files in /opt/airflow/dags
[2026-09-15T18:39:29.906+0000] {manager.py:821} INFO - Searching for files in /opt/airflow/dags
[2026-09-15T18:39:29.930+0000] {manager.py:824} INFO - There are 1 files in /opt/airflow/dags
[2026-09-15T18:39:34.966+0000] {manager.py:821} INFO - Searching for files in /opt/airflow/dags
[2026-09-15T18:39:34.994+0000] {manager.py:824} INFO - There are 1 files in /opt/airflow/dags
[2026-09-15T18:39:40.026+0000] {manager.py:821} INFO - Searching for files in /opt/airflow/dags
[2026-09-15T18:39:40.057+0000] {manager.py:824} INFO - There are 1 files in /opt/airflow/dags
[2026-09-15T18:39:45.091+0000] {manager.py:821} INFO - Searching for files in /opt/airflow/dags
[2026-09-15T18:39:45.114+0000] {manager.py:824} INFO - There are 1 files in /opt/airflow/dags
[2026-09-15T18:39:45.132+0000] {manager.py:997} INFO - 
================================================================================
DAG File Processing Stats

File Path                            PID  Runtime      # DAGs    # Errors  Last Runtime    Last Run               Last # of DB Queries
---------------------------------  -----  ---------  --------  ----------  --------------  -------------------  ----------------------
/opt/airflow/dags/waseet_daily.py    696  0.00s             1           0  0.11s           2026-09-15T18:39:14                      12
================================================================================
[2026-09-15T18:39:50.171+0000] {manager.py:821} INFO - Searching for files in /opt/airflow/dags
[2026-09-15T18:39:50.199+0000] {manager.py:824} INFO - There are 1 files in /opt/airflow/dags
[2026-09-15T18:39:55.237+0000] {manager.py:821} INFO - Searching for files in /opt/airflow/dags
[2026-09-15T18:39:55.253+0000] {manager.py:824} INFO - There are 1 files in /opt/airflow/dags
[2026-09-15T18:40:00.287+0000] {manager.py:821} INFO - Searching for files in /opt/airflow/dags
[2026-09-15T18:40:00.314+0000] {manager.py:824} INFO - There are 1 files in /opt/airflow/dags
[2026-09-15T18:40:05.354+0000] {manager.py:821} INFO - Searching for files in /opt/airflow/dags
[2026-09-15T18:40:05.369+0000] {manager.py:824} INFO - There are 1 files in /opt/airflow/dags
[2026-09-15T18:40:10.408+0000] {manager.py:821} INFO - Searching for files in /opt/airflow/dags
[2026-09-15T18:40:10.438+0000] {manager.py:824} INFO - There are 1 files in /opt/airflow/dags
[2026-09-15T18:40:15.479+0000] {manager.py:821} INFO - Searching for files in /opt/airflow/dags
[2026-09-15T18:40:15.494+0000] {manager.py:824} INFO - There are 1 files in /opt/airflow/dags
[2026-09-15T18:40:15.515+0000] {manager.py:997} INFO - 
================================================================================
DAG File Processing Stats

File Path                            PID  Runtime      # DAGs    # Errors  Last Runtime    Last Run               Last # of DB Queries
---------------------------------  -----  ---------  --------  ----------  --------------  -------------------  ----------------------
/opt/airflow/dags/waseet_daily.py    701  0.00s             1           0  0.11s           2026-09-15T18:39:45                      12
================================================================================
[2026-09-15T18:40:20.546+0000] {manager.py:821} INFO - Searching for files in /opt/airflow/dags
[2026-09-15T18:40:20.565+0000] {manager.py:824} INFO - There are 1 files in /opt/airflow/dags
[2026-09-15T18:40:25.612+0000] {manager.py:821} INFO - Searching for files in /opt/airflow/dags
[2026-09-15T18:40:25.645+0000] {manager.py:824} INFO - There are 1 files in /opt/airflow/dags
[2026-09-15T18:40:30.692+0000] {manager.py:821} INFO - Searching for files in /opt/airflow/dags
[2026-09-15T18:40:30.716+0000] {manager.py:824} INFO - There are 1 files in /opt/airflow/dags
[2026-09-15T18:40:35.751+0000] {manager.py:821} INFO - Searching for files in /opt/airflow/dags
[2026-09-15T18:40:35.775+0000] {manager.py:824} INFO - There are 1 files in /opt/airflow/dags
[2026-09-15T18:40:40.819+0000] {manager.py:821} INFO - Searching for files in /opt/airflow/dags
[2026-09-15T18:40:40.842+0000] {manager.py:824} INFO - There are 1 files in /opt/airflow/dags
[2026-09-15T18:40:45.879+0000] {manager.py:821} INFO - Searching for files in /opt/airflow/dags
[2026-09-15T18:40:45.899+0000] {manager.py:824} INFO - There are 1 files in /opt/airflow/dags
[2026-09-15T18:40:45.915+0000] {manager.py:997} INFO - 
================================================================================
DAG File Processing Stats

File Path                            PID  Runtime      # DAGs    # Errors  Last Runtime    Last Run               Last # of DB Queries
---------------------------------  -----  ---------  --------  ----------  --------------  -------------------  ----------------------
/opt/airflow/dags/waseet_daily.py    706  0.00s             1           0  0.10s           2026-09-15T18:40:15                      12
================================================================================
[2026-09-15T18:40:50.959+0000] {manager.py:821} INFO - Searching for files in /opt/airflow/dags
[2026-09-15T18:40:50.993+0000] {manager.py:824} INFO - There are 1 files in /opt/airflow/dags
[2026-09-15T18:40:56.035+0000] {manager.py:821} INFO - Searching for files in /opt/airflow/dags
[2026-09-15T18:40:56.051+0000] {manager.py:824} INFO - There are 1 files in /opt/airflow/dags
[2026-09-15T18:41:01.091+0000] {manager.py:821} INFO - Searching for files in /opt/airflow/dags
[2026-09-15T18:41:01.107+0000] {manager.py:824} INFO - There are 1 files in /opt/airflow/dags
[2026-09-15T18:41:06.152+0000] {manager.py:821} INFO - Searching for files in /opt/airflow/dags
[2026-09-15T18:41:06.194+0000] {manager.py:824} INFO - There are 1 files in /opt/airflow/dags
[2026-09-15T18:41:11.236+0000] {manager.py:821} INFO - Searching for files in /opt/airflow/dags
[2026-09-15T18:41:11.256+0000] {manager.py:824} INFO - There are 1 files in /opt/airflow/dags
[2026-09-15T18:41:16.297+0000] {manager.py:821} INFO - Searching for files in /opt/airflow/dags
[2026-09-15T18:41:16.322+0000] {manager.py:824} INFO - There are 1 files in /opt/airflow/dags
[2026-09-15T18:41:16.341+0000] {manager.py:997} INFO - 
================================================================================
DAG File Processing Stats

File Path                            PID  Runtime      # DAGs    # Errors  Last Runtime    Last Run               Last # of DB Queries
---------------------------------  -----  ---------  --------  ----------  --------------  -------------------  ----------------------
/opt/airflow/dags/waseet_daily.py    711  0.00s             1           0  0.10s           2026-09-15T18:40:46                      12
================================================================================
[2026-09-15T18:41:21.378+0000] {manager.py:821} INFO - Searching for files in /opt/airflow/dags
[2026-09-15T18:41:21.396+0000] {manager.py:824} INFO - There are 1 files in /opt/airflow/dags
[2026-09-15T18:41:26.434+0000] {manager.py:821} INFO - Searching for files in /opt/airflow/dags
[2026-09-15T18:41:26.473+0000] {manager.py:824} INFO - There are 1 files in /opt/airflow/dags
[2026-09-15T18:41:31.516+0000] {manager.py:821} INFO - Searching for files in /opt/airflow/dags
[2026-09-15T18:41:31.540+0000] {manager.py:824} INFO - There are 1 files in /opt/airflow/dags
[2026-09-15T18:41:36.599+0000] {manager.py:821} INFO - Searching for files in /opt/airflow/dags
[2026-09-15T18:41:36.626+0000] {manager.py:824} INFO - There are 1 files in /opt/airflow/dags
[2026-09-15T18:41:41.679+0000] {manager.py:821} INFO - Searching for files in /opt/airflow/dags
[2026-09-15T18:41:41.704+0000] {manager.py:824} INFO - There are 1 files in /opt/airflow/dags
[2026-09-15T18:41:46.756+0000] {manager.py:821} INFO - Searching for files in /opt/airflow/dags
[2026-09-15T18:41:46.803+0000] {manager.py:824} INFO - There are 1 files in /opt/airflow/dags
[2026-09-15T18:41:46.823+0000] {manager.py:997} INFO - 
================================================================================
DAG File Processing Stats

File Path                            PID  Runtime      # DAGs    # Errors  Last Runtime    Last Run               Last # of DB Queries
---------------------------------  -----  ---------  --------  ----------  --------------  -------------------  ----------------------
/opt/airflow/dags/waseet_daily.py    716  0.00s             1           0  0.13s           2026-09-15T18:41:16                      12
================================================================================
[2026-09-15T18:41:51.872+0000] {manager.py:821} INFO - Searching for files in /opt/airflow/dags
[2026-09-15T18:41:51.887+0000] {manager.py:824} INFO - There are 1 files in /opt/airflow/dags
[2026-09-15T18:41:56.926+0000] {manager.py:821} INFO - Searching for files in /opt/airflow/dags
[2026-09-15T18:41:56.949+0000] {manager.py:824} INFO - There are 1 files in /opt/airflow/dags
[2026-09-15T18:42:01.989+0000] {manager.py:821} INFO - Searching for files in /opt/airflow/dags
[2026-09-15T18:42:02.007+0000] {manager.py:824} INFO - There are 1 files in /opt/airflow/dags
[2026-09-15T18:42:07.048+0000] {manager.py:821} INFO - Searching for files in /opt/airflow/dags
[2026-09-15T18:42:07.072+0000] {manager.py:824} INFO - There are 1 files in /opt/airflow/dags
[2026-09-15T18:42:12.109+0000] {manager.py:821} INFO - Searching for files in /opt/airflow/dags
[2026-09-15T18:42:12.137+0000] {manager.py:824} INFO - There are 1 files in /opt/airflow/dags
[2026-09-15T18:42:17.182+0000] {manager.py:821} INFO - Searching for files in /opt/airflow/dags
[2026-09-15T18:42:17.202+0000] {manager.py:824} INFO - There are 1 files in /opt/airflow/dags
[2026-09-15T18:42:17.221+0000] {manager.py:997} INFO - 
================================================================================
DAG File Processing Stats

File Path                            PID  Runtime      # DAGs    # Errors  Last Runtime    Last Run               Last # of DB Queries
---------------------------------  -----  ---------  --------  ----------  --------------  -------------------  ----------------------
/opt/airflow/dags/waseet_daily.py    721  0.00s             1           0  0.12s           2026-09-15T18:41:46                      12
================================================================================
[2026-09-15T18:42:22.261+0000] {manager.py:821} INFO - Searching for files in /opt/airflow/dags
[2026-09-15T18:42:22.281+0000] {manager.py:824} INFO - There are 1 files in /opt/airflow/dags
[2026-09-15T18:42:27.316+0000] {manager.py:821} INFO - Searching for files in /opt/airflow/dags
[2026-09-15T18:42:27.357+0000] {manager.py:824} INFO - There are 1 files in /opt/airflow/dags
[2026-09-15T18:42:32.399+0000] {manager.py:821} INFO - Searching for files in /opt/airflow/dags
[2026-09-15T18:42:32.436+0000] {manager.py:824} INFO - There are 1 files in /opt/airflow/dags
[2026-09-15T18:42:37.471+0000] {manager.py:821} INFO - Searching for files in /opt/airflow/dags
[2026-09-15T18:42:37.488+0000] {manager.py:824} INFO - There are 1 files in /opt/airflow/dags
[2026-09-15T18:42:42.525+0000] {manager.py:821} INFO - Searching for files in /opt/airflow/dags
[2026-09-15T18:42:42.558+0000] {manager.py:824} INFO - There are 1 files in /opt/airflow/dags
[2026-09-15T18:42:47.597+0000] {manager.py:821} INFO - Searching for files in /opt/airflow/dags
[2026-09-15T18:42:47.634+0000] {manager.py:824} INFO - There are 1 files in /opt/airflow/dags
[2026-09-15T18:42:47.654+0000] {manager.py:997} INFO - 
================================================================================
DAG File Processing Stats

File Path                            PID  Runtime      # DAGs    # Errors  Last Runtime    Last Run               Last # of DB Queries
---------------------------------  -----  ---------  --------  ----------  --------------  -------------------  ----------------------
/opt/airflow/dags/waseet_daily.py    726  0.00s             1           0  0.12s           2026-09-15T18:42:17                      12
================================================================================
[2026-09-15T18:42:52.690+0000] {manager.py:821} INFO - Searching for files in /opt/airflow/dags
[2026-09-15T18:42:52.718+0000] {manager.py:824} INFO - There are 1 files in /opt/airflow/dags
[2026-09-15T18:42:57.757+0000] {manager.py:821} INFO - Searching for files in /opt/airflow/dags
[2026-09-15T18:42:57.792+0000] {manager.py:824} INFO - There are 1 files in /opt/airflow/dags
[2026-09-15T18:43:02.840+0000] {manager.py:821} INFO - Searching for files in /opt/airflow/dags
[2026-09-15T18:43:02.870+0000] {manager.py:824} INFO - There are 1 files in /opt/airflow/dags
[2026-09-15T18:43:07.909+0000] {manager.py:821} INFO - Searching for files in /opt/airflow/dags
[2026-09-15T18:43:07.932+0000] {manager.py:824} INFO - There are 1 files in /opt/airflow/dags
[2026-09-15T18:43:12.977+0000] {manager.py:821} INFO - Searching for files in /opt/airflow/dags
[2026-09-15T18:43:13.013+0000] {manager.py:824} INFO - There are 1 files in /opt/airflow/dags
[2026-09-15T18:43:18.057+0000] {manager.py:821} INFO - Searching for files in /opt/airflow/dags
[2026-09-15T18:43:18.072+0000] {manager.py:824} INFO - There are 1 files in /opt/airflow/dags
[2026-09-15T18:43:18.090+0000] {manager.py:997} INFO - 
================================================================================
DAG File Processing Stats

File Path                            PID  Runtime      # DAGs    # Errors  Last Runtime    Last Run               Last # of DB Queries
---------------------------------  -----  ---------  --------  ----------  --------------  -------------------  ----------------------
/opt/airflow/dags/waseet_daily.py    731  0.00s             1           0  0.15s           2026-09-15T18:42:47                      12
================================================================================
[2026-09-15T18:43:23.128+0000] {manager.py:821} INFO - Searching for files in /opt/airflow/dags
[2026-09-15T18:43:23.143+0000] {manager.py:824} INFO - There are 1 files in /opt/airflow/dags
[2026-09-15T18:43:28.188+0000] {manager.py:821} INFO - Searching for files in /opt/airflow/dags
[2026-09-15T18:43:28.221+0000] {manager.py:824} INFO - There are 1 files in /opt/airflow/dags
[2026-09-15T18:43:33.257+0000] {manager.py:821} INFO - Searching for files in /opt/airflow/dags
[2026-09-15T18:43:33.274+0000] {manager.py:824} INFO - There are 1 files in /opt/airflow/dags
[2026-09-15T18:43:38.310+0000] {manager.py:821} INFO - Searching for files in /opt/airflow/dags
[2026-09-15T18:43:38.328+0000] {manager.py:824} INFO - There are 1 files in /opt/airflow/dags
[2026-09-15T18:43:43.369+0000] {manager.py:821} INFO - Searching for files in /opt/airflow/dags
[2026-09-15T18:43:43.384+0000] {manager.py:824} INFO - There are 1 files in /opt/airflow/dags
[2026-09-15T18:43:48.420+0000] {manager.py:821} INFO - Searching for files in /opt/airflow/dags
[2026-09-15T18:43:48.436+0000] {manager.py:824} INFO - There are 1 files in /opt/airflow/dags
[2026-09-15T18:43:48.456+0000] {manager.py:997} INFO - 
================================================================================
DAG File Processing Stats

File Path                            PID  Runtime      # DAGs    # Errors  Last Runtime    Last Run               Last # of DB Queries
---------------------------------  -----  ---------  --------  ----------  --------------  -------------------  ----------------------
/opt/airflow/dags/waseet_daily.py    736  0.00s             1           0  0.09s           2026-09-15T18:43:18                      12
================================================================================
[2026-09-15T18:43:53.495+0000] {manager.py:821} INFO - Searching for files in /opt/airflow/dags
[2026-09-15T18:43:53.513+0000] {manager.py:824} INFO - There are 1 files in /opt/airflow/dags
[2026-09-15T18:43:58.555+0000] {manager.py:821} INFO - Searching for files in /opt/airflow/dags
[2026-09-15T18:43:58.576+0000] {manager.py:824} INFO - There are 1 files in /opt/airflow/dags
[2026-09-15T18:44:03.611+0000] {manager.py:821} INFO - Searching for files in /opt/airflow/dags
[2026-09-15T18:44:03.645+0000] {manager.py:824} INFO - There are 1 files in /opt/airflow/dags
[2026-09-15T18:44:08.685+0000] {manager.py:821} INFO - Searching for files in /opt/airflow/dags
[2026-09-15T18:44:08.704+0000] {manager.py:824} INFO - There are 1 files in /opt/airflow/dags
[2026-09-15T18:44:13.746+0000] {manager.py:821} INFO - Searching for files in /opt/airflow/dags
[2026-09-15T18:44:13.761+0000] {manager.py:824} INFO - There are 1 files in /opt/airflow/dags
[2026-09-15T18:44:18.804+0000] {manager.py:821} INFO - Searching for files in /opt/airflow/dags
[2026-09-15T18:44:18.821+0000] {manager.py:824} INFO - There are 1 files in /opt/airflow/dags
[2026-09-15T18:44:18.840+0000] {manager.py:997} INFO - 
================================================================================
DAG File Processing Stats

File Path                            PID  Runtime      # DAGs    # Errors  Last Runtime    Last Run               Last # of DB Queries
---------------------------------  -----  ---------  --------  ----------  --------------  -------------------  ----------------------
/opt/airflow/dags/waseet_daily.py    741  0.00s             1           0  0.16s           2026-09-15T18:43:48                      12
================================================================================
[2026-09-15T18:44:23.877+0000] {manager.py:821} INFO - Searching for files in /opt/airflow/dags
[2026-09-15T18:44:23.901+0000] {manager.py:824} INFO - There are 1 files in /opt/airflow/dags
[2026-09-15T18:44:28.951+0000] {manager.py:821} INFO - Searching for files in /opt/airflow/dags
[2026-09-15T18:44:28.994+0000] {manager.py:824} INFO - There are 1 files in /opt/airflow/dags
[2026-09-15T18:44:34.046+0000] {manager.py:821} INFO - Searching for files in /opt/airflow/dags
[2026-09-15T18:44:34.079+0000] {manager.py:824} INFO - There are 1 files in /opt/airflow/dags
[2026-09-15T18:44:39.115+0000] {manager.py:821} INFO - Searching for files in /opt/airflow/dags
[2026-09-15T18:44:39.128+0000] {manager.py:824} INFO - There are 1 files in /opt/airflow/dags
[2026-09-15T18:44:44.163+0000] {manager.py:821} INFO - Searching for files in /opt/airflow/dags
[2026-09-15T18:44:44.194+0000] {manager.py:824} INFO - There are 1 files in /opt/airflow/dags
[2026-09-15T18:44:49.233+0000] {manager.py:821} INFO - Searching for files in /opt/airflow/dags
[2026-09-15T18:44:49.259+0000] {manager.py:824} INFO - There are 1 files in /opt/airflow/dags
[2026-09-15T18:44:49.278+0000] {manager.py:997} INFO - 
================================================================================
DAG File Processing Stats

File Path                            PID  Runtime      # DAGs    # Errors  Last Runtime    Last Run               Last # of DB Queries
---------------------------------  -----  ---------  --------  ----------  --------------  -------------------  ----------------------
/opt/airflow/dags/waseet_daily.py    746  0.00s             1           0  0.11s           2026-09-15T18:44:18                      12
================================================================================
[2026-09-15T18:44:54.313+0000] {manager.py:821} INFO - Searching for files in /opt/airflow/dags
[2026-09-15T18:44:54.328+0000] {manager.py:824} INFO - There are 1 files in /opt/airflow/dags
[2026-09-15T18:44:59.367+0000] {manager.py:821} INFO - Searching for files in /opt/airflow/dags
[2026-09-15T18:44:59.385+0000] {manager.py:824} INFO - There are 1 files in /opt/airflow/dags
[2026-09-15T18:45:04.425+0000] {manager.py:821} INFO - Searching for files in /opt/airflow/dags
[2026-09-15T18:45:04.454+0000] {manager.py:824} INFO - There are 1 files in /opt/airflow/dags
[2026-09-15T18:45:09.494+0000] {manager.py:821} INFO - Searching for files in /opt/airflow/dags
[2026-09-15T18:45:09.522+0000] {manager.py:824} INFO - There are 1 files in /opt/airflow/dags
[2026-09-15T18:45:14.560+0000] {manager.py:821} INFO - Searching for files in /opt/airflow/dags
[2026-09-15T18:45:14.587+0000] {manager.py:824} INFO - There are 1 files in /opt/airflow/dags
[2026-09-15T18:45:19.627+0000] {manager.py:821} INFO - Searching for files in /opt/airflow/dags
[2026-09-15T18:45:19.668+0000] {manager.py:824} INFO - There are 1 files in /opt/airflow/dags
[2026-09-15T18:45:19.694+0000] {manager.py:997} INFO - 
================================================================================
DAG File Processing Stats

File Path                            PID  Runtime      # DAGs    # Errors  Last Runtime    Last Run               Last # of DB Queries
---------------------------------  -----  ---------  --------  ----------  --------------  -------------------  ----------------------
/opt/airflow/dags/waseet_daily.py    751  0.00s             1           0  0.13s           2026-09-15T18:44:49                      12
================================================================================
[2026-09-15T18:45:24.736+0000] {manager.py:821} INFO - Searching for files in /opt/airflow/dags
[2026-09-15T18:45:24.757+0000] {manager.py:824} INFO - There are 1 files in /opt/airflow/dags
[2026-09-15T18:45:29.800+0000] {manager.py:821} INFO - Searching for files in /opt/airflow/dags
[2026-09-15T18:45:29.846+0000] {manager.py:824} INFO - There are 1 files in /opt/airflow/dags
[2026-09-15T18:45:34.879+0000] {manager.py:821} INFO - Searching for files in /opt/airflow/dags
[2026-09-15T18:45:34.895+0000] {manager.py:824} INFO - There are 1 files in /opt/airflow/dags
[2026-09-15T18:45:39.938+0000] {manager.py:821} INFO - Searching for files in /opt/airflow/dags
[2026-09-15T18:45:39.971+0000] {manager.py:824} INFO - There are 1 files in /opt/airflow/dags
[2026-09-15T18:45:45.006+0000] {manager.py:821} INFO - Searching for files in /opt/airflow/dags
[2026-09-15T18:45:45.031+0000] {manager.py:824} INFO - There are 1 files in /opt/airflow/dags
[2026-09-15T18:45:50.068+0000] {manager.py:821} INFO - Searching for files in /opt/airflow/dags
[2026-09-15T18:45:50.082+0000] {manager.py:824} INFO - There are 1 files in /opt/airflow/dags
[2026-09-15T18:45:50.098+0000] {manager.py:997} INFO - 
================================================================================
DAG File Processing Stats

File Path                            PID  Runtime      # DAGs    # Errors  Last Runtime    Last Run               Last # of DB Queries
---------------------------------  -----  ---------  --------  ----------  --------------  -------------------  ----------------------
/opt/airflow/dags/waseet_daily.py    756  0.00s             1           0  0.11s           2026-09-15T18:45:19                      12
================================================================================
[2026-09-15T18:45:55.137+0000] {manager.py:821} INFO - Searching for files in /opt/airflow/dags
[2026-09-15T18:45:55.180+0000] {manager.py:824} INFO - There are 1 files in /opt/airflow/dags
[2026-09-15T18:46:00.228+0000] {manager.py:821} INFO - Searching for files in /opt/airflow/dags
[2026-09-15T18:46:00.274+0000] {manager.py:824} INFO - There are 1 files in /opt/airflow/dags
[2026-09-15T18:46:05.308+0000] {manager.py:821} INFO - Searching for files in /opt/airflow/dags
[2026-09-15T18:46:05.324+0000] {manager.py:824} INFO - There are 1 files in /opt/airflow/dags
[2026-09-15T18:46:10.367+0000] {manager.py:821} INFO - Searching for files in /opt/airflow/dags
[2026-09-15T18:46:10.419+0000] {manager.py:824} INFO - There are 1 files in /opt/airflow/dags
[2026-09-15T18:46:15.464+0000] {manager.py:821} INFO - Searching for files in /opt/airflow/dags
[2026-09-15T18:46:15.479+0000] {manager.py:824} INFO - There are 1 files in /opt/airflow/dags
[2026-09-15T18:46:20.518+0000] {manager.py:821} INFO - Searching for files in /opt/airflow/dags
[2026-09-15T18:46:20.536+0000] {manager.py:824} INFO - There are 1 files in /opt/airflow/dags
[2026-09-15T18:46:20.554+0000] {manager.py:997} INFO - 
================================================================================
DAG File Processing Stats

File Path                            PID  Runtime      # DAGs    # Errors  Last Runtime    Last Run               Last # of DB Queries
---------------------------------  -----  ---------  --------  ----------  --------------  -------------------  ----------------------
/opt/airflow/dags/waseet_daily.py    761  0.00s             1           0  0.10s           2026-09-15T18:45:50                      12
================================================================================
[2026-09-15T18:46:25.601+0000] {manager.py:821} INFO - Searching for files in /opt/airflow/dags
[2026-09-15T18:46:25.617+0000] {manager.py:824} INFO - There are 1 files in /opt/airflow/dags
[2026-09-15T18:46:30.652+0000] {manager.py:821} INFO - Searching for files in /opt/airflow/dags
[2026-09-15T18:46:30.675+0000] {manager.py:824} INFO - There are 1 files in /opt/airflow/dags
[2026-09-15T18:46:35.707+0000] {manager.py:821} INFO - Searching for files in /opt/airflow/dags
[2026-09-15T18:46:35.726+0000] {manager.py:824} INFO - There are 1 files in /opt/airflow/dags
[2026-09-15T18:46:40.764+0000] {manager.py:821} INFO - Searching for files in /opt/airflow/dags
[2026-09-15T18:46:40.779+0000] {manager.py:824} INFO - There are 1 files in /opt/airflow/dags
[2026-09-15T18:46:45.819+0000] {manager.py:821} INFO - Searching for files in /opt/airflow/dags
[2026-09-15T18:46:45.847+0000] {manager.py:824} INFO - There are 1 files in /opt/airflow/dags
[2026-09-15T18:46:50.886+0000] {manager.py:821} INFO - Searching for files in /opt/airflow/dags
[2026-09-15T18:46:50.920+0000] {manager.py:824} INFO - There are 1 files in /opt/airflow/dags
[2026-09-15T18:46:50.935+0000] {manager.py:997} INFO - 
================================================================================
DAG File Processing Stats

File Path                            PID  Runtime      # DAGs    # Errors  Last Runtime    Last Run               Last # of DB Queries
---------------------------------  -----  ---------  --------  ----------  --------------  -------------------  ----------------------
/opt/airflow/dags/waseet_daily.py    766  0.00s             1           0  0.10s           2026-09-15T18:46:20                      12
================================================================================
[2026-09-15T18:46:55.999+0000] {manager.py:821} INFO - Searching for files in /opt/airflow/dags
[2026-09-15T18:46:56.030+0000] {manager.py:824} INFO - There are 1 files in /opt/airflow/dags
[2026-09-15T18:47:01.068+0000] {manager.py:821} INFO - Searching for files in /opt/airflow/dags
[2026-09-15T18:47:01.100+0000] {manager.py:824} INFO - There are 1 files in /opt/airflow/dags
[2026-09-15T18:47:06.140+0000] {manager.py:821} INFO - Searching for files in /opt/airflow/dags
[2026-09-15T18:47:06.174+0000] {manager.py:824} INFO - There are 1 files in /opt/airflow/dags
[2026-09-15T18:47:11.210+0000] {manager.py:821} INFO - Searching for files in /opt/airflow/dags
[2026-09-15T18:47:11.228+0000] {manager.py:824} INFO - There are 1 files in /opt/airflow/dags
[2026-09-15T18:47:16.262+0000] {manager.py:821} INFO - Searching for files in /opt/airflow/dags
[2026-09-15T18:47:16.278+0000] {manager.py:824} INFO - There are 1 files in /opt/airflow/dags
[2026-09-15T18:47:21.329+0000] {manager.py:821} INFO - Searching for files in /opt/airflow/dags
[2026-09-15T18:47:21.351+0000] {manager.py:824} INFO - There are 1 files in /opt/airflow/dags
[2026-09-15T18:47:21.372+0000] {manager.py:997} INFO - 
================================================================================
DAG File Processing Stats

File Path                            PID  Runtime      # DAGs    # Errors  Last Runtime    Last Run               Last # of DB Queries
---------------------------------  -----  ---------  --------  ----------  --------------  -------------------  ----------------------
/opt/airflow/dags/waseet_daily.py    771  0.00s             1           0  0.13s           2026-09-15T18:46:51                      12
================================================================================
[2026-09-15T18:47:26.413+0000] {manager.py:821} INFO - Searching for files in /opt/airflow/dags
[2026-09-15T18:47:26.456+0000] {manager.py:824} INFO - There are 1 files in /opt/airflow/dags
[2026-09-15T18:47:31.493+0000] {manager.py:821} INFO - Searching for files in /opt/airflow/dags
[2026-09-15T18:47:31.514+0000] {manager.py:824} INFO - There are 1 files in /opt/airflow/dags
[2026-09-15T18:47:36.555+0000] {manager.py:821} INFO - Searching for files in /opt/airflow/dags
[2026-09-15T18:47:36.600+0000] {manager.py:824} INFO - There are 1 files in /opt/airflow/dags
[2026-09-15T18:47:41.649+0000] {manager.py:821} INFO - Searching for files in /opt/airflow/dags
[2026-09-15T18:47:41.664+0000] {manager.py:824} INFO - There are 1 files in /opt/airflow/dags
[2026-09-15T18:47:46.698+0000] {manager.py:821} INFO - Searching for files in /opt/airflow/dags
[2026-09-15T18:47:46.720+0000] {manager.py:824} INFO - There are 1 files in /opt/airflow/dags
[2026-09-15T18:47:51.758+0000] {manager.py:821} INFO - Searching for files in /opt/airflow/dags
[2026-09-15T18:47:51.794+0000] {manager.py:824} INFO - There are 1 files in /opt/airflow/dags
[2026-09-15T18:47:51.816+0000] {manager.py:997} INFO - 
================================================================================
DAG File Processing Stats

File Path                            PID  Runtime      # DAGs    # Errors  Last Runtime    Last Run               Last # of DB Queries
---------------------------------  -----  ---------  --------  ----------  --------------  -------------------  ----------------------
/opt/airflow/dags/waseet_daily.py    776  0.00s             1           0  0.13s           2026-09-15T18:47:21                      12
================================================================================
[2026-09-15T18:47:56.854+0000] {manager.py:821} INFO - Searching for files in /opt/airflow/dags
[2026-09-15T18:47:56.880+0000] {manager.py:824} INFO - There are 1 files in /opt/airflow/dags
[2026-09-15T18:48:01.919+0000] {manager.py:821} INFO - Searching for files in /opt/airflow/dags
[2026-09-15T18:48:01.962+0000] {manager.py:824} INFO - There are 1 files in /opt/airflow/dags
[2026-09-15T18:48:06.999+0000] {manager.py:821} INFO - Searching for files in /opt/airflow/dags
[2026-09-15T18:48:07.024+0000] {manager.py:824} INFO - There are 1 files in /opt/airflow/dags
[2026-09-15T18:48:12.063+0000] {manager.py:821} INFO - Searching for files in /opt/airflow/dags
[2026-09-15T18:48:12.090+0000] {manager.py:824} INFO - There are 1 files in /opt/airflow/dags
[2026-09-15T18:48:17.128+0000] {manager.py:821} INFO - Searching for files in /opt/airflow/dags
[2026-09-15T18:48:17.144+0000] {manager.py:824} INFO - There are 1 files in /opt/airflow/dags
[2026-09-15T18:48:22.194+0000] {manager.py:821} INFO - Searching for files in /opt/airflow/dags
[2026-09-15T18:48:22.229+0000] {manager.py:824} INFO - There are 1 files in /opt/airflow/dags
[2026-09-15T18:48:22.250+0000] {manager.py:997} INFO - 
================================================================================
DAG File Processing Stats

File Path                            PID  Runtime      # DAGs    # Errors  Last Runtime    Last Run               Last # of DB Queries
---------------------------------  -----  ---------  --------  ----------  --------------  -------------------  ----------------------
/opt/airflow/dags/waseet_daily.py    781  0.00s             1           0  0.12s           2026-09-15T18:47:51                      12
================================================================================
[2026-09-15T18:48:27.284+0000] {manager.py:821} INFO - Searching for files in /opt/airflow/dags
[2026-09-15T18:48:27.301+0000] {manager.py:824} INFO - There are 1 files in /opt/airflow/dags
[2026-09-15T18:48:54.538+0000] {manager.py:483} INFO - Processing files using up to 2 processes at a time 
[2026-09-15T18:48:54.539+0000] {manager.py:484} INFO - Process each file at most once every 30 seconds
[2026-09-15T18:48:54.540+0000] {manager.py:485} INFO - Checking for new files in /opt/airflow/dags every 5 seconds
[2026-09-15T18:48:54.540+0000] {manager.py:821} INFO - Searching for files in /opt/airflow/dags
[2026-09-15T18:48:54.559+0000] {manager.py:824} INFO - There are 1 files in /opt/airflow/dags
[2026-09-15T18:48:54.625+0000] {manager.py:997} INFO - 
================================================================================
DAG File Processing Stats

File Path                            PID  Runtime      # DAGs    # Errors  Last Runtime    Last Run      Last # of DB Queries
---------------------------------  -----  ---------  --------  ----------  --------------  ----------  ----------------------
/opt/airflow/dags/waseet_daily.py    257  0.02s             0           0                                                   0
================================================================================
[2026-09-15T18:48:59.660+0000] {manager.py:821} INFO - Searching for files in /opt/airflow/dags
[2026-09-15T18:48:59.677+0000] {manager.py:824} INFO - There are 1 files in /opt/airflow/dags
[2026-09-15T18:49:04.724+0000] {manager.py:821} INFO - Searching for files in /opt/airflow/dags
[2026-09-15T18:49:04.737+0000] {manager.py:824} INFO - There are 1 files in /opt/airflow/dags
[2026-09-15T18:49:09.768+0000] {manager.py:821} INFO - Searching for files in /opt/airflow/dags
[2026-09-15T18:49:09.810+0000] {manager.py:824} INFO - There are 1 files in /opt/airflow/dags
[2026-09-15T18:49:14.870+0000] {manager.py:821} INFO - Searching for files in /opt/airflow/dags
[2026-09-15T18:49:14.897+0000] {manager.py:824} INFO - There are 1 files in /opt/airflow/dags
[2026-09-15T18:49:19.947+0000] {manager.py:821} INFO - Searching for files in /opt/airflow/dags
[2026-09-15T18:49:19.990+0000] {manager.py:824} INFO - There are 1 files in /opt/airflow/dags
[2026-09-15T18:49:25.054+0000] {manager.py:821} INFO - Searching for files in /opt/airflow/dags
[2026-09-15T18:49:25.072+0000] {manager.py:824} INFO - There are 1 files in /opt/airflow/dags
[2026-09-15T18:49:25.086+0000] {manager.py:997} INFO - 
================================================================================
DAG File Processing Stats

File Path                            PID  Runtime      # DAGs    # Errors  Last Runtime    Last Run               Last # of DB Queries
---------------------------------  -----  ---------  --------  ----------  --------------  -------------------  ----------------------
/opt/airflow/dags/waseet_daily.py    294  0.00s             1           0  0.11s           2026-09-15T18:48:54                      12
================================================================================
[2026-09-15T18:49:30.141+0000] {manager.py:821} INFO - Searching for files in /opt/airflow/dags
[2026-09-15T18:49:30.160+0000] {manager.py:824} INFO - There are 1 files in /opt/airflow/dags
[2026-09-15T18:49:35.221+0000] {manager.py:821} INFO - Searching for files in /opt/airflow/dags
[2026-09-15T18:49:35.264+0000] {manager.py:824} INFO - There are 1 files in /opt/airflow/dags
[2026-09-15T18:49:40.324+0000] {manager.py:821} INFO - Searching for files in /opt/airflow/dags
[2026-09-15T18:49:40.362+0000] {manager.py:824} INFO - There are 1 files in /opt/airflow/dags
[2026-09-15T18:49:45.422+0000] {manager.py:821} INFO - Searching for files in /opt/airflow/dags
[2026-09-15T18:49:45.461+0000] {manager.py:824} INFO - There are 1 files in /opt/airflow/dags
[2026-09-15T18:49:50.511+0000] {manager.py:821} INFO - Searching for files in /opt/airflow/dags
[2026-09-15T18:49:50.558+0000] {manager.py:824} INFO - There are 1 files in /opt/airflow/dags
[2026-09-15T18:49:55.603+0000] {manager.py:821} INFO - Searching for files in /opt/airflow/dags
[2026-09-15T18:49:55.643+0000] {manager.py:824} INFO - There are 1 files in /opt/airflow/dags
[2026-09-15T18:49:55.663+0000] {manager.py:997} INFO - 
================================================================================
DAG File Processing Stats

File Path                            PID  Runtime      # DAGs    # Errors  Last Runtime    Last Run               Last # of DB Queries
---------------------------------  -----  ---------  --------  ----------  --------------  -------------------  ----------------------
/opt/airflow/dags/waseet_daily.py    299  0.00s             1           0  0.11s           2026-09-15T18:49:25                      12
================================================================================
[2026-09-15T18:50:00.699+0000] {manager.py:821} INFO - Searching for files in /opt/airflow/dags
[2026-09-15T18:50:00.736+0000] {manager.py:824} INFO - There are 1 files in /opt/airflow/dags
[2026-09-15T18:50:05.776+0000] {manager.py:821} INFO - Searching for files in /opt/airflow/dags
[2026-09-15T18:50:05.816+0000] {manager.py:824} INFO - There are 1 files in /opt/airflow/dags
[2026-09-15T18:50:10.857+0000] {manager.py:821} INFO - Searching for files in /opt/airflow/dags
[2026-09-15T18:50:10.891+0000] {manager.py:824} INFO - There are 1 files in /opt/airflow/dags
[2026-09-15T18:50:15.927+0000] {manager.py:821} INFO - Searching for files in /opt/airflow/dags
[2026-09-15T18:50:15.944+0000] {manager.py:824} INFO - There are 1 files in /opt/airflow/dags
[2026-09-15T18:50:20.983+0000] {manager.py:821} INFO - Searching for files in /opt/airflow/dags
[2026-09-15T18:50:21.009+0000] {manager.py:824} INFO - There are 1 files in /opt/airflow/dags
[2026-09-15T18:50:26.050+0000] {manager.py:821} INFO - Searching for files in /opt/airflow/dags
[2026-09-15T18:50:26.081+0000] {manager.py:824} INFO - There are 1 files in /opt/airflow/dags
[2026-09-15T18:50:26.101+0000] {manager.py:997} INFO - 
================================================================================
DAG File Processing Stats

File Path                            PID  Runtime      # DAGs    # Errors  Last Runtime    Last Run               Last # of DB Queries
---------------------------------  -----  ---------  --------  ----------  --------------  -------------------  ----------------------
/opt/airflow/dags/waseet_daily.py    304  0.00s             1           0  0.13s           2026-09-15T18:49:55                      12
================================================================================
[2026-09-15T18:50:31.135+0000] {manager.py:821} INFO - Searching for files in /opt/airflow/dags
[2026-09-15T18:50:31.156+0000] {manager.py:824} INFO - There are 1 files in /opt/airflow/dags
[2026-09-15T18:50:36.195+0000] {manager.py:821} INFO - Searching for files in /opt/airflow/dags
[2026-09-15T18:50:36.226+0000] {manager.py:824} INFO - There are 1 files in /opt/airflow/dags
[2026-09-15T18:50:41.258+0000] {manager.py:821} INFO - Searching for files in /opt/airflow/dags
[2026-09-15T18:50:41.280+0000] {manager.py:824} INFO - There are 1 files in /opt/airflow/dags
[2026-09-15T18:50:46.322+0000] {manager.py:821} INFO - Searching for files in /opt/airflow/dags
[2026-09-15T18:50:46.346+0000] {manager.py:824} INFO - There are 1 files in /opt/airflow/dags
[2026-09-15T18:50:51.384+0000] {manager.py:821} INFO - Searching for files in /opt/airflow/dags
[2026-09-15T18:50:51.406+0000] {manager.py:824} INFO - There are 1 files in /opt/airflow/dags
[2026-09-15T18:50:56.443+0000] {manager.py:821} INFO - Searching for files in /opt/airflow/dags
[2026-09-15T18:50:56.461+0000] {manager.py:824} INFO - There are 1 files in /opt/airflow/dags
[2026-09-15T18:50:56.480+0000] {manager.py:997} INFO - 
================================================================================
DAG File Processing Stats

File Path                            PID  Runtime      # DAGs    # Errors  Last Runtime    Last Run               Last # of DB Queries
---------------------------------  -----  ---------  --------  ----------  --------------  -------------------  ----------------------
/opt/airflow/dags/waseet_daily.py    309  0.00s             1           0  0.11s           2026-09-15T18:50:26                      12
================================================================================
[2026-09-15T18:51:01.514+0000] {manager.py:821} INFO - Searching for files in /opt/airflow/dags
[2026-09-15T18:51:01.551+0000] {manager.py:824} INFO - There are 1 files in /opt/airflow/dags
[2026-09-15T18:51:06.590+0000] {manager.py:821} INFO - Searching for files in /opt/airflow/dags
[2026-09-15T18:51:06.629+0000] {manager.py:824} INFO - There are 1 files in /opt/airflow/dags
[2026-09-15T18:51:11.673+0000] {manager.py:821} INFO - Searching for files in /opt/airflow/dags
[2026-09-15T18:51:11.697+0000] {manager.py:824} INFO - There are 1 files in /opt/airflow/dags
[2026-09-15T18:51:16.733+0000] {manager.py:821} INFO - Searching for files in /opt/airflow/dags
[2026-09-15T18:51:16.752+0000] {manager.py:824} INFO - There are 1 files in /opt/airflow/dags
[2026-09-15T18:51:21.788+0000] {manager.py:821} INFO - Searching for files in /opt/airflow/dags
[2026-09-15T18:51:21.829+0000] {manager.py:824} INFO - There are 1 files in /opt/airflow/dags
[2026-09-15T18:51:26.878+0000] {manager.py:821} INFO - Searching for files in /opt/airflow/dags
[2026-09-15T18:51:26.894+0000] {manager.py:824} INFO - There are 1 files in /opt/airflow/dags
[2026-09-15T18:51:26.916+0000] {manager.py:997} INFO - 
================================================================================
DAG File Processing Stats

File Path                            PID  Runtime      # DAGs    # Errors  Last Runtime    Last Run               Last # of DB Queries
---------------------------------  -----  ---------  --------  ----------  --------------  -------------------  ----------------------
/opt/airflow/dags/waseet_daily.py    314  0.00s             1           0  0.16s           2026-09-15T18:50:56                      12
================================================================================
[2026-09-15T18:51:31.963+0000] {manager.py:821} INFO - Searching for files in /opt/airflow/dags
[2026-09-15T18:51:31.985+0000] {manager.py:824} INFO - There are 1 files in /opt/airflow/dags
[2026-09-15T18:51:37.028+0000] {manager.py:821} INFO - Searching for files in /opt/airflow/dags
[2026-09-15T18:51:37.048+0000] {manager.py:824} INFO - There are 1 files in /opt/airflow/dags
[2026-09-15T18:51:42.089+0000] {manager.py:821} INFO - Searching for files in /opt/airflow/dags
[2026-09-15T18:51:42.108+0000] {manager.py:824} INFO - There are 1 files in /opt/airflow/dags
[2026-09-15T18:51:47.158+0000] {manager.py:821} INFO - Searching for files in /opt/airflow/dags
[2026-09-15T18:51:47.195+0000] {manager.py:824} INFO - There are 1 files in /opt/airflow/dags
[2026-09-15T18:51:52.241+0000] {manager.py:821} INFO - Searching for files in /opt/airflow/dags
[2026-09-15T18:51:52.257+0000] {manager.py:824} INFO - There are 1 files in /opt/airflow/dags
[2026-09-15T18:51:57.313+0000] {manager.py:821} INFO - Searching for files in /opt/airflow/dags
[2026-09-15T18:51:57.344+0000] {manager.py:824} INFO - There are 1 files in /opt/airflow/dags
[2026-09-15T18:51:57.361+0000] {manager.py:997} INFO - 
================================================================================
DAG File Processing Stats

File Path                            PID  Runtime      # DAGs    # Errors  Last Runtime    Last Run               Last # of DB Queries
---------------------------------  -----  ---------  --------  ----------  --------------  -------------------  ----------------------
/opt/airflow/dags/waseet_daily.py    319  0.00s             1           0  0.09s           2026-09-15T18:51:27                      12
================================================================================
[2026-09-15T18:52:02.404+0000] {manager.py:821} INFO - Searching for files in /opt/airflow/dags
[2026-09-15T18:52:02.432+0000] {manager.py:824} INFO - There are 1 files in /opt/airflow/dags
[2026-09-15T18:52:08.635+0000] {manager.py:821} INFO - Searching for files in /opt/airflow/dags
[2026-09-15T18:52:08.650+0000] {manager.py:824} INFO - There are 1 files in /opt/airflow/dags
[2026-09-15T18:52:13.686+0000] {manager.py:821} INFO - Searching for files in /opt/airflow/dags
[2026-09-15T18:52:13.708+0000] {manager.py:824} INFO - There are 1 files in /opt/airflow/dags
[2026-09-15T18:52:18.745+0000] {manager.py:821} INFO - Searching for files in /opt/airflow/dags
[2026-09-15T18:52:18.767+0000] {manager.py:824} INFO - There are 1 files in /opt/airflow/dags
[2026-09-15T18:52:23.808+0000] {manager.py:821} INFO - Searching for files in /opt/airflow/dags
[2026-09-15T18:52:23.824+0000] {manager.py:824} INFO - There are 1 files in /opt/airflow/dags
[2026-09-15T18:52:28.913+0000] {manager.py:821} INFO - Searching for files in /opt/airflow/dags
[2026-09-15T18:52:28.932+0000] {manager.py:824} INFO - There are 1 files in /opt/airflow/dags
[2026-09-15T18:52:28.954+0000] {manager.py:997} INFO - 
================================================================================
DAG File Processing Stats

File Path                            PID  Runtime      # DAGs    # Errors  Last Runtime    Last Run               Last # of DB Queries
---------------------------------  -----  ---------  --------  ----------  --------------  -------------------  ----------------------
/opt/airflow/dags/waseet_daily.py    324  0.00s             1           0  0.13s           2026-09-15T18:51:57                      12
================================================================================
[2026-09-15T18:52:34.001+0000] {manager.py:821} INFO - Searching for files in /opt/airflow/dags
[2026-09-15T18:52:34.045+0000] {manager.py:824} INFO - There are 1 files in /opt/airflow/dags
[2026-09-15T18:52:39.082+0000] {manager.py:821} INFO - Searching for files in /opt/airflow/dags
[2026-09-15T18:52:39.101+0000] {manager.py:824} INFO - There are 1 files in /opt/airflow/dags
[2026-09-15T18:52:44.139+0000] {manager.py:821} INFO - Searching for files in /opt/airflow/dags
[2026-09-15T18:52:44.172+0000] {manager.py:824} INFO - There are 1 files in /opt/airflow/dags
[2026-09-15T18:52:49.216+0000] {manager.py:821} INFO - Searching for files in /opt/airflow/dags
[2026-09-15T18:52:49.251+0000] {manager.py:824} INFO - There are 1 files in /opt/airflow/dags
[2026-09-15T18:52:54.287+0000] {manager.py:821} INFO - Searching for files in /opt/airflow/dags
[2026-09-15T18:52:54.316+0000] {manager.py:824} INFO - There are 1 files in /opt/airflow/dags
[2026-09-15T18:52:59.349+0000] {manager.py:821} INFO - Searching for files in /opt/airflow/dags
[2026-09-15T18:52:59.363+0000] {manager.py:824} INFO - There are 1 files in /opt/airflow/dags
[2026-09-15T18:52:59.379+0000] {manager.py:997} INFO - 
================================================================================
DAG File Processing Stats

File Path                            PID  Runtime      # DAGs    # Errors  Last Runtime    Last Run               Last # of DB Queries
---------------------------------  -----  ---------  --------  ----------  --------------  -------------------  ----------------------
/opt/airflow/dags/waseet_daily.py    329  0.00s             1           0  0.11s           2026-09-15T18:52:29                      12
================================================================================
[2026-09-15T18:53:04.424+0000] {manager.py:821} INFO - Searching for files in /opt/airflow/dags
[2026-09-15T18:53:04.440+0000] {manager.py:824} INFO - There are 1 files in /opt/airflow/dags
[2026-09-15T18:53:09.473+0000] {manager.py:821} INFO - Searching for files in /opt/airflow/dags
[2026-09-15T18:53:09.495+0000] {manager.py:824} INFO - There are 1 files in /opt/airflow/dags
[2026-09-15T18:53:14.531+0000] {manager.py:821} INFO - Searching for files in /opt/airflow/dags
[2026-09-15T18:53:14.562+0000] {manager.py:824} INFO - There are 1 files in /opt/airflow/dags
[2026-09-15T18:53:19.605+0000] {manager.py:821} INFO - Searching for files in /opt/airflow/dags
[2026-09-15T18:53:19.634+0000] {manager.py:824} INFO - There are 1 files in /opt/airflow/dags
[2026-09-15T18:53:24.680+0000] {manager.py:821} INFO - Searching for files in /opt/airflow/dags
[2026-09-15T18:53:24.700+0000] {manager.py:824} INFO - There are 1 files in /opt/airflow/dags
[2026-09-15T18:53:29.733+0000] {manager.py:821} INFO - Searching for files in /opt/airflow/dags
[2026-09-15T18:53:29.776+0000] {manager.py:824} INFO - There are 1 files in /opt/airflow/dags
[2026-09-15T18:53:29.799+0000] {manager.py:997} INFO - 
================================================================================
DAG File Processing Stats

File Path                            PID  Runtime      # DAGs    # Errors  Last Runtime    Last Run               Last # of DB Queries
---------------------------------  -----  ---------  --------  ----------  --------------  -------------------  ----------------------
/opt/airflow/dags/waseet_daily.py    334  0.00s             1           0  0.10s           2026-09-15T18:52:59                      12
================================================================================
[2026-09-15T18:53:34.834+0000] {manager.py:821} INFO - Searching for files in /opt/airflow/dags
[2026-09-15T18:53:34.850+0000] {manager.py:824} INFO - There are 1 files in /opt/airflow/dags
[2026-09-15T18:53:39.879+0000] {manager.py:821} INFO - Searching for files in /opt/airflow/dags
[2026-09-15T18:53:39.899+0000] {manager.py:824} INFO - There are 1 files in /opt/airflow/dags
[2026-09-15T18:53:44.938+0000] {manager.py:821} INFO - Searching for files in /opt/airflow/dags
[2026-09-15T18:53:44.955+0000] {manager.py:824} INFO - There are 1 files in /opt/airflow/dags
[2026-09-15T18:53:50.001+0000] {manager.py:821} INFO - Searching for files in /opt/airflow/dags
[2026-09-15T18:53:50.032+0000] {manager.py:824} INFO - There are 1 files in /opt/airflow/dags
[2026-09-15T18:53:55.074+0000] {manager.py:821} INFO - Searching for files in /opt/airflow/dags
[2026-09-15T18:53:55.101+0000] {manager.py:824} INFO - There are 1 files in /opt/airflow/dags
[2026-09-15T18:54:00.148+0000] {manager.py:821} INFO - Searching for files in /opt/airflow/dags
[2026-09-15T18:54:00.162+0000] {manager.py:824} INFO - There are 1 files in /opt/airflow/dags
[2026-09-15T18:54:00.179+0000] {manager.py:997} INFO - 
================================================================================
DAG File Processing Stats

File Path                            PID  Runtime      # DAGs    # Errors  Last Runtime    Last Run               Last # of DB Queries
---------------------------------  -----  ---------  --------  ----------  --------------  -------------------  ----------------------
/opt/airflow/dags/waseet_daily.py    340  0.00s             1           0  0.12s           2026-09-15T18:53:29                      12
================================================================================
[2026-09-15T18:54:05.226+0000] {manager.py:821} INFO - Searching for files in /opt/airflow/dags
[2026-09-15T18:54:05.260+0000] {manager.py:824} INFO - There are 1 files in /opt/airflow/dags
[2026-09-15T18:54:10.319+0000] {manager.py:821} INFO - Searching for files in /opt/airflow/dags
[2026-09-15T18:54:10.342+0000] {manager.py:824} INFO - There are 1 files in /opt/airflow/dags
[2026-09-15T18:54:15.396+0000] {manager.py:821} INFO - Searching for files in /opt/airflow/dags
[2026-09-15T18:54:15.444+0000] {manager.py:824} INFO - There are 1 files in /opt/airflow/dags
[2026-09-15T18:54:20.499+0000] {manager.py:821} INFO - Searching for files in /opt/airflow/dags
[2026-09-15T18:54:20.518+0000] {manager.py:824} INFO - There are 1 files in /opt/airflow/dags
[2026-09-15T18:54:25.581+0000] {manager.py:821} INFO - Searching for files in /opt/airflow/dags
[2026-09-15T18:54:25.640+0000] {manager.py:824} INFO - There are 1 files in /opt/airflow/dags
[2026-09-15T18:54:30.706+0000] {manager.py:821} INFO - Searching for files in /opt/airflow/dags
[2026-09-15T18:54:30.729+0000] {manager.py:824} INFO - There are 1 files in /opt/airflow/dags
[2026-09-15T18:54:30.752+0000] {manager.py:997} INFO - 
================================================================================
DAG File Processing Stats

File Path                            PID  Runtime      # DAGs    # Errors  Last Runtime    Last Run               Last # of DB Queries
---------------------------------  -----  ---------  --------  ----------  --------------  -------------------  ----------------------
/opt/airflow/dags/waseet_daily.py    345  0.00s             1           0  0.09s           2026-09-15T18:54:00                      12
================================================================================
[2026-09-15T18:54:35.795+0000] {manager.py:821} INFO - Searching for files in /opt/airflow/dags
[2026-09-15T18:54:35.818+0000] {manager.py:824} INFO - There are 1 files in /opt/airflow/dags
[2026-09-15T18:54:40.853+0000] {manager.py:821} INFO - Searching for files in /opt/airflow/dags
[2026-09-15T18:54:40.885+0000] {manager.py:824} INFO - There are 1 files in /opt/airflow/dags
[2026-09-15T18:54:45.917+0000] {manager.py:821} INFO - Searching for files in /opt/airflow/dags
[2026-09-15T18:54:45.944+0000] {manager.py:824} INFO - There are 1 files in /opt/airflow/dags
[2026-09-15T18:54:50.989+0000] {manager.py:821} INFO - Searching for files in /opt/airflow/dags
[2026-09-15T18:54:51.028+0000] {manager.py:824} INFO - There are 1 files in /opt/airflow/dags
[2026-09-15T18:54:56.078+0000] {manager.py:821} INFO - Searching for files in /opt/airflow/dags
[2026-09-15T18:54:56.119+0000] {manager.py:824} INFO - There are 1 files in /opt/airflow/dags
[2026-09-15T18:55:01.182+0000] {manager.py:821} INFO - Searching for files in /opt/airflow/dags
[2026-09-15T18:55:01.234+0000] {manager.py:824} INFO - There are 1 files in /opt/airflow/dags
[2026-09-15T18:55:01.253+0000] {manager.py:997} INFO - 
================================================================================
DAG File Processing Stats

File Path                            PID  Runtime      # DAGs    # Errors  Last Runtime    Last Run               Last # of DB Queries
---------------------------------  -----  ---------  --------  ----------  --------------  -------------------  ----------------------
/opt/airflow/dags/waseet_daily.py    350  0.00s             1           0  0.10s           2026-09-15T18:54:30                      12
================================================================================
[2026-09-15T18:55:06.307+0000] {manager.py:821} INFO - Searching for files in /opt/airflow/dags
[2026-09-15T18:55:06.333+0000] {manager.py:824} INFO - There are 1 files in /opt/airflow/dags
[2026-09-15T18:55:11.390+0000] {manager.py:821} INFO - Searching for files in /opt/airflow/dags
[2026-09-15T18:55:11.447+0000] {manager.py:824} INFO - There are 1 files in /opt/airflow/dags
[2026-09-15T18:55:16.504+0000] {manager.py:821} INFO - Searching for files in /opt/airflow/dags
[2026-09-15T18:55:16.536+0000] {manager.py:824} INFO - There are 1 files in /opt/airflow/dags
[2026-09-15T18:55:21.584+0000] {manager.py:821} INFO - Searching for files in /opt/airflow/dags
[2026-09-15T18:55:21.609+0000] {manager.py:824} INFO - There are 1 files in /opt/airflow/dags
[2026-09-15T18:55:26.658+0000] {manager.py:821} INFO - Searching for files in /opt/airflow/dags
[2026-09-15T18:55:26.680+0000] {manager.py:824} INFO - There are 1 files in /opt/airflow/dags
[2026-09-15T18:55:31.722+0000] {manager.py:821} INFO - Searching for files in /opt/airflow/dags
[2026-09-15T18:55:31.759+0000] {manager.py:824} INFO - There are 1 files in /opt/airflow/dags
[2026-09-15T18:55:31.774+0000] {manager.py:997} INFO - 
================================================================================
DAG File Processing Stats

File Path                            PID  Runtime      # DAGs    # Errors  Last Runtime    Last Run               Last # of DB Queries
---------------------------------  -----  ---------  --------  ----------  --------------  -------------------  ----------------------
/opt/airflow/dags/waseet_daily.py    355  0.00s             1           0  0.12s           2026-09-15T18:55:01                      12
================================================================================
[2026-09-15T18:55:36.813+0000] {manager.py:821} INFO - Searching for files in /opt/airflow/dags
[2026-09-15T18:55:36.851+0000] {manager.py:824} INFO - There are 1 files in /opt/airflow/dags
[2026-09-15T18:55:41.898+0000] {manager.py:821} INFO - Searching for files in /opt/airflow/dags
[2026-09-15T18:55:41.934+0000] {manager.py:824} INFO - There are 1 files in /opt/airflow/dags
[2026-09-15T18:55:46.984+0000] {manager.py:821} INFO - Searching for files in /opt/airflow/dags
[2026-09-15T18:55:46.998+0000] {manager.py:824} INFO - There are 1 files in /opt/airflow/dags
[2026-09-15T18:55:52.052+0000] {manager.py:821} INFO - Searching for files in /opt/airflow/dags
[2026-09-15T18:55:52.067+0000] {manager.py:824} INFO - There are 1 files in /opt/airflow/dags
[2026-09-15T18:55:57.112+0000] {manager.py:821} INFO - Searching for files in /opt/airflow/dags
[2026-09-15T18:55:57.126+0000] {manager.py:824} INFO - There are 1 files in /opt/airflow/dags
[2026-09-15T18:56:02.181+0000] {manager.py:821} INFO - Searching for files in /opt/airflow/dags
[2026-09-15T18:56:02.213+0000] {manager.py:824} INFO - There are 1 files in /opt/airflow/dags
[2026-09-15T18:56:02.237+0000] {manager.py:997} INFO - 
================================================================================
DAG File Processing Stats

File Path                            PID  Runtime      # DAGs    # Errors  Last Runtime    Last Run               Last # of DB Queries
---------------------------------  -----  ---------  --------  ----------  --------------  -------------------  ----------------------
/opt/airflow/dags/waseet_daily.py    360  0.00s             1           0  0.09s           2026-09-15T18:55:31                      12
================================================================================
[2026-09-15T18:56:07.284+0000] {manager.py:821} INFO - Searching for files in /opt/airflow/dags
[2026-09-15T18:56:07.302+0000] {manager.py:824} INFO - There are 1 files in /opt/airflow/dags
[2026-09-15T18:56:12.337+0000] {manager.py:821} INFO - Searching for files in /opt/airflow/dags
[2026-09-15T18:56:12.354+0000] {manager.py:824} INFO - There are 1 files in /opt/airflow/dags
[2026-09-15T18:56:17.404+0000] {manager.py:821} INFO - Searching for files in /opt/airflow/dags
[2026-09-15T18:56:17.452+0000] {manager.py:824} INFO - There are 1 files in /opt/airflow/dags
[2026-09-15T18:56:22.488+0000] {manager.py:821} INFO - Searching for files in /opt/airflow/dags
[2026-09-15T18:56:22.515+0000] {manager.py:824} INFO - There are 1 files in /opt/airflow/dags
[2026-09-15T18:56:27.555+0000] {manager.py:821} INFO - Searching for files in /opt/airflow/dags
[2026-09-15T18:56:27.594+0000] {manager.py:824} INFO - There are 1 files in /opt/airflow/dags
[2026-09-15T18:56:32.635+0000] {manager.py:821} INFO - Searching for files in /opt/airflow/dags
[2026-09-15T18:56:32.656+0000] {manager.py:824} INFO - There are 1 files in /opt/airflow/dags
[2026-09-15T18:56:32.671+0000] {manager.py:997} INFO - 
================================================================================
DAG File Processing Stats

File Path                            PID  Runtime      # DAGs    # Errors  Last Runtime    Last Run               Last # of DB Queries
---------------------------------  -----  ---------  --------  ----------  --------------  -------------------  ----------------------
/opt/airflow/dags/waseet_daily.py    365  0.00s             1           0  0.13s           2026-09-15T18:56:02                      12
================================================================================
[2026-09-15T18:56:37.706+0000] {manager.py:821} INFO - Searching for files in /opt/airflow/dags
[2026-09-15T18:56:37.740+0000] {manager.py:824} INFO - There are 1 files in /opt/airflow/dags
[2026-09-15T18:56:42.784+0000] {manager.py:821} INFO - Searching for files in /opt/airflow/dags
[2026-09-15T18:56:42.799+0000] {manager.py:824} INFO - There are 1 files in /opt/airflow/dags
[2026-09-15T18:56:47.841+0000] {manager.py:821} INFO - Searching for files in /opt/airflow/dags
[2026-09-15T18:56:47.866+0000] {manager.py:824} INFO - There are 1 files in /opt/airflow/dags
[2026-09-15T18:56:52.904+0000] {manager.py:821} INFO - Searching for files in /opt/airflow/dags
[2026-09-15T18:56:52.920+0000] {manager.py:824} INFO - There are 1 files in /opt/airflow/dags
[2026-09-15T18:56:57.958+0000] {manager.py:821} INFO - Searching for files in /opt/airflow/dags
[2026-09-15T18:56:58.001+0000] {manager.py:824} INFO - There are 1 files in /opt/airflow/dags
[2026-09-15T18:57:03.048+0000] {manager.py:821} INFO - Searching for files in /opt/airflow/dags
[2026-09-15T18:57:03.069+0000] {manager.py:824} INFO - There are 1 files in /opt/airflow/dags
[2026-09-15T18:57:03.094+0000] {manager.py:997} INFO - 
================================================================================
DAG File Processing Stats

File Path                            PID  Runtime      # DAGs    # Errors  Last Runtime    Last Run               Last # of DB Queries
---------------------------------  -----  ---------  --------  ----------  --------------  -------------------  ----------------------
/opt/airflow/dags/waseet_daily.py    370  0.00s             1           0  0.12s           2026-09-15T18:56:32                      12
================================================================================
[2026-09-15T18:57:08.125+0000] {manager.py:821} INFO - Searching for files in /opt/airflow/dags
[2026-09-15T18:57:08.142+0000] {manager.py:824} INFO - There are 1 files in /opt/airflow/dags
[2026-09-15T18:57:13.189+0000] {manager.py:821} INFO - Searching for files in /opt/airflow/dags
[2026-09-15T18:57:13.228+0000] {manager.py:824} INFO - There are 1 files in /opt/airflow/dags
[2026-09-15T18:57:18.270+0000] {manager.py:821} INFO - Searching for files in /opt/airflow/dags
[2026-09-15T18:57:18.313+0000] {manager.py:824} INFO - There are 1 files in /opt/airflow/dags
[2026-09-15T18:57:23.357+0000] {manager.py:821} INFO - Searching for files in /opt/airflow/dags
[2026-09-15T18:57:23.373+0000] {manager.py:824} INFO - There are 1 files in /opt/airflow/dags
[2026-09-15T18:57:28.419+0000] {manager.py:821} INFO - Searching for files in /opt/airflow/dags
[2026-09-15T18:57:28.434+0000] {manager.py:824} INFO - There are 1 files in /opt/airflow/dags
[2026-09-15T18:57:33.476+0000] {manager.py:821} INFO - Searching for files in /opt/airflow/dags
[2026-09-15T18:57:33.502+0000] {manager.py:824} INFO - There are 1 files in /opt/airflow/dags
[2026-09-15T18:57:33.521+0000] {manager.py:997} INFO - 
================================================================================
DAG File Processing Stats

File Path                            PID  Runtime      # DAGs    # Errors  Last Runtime    Last Run               Last # of DB Queries
---------------------------------  -----  ---------  --------  ----------  --------------  -------------------  ----------------------
/opt/airflow/dags/waseet_daily.py    375  0.00s             1           0  0.14s           2026-09-15T18:57:03                      12
================================================================================
[2026-09-15T18:57:38.552+0000] {manager.py:821} INFO - Searching for files in /opt/airflow/dags
[2026-09-15T18:57:38.567+0000] {manager.py:824} INFO - There are 1 files in /opt/airflow/dags
[2026-09-15T18:57:43.605+0000] {manager.py:821} INFO - Searching for files in /opt/airflow/dags
[2026-09-15T18:57:43.630+0000] {manager.py:824} INFO - There are 1 files in /opt/airflow/dags
[2026-09-15T18:57:48.666+0000] {manager.py:821} INFO - Searching for files in /opt/airflow/dags
[2026-09-15T18:57:48.690+0000] {manager.py:824} INFO - There are 1 files in /opt/airflow/dags
[2026-09-15T18:57:53.727+0000] {manager.py:821} INFO - Searching for files in /opt/airflow/dags
[2026-09-15T18:57:53.744+0000] {manager.py:824} INFO - There are 1 files in /opt/airflow/dags
[2026-09-15T18:57:58.779+0000] {manager.py:821} INFO - Searching for files in /opt/airflow/dags
[2026-09-15T18:57:58.795+0000] {manager.py:824} INFO - There are 1 files in /opt/airflow/dags
[2026-09-15T18:58:03.834+0000] {manager.py:821} INFO - Searching for files in /opt/airflow/dags
[2026-09-15T18:58:03.858+0000] {manager.py:824} INFO - There are 1 files in /opt/airflow/dags
[2026-09-15T18:58:03.873+0000] {manager.py:997} INFO - 
================================================================================
DAG File Processing Stats

File Path                            PID  Runtime      # DAGs    # Errors  Last Runtime    Last Run               Last # of DB Queries
---------------------------------  -----  ---------  --------  ----------  --------------  -------------------  ----------------------
/opt/airflow/dags/waseet_daily.py    381  0.00s             1           0  0.12s           2026-09-15T18:57:33                      12
================================================================================
[2026-09-15T18:58:08.908+0000] {manager.py:821} INFO - Searching for files in /opt/airflow/dags
[2026-09-15T18:58:08.927+0000] {manager.py:824} INFO - There are 1 files in /opt/airflow/dags
[2026-09-15T18:58:13.972+0000] {manager.py:821} INFO - Searching for files in /opt/airflow/dags
[2026-09-15T18:58:14.016+0000] {manager.py:824} INFO - There are 1 files in /opt/airflow/dags
[2026-09-15T18:58:19.056+0000] {manager.py:821} INFO - Searching for files in /opt/airflow/dags
[2026-09-15T18:58:19.070+0000] {manager.py:824} INFO - There are 1 files in /opt/airflow/dags
[2026-09-15T18:58:24.132+0000] {manager.py:821} INFO - Searching for files in /opt/airflow/dags
[2026-09-15T18:58:24.160+0000] {manager.py:824} INFO - There are 1 files in /opt/airflow/dags
[2026-09-15T18:58:29.197+0000] {manager.py:821} INFO - Searching for files in /opt/airflow/dags
[2026-09-15T18:58:29.214+0000] {manager.py:824} INFO - There are 1 files in /opt/airflow/dags
[2026-09-15T18:58:34.255+0000] {manager.py:821} INFO - Searching for files in /opt/airflow/dags
[2026-09-15T18:58:34.272+0000] {manager.py:824} INFO - There are 1 files in /opt/airflow/dags
[2026-09-15T18:58:34.290+0000] {manager.py:997} INFO - 
================================================================================
DAG File Processing Stats

File Path                            PID  Runtime      # DAGs    # Errors  Last Runtime    Last Run               Last # of DB Queries
---------------------------------  -----  ---------  --------  ----------  --------------  -------------------  ----------------------
/opt/airflow/dags/waseet_daily.py    386  0.00s             1           0  0.10s           2026-09-15T18:58:03                      12
================================================================================
[2026-09-15T18:58:39.327+0000] {manager.py:821} INFO - Searching for files in /opt/airflow/dags
[2026-09-15T18:58:39.373+0000] {manager.py:824} INFO - There are 1 files in /opt/airflow/dags
[2026-09-15T18:58:44.419+0000] {manager.py:821} INFO - Searching for files in /opt/airflow/dags
[2026-09-15T18:58:44.458+0000] {manager.py:824} INFO - There are 1 files in /opt/airflow/dags
[2026-09-15T18:58:49.498+0000] {manager.py:821} INFO - Searching for files in /opt/airflow/dags
[2026-09-15T18:58:49.513+0000] {manager.py:824} INFO - There are 1 files in /opt/airflow/dags
[2026-09-15T18:58:54.554+0000] {manager.py:821} INFO - Searching for files in /opt/airflow/dags
[2026-09-15T18:58:54.596+0000] {manager.py:824} INFO - There are 1 files in /opt/airflow/dags
[2026-09-15T18:58:59.642+0000] {manager.py:821} INFO - Searching for files in /opt/airflow/dags
[2026-09-15T18:58:59.669+0000] {manager.py:824} INFO - There are 1 files in /opt/airflow/dags
[2026-09-15T18:59:04.712+0000] {manager.py:821} INFO - Searching for files in /opt/airflow/dags
[2026-09-15T18:59:04.731+0000] {manager.py:824} INFO - There are 1 files in /opt/airflow/dags
[2026-09-15T18:59:04.749+0000] {manager.py:997} INFO - 
================================================================================
DAG File Processing Stats

File Path                            PID  Runtime      # DAGs    # Errors  Last Runtime    Last Run               Last # of DB Queries
---------------------------------  -----  ---------  --------  ----------  --------------  -------------------  ----------------------
/opt/airflow/dags/waseet_daily.py    391  0.00s             1           0  0.11s           2026-09-15T18:58:34                      12
================================================================================
[2026-09-15T18:59:09.784+0000] {manager.py:821} INFO - Searching for files in /opt/airflow/dags
[2026-09-15T18:59:09.808+0000] {manager.py:824} INFO - There are 1 files in /opt/airflow/dags
[2026-09-15T18:59:14.845+0000] {manager.py:821} INFO - Searching for files in /opt/airflow/dags
[2026-09-15T18:59:14.868+0000] {manager.py:824} INFO - There are 1 files in /opt/airflow/dags
[2026-09-15T18:59:19.905+0000] {manager.py:821} INFO - Searching for files in /opt/airflow/dags
[2026-09-15T18:59:19.921+0000] {manager.py:824} INFO - There are 1 files in /opt/airflow/dags
[2026-09-15T18:59:24.960+0000] {manager.py:821} INFO - Searching for files in /opt/airflow/dags
[2026-09-15T18:59:25.004+0000] {manager.py:824} INFO - There are 1 files in /opt/airflow/dags
[2026-09-15T18:59:30.046+0000] {manager.py:821} INFO - Searching for files in /opt/airflow/dags
[2026-09-15T18:59:30.070+0000] {manager.py:824} INFO - There are 1 files in /opt/airflow/dags
[2026-09-15T18:59:35.113+0000] {manager.py:821} INFO - Searching for files in /opt/airflow/dags
[2026-09-15T18:59:35.134+0000] {manager.py:824} INFO - There are 1 files in /opt/airflow/dags
[2026-09-15T18:59:35.151+0000] {manager.py:997} INFO - 
================================================================================
DAG File Processing Stats

File Path                            PID  Runtime      # DAGs    # Errors  Last Runtime    Last Run               Last # of DB Queries
---------------------------------  -----  ---------  --------  ----------  --------------  -------------------  ----------------------
/opt/airflow/dags/waseet_daily.py    396  0.00s             1           0  0.12s           2026-09-15T18:59:04                      12
================================================================================
[2026-09-15T18:59:40.186+0000] {manager.py:821} INFO - Searching for files in /opt/airflow/dags
[2026-09-15T18:59:40.208+0000] {manager.py:824} INFO - There are 1 files in /opt/airflow/dags
[2026-09-15T18:59:45.248+0000] {manager.py:821} INFO - Searching for files in /opt/airflow/dags
[2026-09-15T18:59:45.270+0000] {manager.py:824} INFO - There are 1 files in /opt/airflow/dags
[2026-09-15T18:59:50.313+0000] {manager.py:821} INFO - Searching for files in /opt/airflow/dags
[2026-09-15T18:59:50.337+0000] {manager.py:824} INFO - There are 1 files in /opt/airflow/dags
[2026-09-15T18:59:55.379+0000] {manager.py:821} INFO - Searching for files in /opt/airflow/dags
[2026-09-15T18:59:55.396+0000] {manager.py:824} INFO - There are 1 files in /opt/airflow/dags
[2026-09-15T19:00:00.429+0000] {manager.py:821} INFO - Searching for files in /opt/airflow/dags
[2026-09-15T19:00:00.451+0000] {manager.py:824} INFO - There are 1 files in /opt/airflow/dags
[2026-09-15T19:00:05.492+0000] {manager.py:821} INFO - Searching for files in /opt/airflow/dags
[2026-09-15T19:00:05.512+0000] {manager.py:824} INFO - There are 1 files in /opt/airflow/dags
[2026-09-15T19:00:05.532+0000] {manager.py:997} INFO - 
================================================================================
DAG File Processing Stats

File Path                            PID  Runtime      # DAGs    # Errors  Last Runtime    Last Run               Last # of DB Queries
---------------------------------  -----  ---------  --------  ----------  --------------  -------------------  ----------------------
/opt/airflow/dags/waseet_daily.py    401  0.00s             1           0  0.11s           2026-09-15T18:59:35                      12
================================================================================
[2026-09-15T19:00:10.566+0000] {manager.py:821} INFO - Searching for files in /opt/airflow/dags
[2026-09-15T19:00:10.597+0000] {manager.py:824} INFO - There are 1 files in /opt/airflow/dags
[2026-09-15T19:00:15.635+0000] {manager.py:821} INFO - Searching for files in /opt/airflow/dags
[2026-09-15T19:00:15.653+0000] {manager.py:824} INFO - There are 1 files in /opt/airflow/dags
[2026-09-15T19:00:20.698+0000] {manager.py:821} INFO - Searching for files in /opt/airflow/dags
[2026-09-15T19:00:20.725+0000] {manager.py:824} INFO - There are 1 files in /opt/airflow/dags
[2026-09-15T19:00:25.764+0000] {manager.py:821} INFO - Searching for files in /opt/airflow/dags
[2026-09-15T19:00:25.794+0000] {manager.py:824} INFO - There are 1 files in /opt/airflow/dags
[2026-09-15T19:00:30.838+0000] {manager.py:821} INFO - Searching for files in /opt/airflow/dags
[2026-09-15T19:00:30.853+0000] {manager.py:824} INFO - There are 1 files in /opt/airflow/dags
[2026-09-15T19:00:35.891+0000] {manager.py:821} INFO - Searching for files in /opt/airflow/dags
[2026-09-15T19:00:35.909+0000] {manager.py:824} INFO - There are 1 files in /opt/airflow/dags
[2026-09-15T19:00:35.928+0000] {manager.py:997} INFO - 
================================================================================
DAG File Processing Stats

File Path                            PID  Runtime      # DAGs    # Errors  Last Runtime    Last Run               Last # of DB Queries
---------------------------------  -----  ---------  --------  ----------  --------------  -------------------  ----------------------
/opt/airflow/dags/waseet_daily.py    406  0.00s             1           0  0.12s           2026-09-15T19:00:05                      12
================================================================================
[2026-09-15T19:00:40.968+0000] {manager.py:821} INFO - Searching for files in /opt/airflow/dags
[2026-09-15T19:00:41.004+0000] {manager.py:824} INFO - There are 1 files in /opt/airflow/dags
[2026-09-15T19:00:46.049+0000] {manager.py:821} INFO - Searching for files in /opt/airflow/dags
[2026-09-15T19:00:46.070+0000] {manager.py:824} INFO - There are 1 files in /opt/airflow/dags
[2026-09-15T19:00:51.111+0000] {manager.py:821} INFO - Searching for files in /opt/airflow/dags
[2026-09-15T19:00:51.128+0000] {manager.py:824} INFO - There are 1 files in /opt/airflow/dags
[2026-09-15T19:00:56.169+0000] {manager.py:821} INFO - Searching for files in /opt/airflow/dags
[2026-09-15T19:00:56.187+0000] {manager.py:824} INFO - There are 1 files in /opt/airflow/dags
[2026-09-15T19:01:01.226+0000] {manager.py:821} INFO - Searching for files in /opt/airflow/dags
[2026-09-15T19:01:01.244+0000] {manager.py:824} INFO - There are 1 files in /opt/airflow/dags
[2026-09-15T19:01:06.284+0000] {manager.py:821} INFO - Searching for files in /opt/airflow/dags
[2026-09-15T19:01:06.304+0000] {manager.py:824} INFO - There are 1 files in /opt/airflow/dags
[2026-09-15T19:01:06.320+0000] {manager.py:997} INFO - 
================================================================================
DAG File Processing Stats

File Path                            PID  Runtime      # DAGs    # Errors  Last Runtime    Last Run               Last # of DB Queries
---------------------------------  -----  ---------  --------  ----------  --------------  -------------------  ----------------------
/opt/airflow/dags/waseet_daily.py    411  0.00s             1           0  0.10s           2026-09-15T19:00:36                      12
================================================================================
[2026-09-15T19:01:11.361+0000] {manager.py:821} INFO - Searching for files in /opt/airflow/dags
[2026-09-15T19:01:11.391+0000] {manager.py:824} INFO - There are 1 files in /opt/airflow/dags
[2026-09-15T19:01:16.426+0000] {manager.py:821} INFO - Searching for files in /opt/airflow/dags
[2026-09-15T19:01:16.453+0000] {manager.py:824} INFO - There are 1 files in /opt/airflow/dags
[2026-09-15T19:01:21.519+0000] {manager.py:821} INFO - Searching for files in /opt/airflow/dags
[2026-09-15T19:01:21.535+0000] {manager.py:824} INFO - There are 1 files in /opt/airflow/dags
[2026-09-15T19:01:26.578+0000] {manager.py:821} INFO - Searching for files in /opt/airflow/dags
[2026-09-15T19:01:26.606+0000] {manager.py:824} INFO - There are 1 files in /opt/airflow/dags
[2026-09-15T19:01:31.644+0000] {manager.py:821} INFO - Searching for files in /opt/airflow/dags
[2026-09-15T19:01:31.672+0000] {manager.py:824} INFO - There are 1 files in /opt/airflow/dags
[2026-09-15T19:01:36.718+0000] {manager.py:821} INFO - Searching for files in /opt/airflow/dags
[2026-09-15T19:01:36.742+0000] {manager.py:824} INFO - There are 1 files in /opt/airflow/dags
[2026-09-15T19:01:36.766+0000] {manager.py:997} INFO - 
================================================================================
DAG File Processing Stats

File Path                            PID  Runtime      # DAGs    # Errors  Last Runtime    Last Run               Last # of DB Queries
---------------------------------  -----  ---------  --------  ----------  --------------  -------------------  ----------------------
/opt/airflow/dags/waseet_daily.py    416  0.00s             1           0  0.10s           2026-09-15T19:01:06                      12
================================================================================
[2026-09-15T19:01:41.808+0000] {manager.py:821} INFO - Searching for files in /opt/airflow/dags
[2026-09-15T19:01:41.846+0000] {manager.py:824} INFO - There are 1 files in /opt/airflow/dags
[2026-09-15T19:01:46.890+0000] {manager.py:821} INFO - Searching for files in /opt/airflow/dags
[2026-09-15T19:01:46.904+0000] {manager.py:824} INFO - There are 1 files in /opt/airflow/dags
[2026-09-15T19:01:51.939+0000] {manager.py:821} INFO - Searching for files in /opt/airflow/dags
[2026-09-15T19:01:51.971+0000] {manager.py:824} INFO - There are 1 files in /opt/airflow/dags
[2026-09-15T19:01:57.010+0000] {manager.py:821} INFO - Searching for files in /opt/airflow/dags
[2026-09-15T19:01:57.037+0000] {manager.py:824} INFO - There are 1 files in /opt/airflow/dags
[2026-09-15T19:02:02.081+0000] {manager.py:821} INFO - Searching for files in /opt/airflow/dags
[2026-09-15T19:02:02.117+0000] {manager.py:824} INFO - There are 1 files in /opt/airflow/dags
[2026-09-15T19:02:07.160+0000] {manager.py:821} INFO - Searching for files in /opt/airflow/dags
[2026-09-15T19:02:07.185+0000] {manager.py:824} INFO - There are 1 files in /opt/airflow/dags
[2026-09-15T19:02:07.202+0000] {manager.py:997} INFO - 
================================================================================
DAG File Processing Stats

File Path                            PID  Runtime      # DAGs    # Errors  Last Runtime    Last Run               Last # of DB Queries
---------------------------------  -----  ---------  --------  ----------  --------------  -------------------  ----------------------
/opt/airflow/dags/waseet_daily.py    421  0.00s             1           0  0.10s           2026-09-15T19:01:36                      12
================================================================================
[2026-09-15T19:02:12.238+0000] {manager.py:821} INFO - Searching for files in /opt/airflow/dags
[2026-09-15T19:02:12.254+0000] {manager.py:824} INFO - There are 1 files in /opt/airflow/dags
[2026-09-15T19:02:17.288+0000] {manager.py:821} INFO - Searching for files in /opt/airflow/dags
[2026-09-15T19:02:17.304+0000] {manager.py:824} INFO - There are 1 files in /opt/airflow/dags
[2026-09-15T19:02:22.346+0000] {manager.py:821} INFO - Searching for files in /opt/airflow/dags
[2026-09-15T19:02:22.368+0000] {manager.py:824} INFO - There are 1 files in /opt/airflow/dags
[2026-09-15T19:02:27.415+0000] {manager.py:821} INFO - Searching for files in /opt/airflow/dags
[2026-09-15T19:02:27.429+0000] {manager.py:824} INFO - There are 1 files in /opt/airflow/dags
[2026-09-15T19:02:32.468+0000] {manager.py:821} INFO - Searching for files in /opt/airflow/dags
[2026-09-15T19:02:32.490+0000] {manager.py:824} INFO - There are 1 files in /opt/airflow/dags
[2026-09-15T19:02:37.534+0000] {manager.py:821} INFO - Searching for files in /opt/airflow/dags
[2026-09-15T19:02:37.553+0000] {manager.py:824} INFO - There are 1 files in /opt/airflow/dags
[2026-09-15T19:02:37.573+0000] {manager.py:997} INFO - 
================================================================================
DAG File Processing Stats

File Path                            PID  Runtime      # DAGs    # Errors  Last Runtime    Last Run               Last # of DB Queries
---------------------------------  -----  ---------  --------  ----------  --------------  -------------------  ----------------------
/opt/airflow/dags/waseet_daily.py    426  0.00s             1           0  0.12s           2026-09-15T19:02:07                      12
================================================================================
[2026-09-15T19:02:42.610+0000] {manager.py:821} INFO - Searching for files in /opt/airflow/dags
[2026-09-15T19:02:42.626+0000] {manager.py:824} INFO - There are 1 files in /opt/airflow/dags
[2026-09-15T19:02:47.666+0000] {manager.py:821} INFO - Searching for files in /opt/airflow/dags
[2026-09-15T19:02:47.683+0000] {manager.py:824} INFO - There are 1 files in /opt/airflow/dags
[2026-09-15T19:02:52.721+0000] {manager.py:821} INFO - Searching for files in /opt/airflow/dags
[2026-09-15T19:02:52.744+0000] {manager.py:824} INFO - There are 1 files in /opt/airflow/dags
[2026-09-15T19:02:57.783+0000] {manager.py:821} INFO - Searching for files in /opt/airflow/dags
[2026-09-15T19:02:57.812+0000] {manager.py:824} INFO - There are 1 files in /opt/airflow/dags
[2026-09-15T19:03:02.854+0000] {manager.py:821} INFO - Searching for files in /opt/airflow/dags
[2026-09-15T19:03:02.879+0000] {manager.py:824} INFO - There are 1 files in /opt/airflow/dags
[2026-09-15T19:03:07.925+0000] {manager.py:821} INFO - Searching for files in /opt/airflow/dags
[2026-09-15T19:03:07.958+0000] {manager.py:824} INFO - There are 1 files in /opt/airflow/dags
[2026-09-15T19:03:07.977+0000] {manager.py:997} INFO - 
================================================================================
DAG File Processing Stats

File Path                            PID  Runtime      # DAGs    # Errors  Last Runtime    Last Run               Last # of DB Queries
---------------------------------  -----  ---------  --------  ----------  --------------  -------------------  ----------------------
/opt/airflow/dags/waseet_daily.py    431  0.00s             1           0  0.10s           2026-09-15T19:02:37                      12
================================================================================
[2026-09-15T19:03:13.015+0000] {manager.py:821} INFO - Searching for files in /opt/airflow/dags
[2026-09-15T19:03:13.050+0000] {manager.py:824} INFO - There are 1 files in /opt/airflow/dags
[2026-09-15T19:03:18.086+0000] {manager.py:821} INFO - Searching for files in /opt/airflow/dags
[2026-09-15T19:03:18.115+0000] {manager.py:824} INFO - There are 1 files in /opt/airflow/dags
[2026-09-15T19:03:23.154+0000] {manager.py:821} INFO - Searching for files in /opt/airflow/dags
[2026-09-15T19:03:23.172+0000] {manager.py:824} INFO - There are 1 files in /opt/airflow/dags
[2026-09-15T19:03:28.208+0000] {manager.py:821} INFO - Searching for files in /opt/airflow/dags
[2026-09-15T19:03:28.252+0000] {manager.py:824} INFO - There are 1 files in /opt/airflow/dags
[2026-09-15T19:03:33.291+0000] {manager.py:821} INFO - Searching for files in /opt/airflow/dags
[2026-09-15T19:03:33.323+0000] {manager.py:824} INFO - There are 1 files in /opt/airflow/dags
[2026-09-15T19:03:38.354+0000] {manager.py:821} INFO - Searching for files in /opt/airflow/dags
[2026-09-15T19:03:38.387+0000] {manager.py:824} INFO - There are 1 files in /opt/airflow/dags
[2026-09-15T19:03:38.402+0000] {manager.py:997} INFO - 
================================================================================
DAG File Processing Stats

File Path                            PID  Runtime      # DAGs    # Errors  Last Runtime    Last Run               Last # of DB Queries
---------------------------------  -----  ---------  --------  ----------  --------------  -------------------  ----------------------
/opt/airflow/dags/waseet_daily.py    436  0.00s             1           0  0.10s           2026-09-15T19:03:08                      12
================================================================================
[2026-09-15T19:03:43.447+0000] {manager.py:821} INFO - Searching for files in /opt/airflow/dags
[2026-09-15T19:03:43.476+0000] {manager.py:824} INFO - There are 1 files in /opt/airflow/dags
[2026-09-15T19:03:48.516+0000] {manager.py:821} INFO - Searching for files in /opt/airflow/dags
[2026-09-15T19:03:48.531+0000] {manager.py:824} INFO - There are 1 files in /opt/airflow/dags
[2026-09-15T19:03:53.577+0000] {manager.py:821} INFO - Searching for files in /opt/airflow/dags
[2026-09-15T19:03:53.604+0000] {manager.py:824} INFO - There are 1 files in /opt/airflow/dags
[2026-09-15T19:03:58.650+0000] {manager.py:821} INFO - Searching for files in /opt/airflow/dags
[2026-09-15T19:03:58.665+0000] {manager.py:824} INFO - There are 1 files in /opt/airflow/dags
[2026-09-15T19:04:03.706+0000] {manager.py:821} INFO - Searching for files in /opt/airflow/dags
[2026-09-15T19:04:03.739+0000] {manager.py:824} INFO - There are 1 files in /opt/airflow/dags
[2026-09-15T19:04:08.778+0000] {manager.py:821} INFO - Searching for files in /opt/airflow/dags
[2026-09-15T19:04:08.791+0000] {manager.py:824} INFO - There are 1 files in /opt/airflow/dags
[2026-09-15T19:04:08.806+0000] {manager.py:997} INFO - 
================================================================================
DAG File Processing Stats

File Path                            PID  Runtime      # DAGs    # Errors  Last Runtime    Last Run               Last # of DB Queries
---------------------------------  -----  ---------  --------  ----------  --------------  -------------------  ----------------------
/opt/airflow/dags/waseet_daily.py    441  0.00s             1           0  0.10s           2026-09-15T19:03:38                      12
================================================================================
[2026-09-15T19:04:13.850+0000] {manager.py:821} INFO - Searching for files in /opt/airflow/dags
[2026-09-15T19:04:13.872+0000] {manager.py:824} INFO - There are 1 files in /opt/airflow/dags
[2026-09-15T19:04:18.917+0000] {manager.py:821} INFO - Searching for files in /opt/airflow/dags
[2026-09-15T19:04:18.943+0000] {manager.py:824} INFO - There are 1 files in /opt/airflow/dags
[2026-09-15T19:04:23.980+0000] {manager.py:821} INFO - Searching for files in /opt/airflow/dags
[2026-09-15T19:04:23.995+0000] {manager.py:824} INFO - There are 1 files in /opt/airflow/dags
[2026-09-15T19:04:29.035+0000] {manager.py:821} INFO - Searching for files in /opt/airflow/dags
[2026-09-15T19:04:29.067+0000] {manager.py:824} INFO - There are 1 files in /opt/airflow/dags
[2026-09-15T19:04:34.098+0000] {manager.py:821} INFO - Searching for files in /opt/airflow/dags
[2026-09-15T19:04:34.117+0000] {manager.py:824} INFO - There are 1 files in /opt/airflow/dags
[2026-09-15T19:04:39.151+0000] {manager.py:821} INFO - Searching for files in /opt/airflow/dags
[2026-09-15T19:04:39.169+0000] {manager.py:824} INFO - There are 1 files in /opt/airflow/dags
[2026-09-15T19:04:39.185+0000] {manager.py:997} INFO - 
================================================================================
DAG File Processing Stats

File Path                            PID  Runtime      # DAGs    # Errors  Last Runtime    Last Run               Last # of DB Queries
---------------------------------  -----  ---------  --------  ----------  --------------  -------------------  ----------------------
/opt/airflow/dags/waseet_daily.py    446  0.00s             1           0  0.09s           2026-09-15T19:04:08                      12
================================================================================
[2026-09-15T19:04:44.220+0000] {manager.py:821} INFO - Searching for files in /opt/airflow/dags
[2026-09-15T19:04:44.258+0000] {manager.py:824} INFO - There are 1 files in /opt/airflow/dags
[2026-09-15T19:04:49.304+0000] {manager.py:821} INFO - Searching for files in /opt/airflow/dags
[2026-09-15T19:04:49.332+0000] {manager.py:824} INFO - There are 1 files in /opt/airflow/dags
[2026-09-15T19:04:54.372+0000] {manager.py:821} INFO - Searching for files in /opt/airflow/dags
[2026-09-15T19:04:54.388+0000] {manager.py:824} INFO - There are 1 files in /opt/airflow/dags
[2026-09-15T19:04:59.426+0000] {manager.py:821} INFO - Searching for files in /opt/airflow/dags
[2026-09-15T19:04:59.445+0000] {manager.py:824} INFO - There are 1 files in /opt/airflow/dags
[2026-09-15T19:05:04.489+0000] {manager.py:821} INFO - Searching for files in /opt/airflow/dags
[2026-09-15T19:05:04.506+0000] {manager.py:824} INFO - There are 1 files in /opt/airflow/dags
[2026-09-15T19:05:09.542+0000] {manager.py:821} INFO - Searching for files in /opt/airflow/dags
[2026-09-15T19:05:09.580+0000] {manager.py:824} INFO - There are 1 files in /opt/airflow/dags
[2026-09-15T19:05:09.598+0000] {manager.py:997} INFO - 
================================================================================
DAG File Processing Stats

File Path                            PID  Runtime      # DAGs    # Errors  Last Runtime    Last Run               Last # of DB Queries
---------------------------------  -----  ---------  --------  ----------  --------------  -------------------  ----------------------
/opt/airflow/dags/waseet_daily.py    451  0.00s             1           0  0.12s           2026-09-15T19:04:39                      12
================================================================================
[2026-09-15T19:05:14.643+0000] {manager.py:821} INFO - Searching for files in /opt/airflow/dags
[2026-09-15T19:05:14.661+0000] {manager.py:824} INFO - There are 1 files in /opt/airflow/dags
[2026-09-15T19:05:19.698+0000] {manager.py:821} INFO - Searching for files in /opt/airflow/dags
[2026-09-15T19:05:19.720+0000] {manager.py:824} INFO - There are 1 files in /opt/airflow/dags
[2026-09-15T19:05:24.760+0000] {manager.py:821} INFO - Searching for files in /opt/airflow/dags
[2026-09-15T19:05:24.802+0000] {manager.py:824} INFO - There are 1 files in /opt/airflow/dags
[2026-09-15T19:05:29.846+0000] {manager.py:821} INFO - Searching for files in /opt/airflow/dags
[2026-09-15T19:05:29.868+0000] {manager.py:824} INFO - There are 1 files in /opt/airflow/dags
[2026-09-15T19:05:34.916+0000] {manager.py:821} INFO - Searching for files in /opt/airflow/dags
[2026-09-15T19:05:34.949+0000] {manager.py:824} INFO - There are 1 files in /opt/airflow/dags
[2026-09-15T19:05:39.988+0000] {manager.py:821} INFO - Searching for files in /opt/airflow/dags
[2026-09-15T19:05:40.022+0000] {manager.py:824} INFO - There are 1 files in /opt/airflow/dags
[2026-09-15T19:05:40.042+0000] {manager.py:997} INFO - 
================================================================================
DAG File Processing Stats

File Path                            PID  Runtime      # DAGs    # Errors  Last Runtime    Last Run               Last # of DB Queries
---------------------------------  -----  ---------  --------  ----------  --------------  -------------------  ----------------------
/opt/airflow/dags/waseet_daily.py    456  0.00s             1           0  0.12s           2026-09-15T19:05:09                      12
================================================================================
[2026-09-15T19:05:45.079+0000] {manager.py:821} INFO - Searching for files in /opt/airflow/dags
[2026-09-15T19:05:45.101+0000] {manager.py:824} INFO - There are 1 files in /opt/airflow/dags
[2026-09-15T19:05:50.135+0000] {manager.py:821} INFO - Searching for files in /opt/airflow/dags
[2026-09-15T19:05:50.150+0000] {manager.py:824} INFO - There are 1 files in /opt/airflow/dags
[2026-09-15T19:05:55.186+0000] {manager.py:821} INFO - Searching for files in /opt/airflow/dags
[2026-09-15T19:05:55.203+0000] {manager.py:824} INFO - There are 1 files in /opt/airflow/dags
[2026-09-15T19:06:00.239+0000] {manager.py:821} INFO - Searching for files in /opt/airflow/dags
[2026-09-15T19:06:00.254+0000] {manager.py:824} INFO - There are 1 files in /opt/airflow/dags
[2026-09-15T19:06:05.290+0000] {manager.py:821} INFO - Searching for files in /opt/airflow/dags
[2026-09-15T19:06:05.309+0000] {manager.py:824} INFO - There are 1 files in /opt/airflow/dags
[2026-09-15T19:06:10.349+0000] {manager.py:821} INFO - Searching for files in /opt/airflow/dags
[2026-09-15T19:06:10.363+0000] {manager.py:824} INFO - There are 1 files in /opt/airflow/dags
[2026-09-15T19:06:10.377+0000] {manager.py:997} INFO - 
================================================================================
DAG File Processing Stats

File Path                            PID  Runtime      # DAGs    # Errors  Last Runtime    Last Run               Last # of DB Queries
---------------------------------  -----  ---------  --------  ----------  --------------  -------------------  ----------------------
/opt/airflow/dags/waseet_daily.py    461  0.00s             1           0  0.10s           2026-09-15T19:05:40                      12
================================================================================
[2026-09-15T19:06:15.416+0000] {manager.py:821} INFO - Searching for files in /opt/airflow/dags
[2026-09-15T19:06:15.434+0000] {manager.py:824} INFO - There are 1 files in /opt/airflow/dags
[2026-09-15T19:06:20.483+0000] {manager.py:821} INFO - Searching for files in /opt/airflow/dags
[2026-09-15T19:06:20.503+0000] {manager.py:824} INFO - There are 1 files in /opt/airflow/dags
[2026-09-15T19:06:25.540+0000] {manager.py:821} INFO - Searching for files in /opt/airflow/dags
[2026-09-15T19:06:25.553+0000] {manager.py:824} INFO - There are 1 files in /opt/airflow/dags
[2026-09-15T19:06:30.594+0000] {manager.py:821} INFO - Searching for files in /opt/airflow/dags
[2026-09-15T19:06:30.628+0000] {manager.py:824} INFO - There are 1 files in /opt/airflow/dags
[2026-09-15T19:06:35.677+0000] {manager.py:821} INFO - Searching for files in /opt/airflow/dags
[2026-09-15T19:06:35.705+0000] {manager.py:824} INFO - There are 1 files in /opt/airflow/dags
[2026-09-15T19:06:40.741+0000] {manager.py:821} INFO - Searching for files in /opt/airflow/dags
[2026-09-15T19:06:40.754+0000] {manager.py:824} INFO - There are 1 files in /opt/airflow/dags
[2026-09-15T19:06:40.770+0000] {manager.py:997} INFO - 
================================================================================
DAG File Processing Stats

File Path                            PID  Runtime      # DAGs    # Errors  Last Runtime    Last Run               Last # of DB Queries
---------------------------------  -----  ---------  --------  ----------  --------------  -------------------  ----------------------
/opt/airflow/dags/waseet_daily.py    466  0.00s             1           0  0.10s           2026-09-15T19:06:10                      12
================================================================================
[2026-09-15T19:06:45.814+0000] {manager.py:821} INFO - Searching for files in /opt/airflow/dags
[2026-09-15T19:06:45.834+0000] {manager.py:824} INFO - There are 1 files in /opt/airflow/dags
[2026-09-15T19:06:50.868+0000] {manager.py:821} INFO - Searching for files in /opt/airflow/dags
[2026-09-15T19:06:50.890+0000] {manager.py:824} INFO - There are 1 files in /opt/airflow/dags
[2026-09-15T19:06:55.926+0000] {manager.py:821} INFO - Searching for files in /opt/airflow/dags
[2026-09-15T19:06:55.939+0000] {manager.py:824} INFO - There are 1 files in /opt/airflow/dags
[2026-09-15T19:07:00.972+0000] {manager.py:821} INFO - Searching for files in /opt/airflow/dags
[2026-09-15T19:07:00.994+0000] {manager.py:824} INFO - There are 1 files in /opt/airflow/dags
[2026-09-15T19:07:06.031+0000] {manager.py:821} INFO - Searching for files in /opt/airflow/dags
[2026-09-15T19:07:06.057+0000] {manager.py:824} INFO - There are 1 files in /opt/airflow/dags
[2026-09-15T19:07:11.101+0000] {manager.py:821} INFO - Searching for files in /opt/airflow/dags
[2026-09-15T19:07:11.115+0000] {manager.py:824} INFO - There are 1 files in /opt/airflow/dags
[2026-09-15T19:07:11.131+0000] {manager.py:997} INFO - 
================================================================================
DAG File Processing Stats

File Path                            PID  Runtime      # DAGs    # Errors  Last Runtime    Last Run               Last # of DB Queries
---------------------------------  -----  ---------  --------  ----------  --------------  -------------------  ----------------------
/opt/airflow/dags/waseet_daily.py    471  0.00s             1           0  0.10s           2026-09-15T19:06:40                      12
================================================================================
[2026-09-15T19:07:16.166+0000] {manager.py:821} INFO - Searching for files in /opt/airflow/dags
[2026-09-15T19:07:16.199+0000] {manager.py:824} INFO - There are 1 files in /opt/airflow/dags
[2026-09-15T19:07:21.237+0000] {manager.py:821} INFO - Searching for files in /opt/airflow/dags
[2026-09-15T19:07:21.261+0000] {manager.py:824} INFO - There are 1 files in /opt/airflow/dags
[2026-09-15T19:07:26.307+0000] {manager.py:821} INFO - Searching for files in /opt/airflow/dags
[2026-09-15T19:07:26.322+0000] {manager.py:824} INFO - There are 1 files in /opt/airflow/dags
[2026-09-15T19:07:31.368+0000] {manager.py:821} INFO - Searching for files in /opt/airflow/dags
[2026-09-15T19:07:31.420+0000] {manager.py:824} INFO - There are 1 files in /opt/airflow/dags
[2026-09-15T19:07:36.467+0000] {manager.py:821} INFO - Searching for files in /opt/airflow/dags
[2026-09-15T19:07:36.499+0000] {manager.py:824} INFO - There are 1 files in /opt/airflow/dags
[2026-09-15T19:07:41.538+0000] {manager.py:821} INFO - Searching for files in /opt/airflow/dags
[2026-09-15T19:07:41.567+0000] {manager.py:824} INFO - There are 1 files in /opt/airflow/dags
[2026-09-15T19:07:41.582+0000] {manager.py:997} INFO - 
================================================================================
DAG File Processing Stats

File Path                            PID  Runtime      # DAGs    # Errors  Last Runtime    Last Run               Last # of DB Queries
---------------------------------  -----  ---------  --------  ----------  --------------  -------------------  ----------------------
/opt/airflow/dags/waseet_daily.py    476  0.00s             1           0  0.10s           2026-09-15T19:07:11                      12
================================================================================
[2026-09-15T19:07:46.624+0000] {manager.py:821} INFO - Searching for files in /opt/airflow/dags
[2026-09-15T19:07:46.639+0000] {manager.py:824} INFO - There are 1 files in /opt/airflow/dags
[2026-09-15T19:07:51.672+0000] {manager.py:821} INFO - Searching for files in /opt/airflow/dags
[2026-09-15T19:07:51.691+0000] {manager.py:824} INFO - There are 1 files in /opt/airflow/dags
[2026-09-15T19:07:56.723+0000] {manager.py:821} INFO - Searching for files in /opt/airflow/dags
[2026-09-15T19:07:56.739+0000] {manager.py:824} INFO - There are 1 files in /opt/airflow/dags
[2026-09-15T19:08:01.774+0000] {manager.py:821} INFO - Searching for files in /opt/airflow/dags
[2026-09-15T19:08:01.796+0000] {manager.py:824} INFO - There are 1 files in /opt/airflow/dags
[2026-09-15T19:08:06.835+0000] {manager.py:821} INFO - Searching for files in /opt/airflow/dags
[2026-09-15T19:08:06.856+0000] {manager.py:824} INFO - There are 1 files in /opt/airflow/dags
[2026-09-15T19:08:11.896+0000] {manager.py:821} INFO - Searching for files in /opt/airflow/dags
[2026-09-15T19:08:11.910+0000] {manager.py:824} INFO - There are 1 files in /opt/airflow/dags
[2026-09-15T19:08:11.924+0000] {manager.py:997} INFO - 
================================================================================
DAG File Processing Stats

File Path                            PID  Runtime      # DAGs    # Errors  Last Runtime    Last Run               Last # of DB Queries
---------------------------------  -----  ---------  --------  ----------  --------------  -------------------  ----------------------
/opt/airflow/dags/waseet_daily.py    481  0.00s             1           0  0.11s           2026-09-15T19:07:41                      12
================================================================================
[2026-09-15T19:08:16.959+0000] {manager.py:821} INFO - Searching for files in /opt/airflow/dags
[2026-09-15T19:08:16.992+0000] {manager.py:824} INFO - There are 1 files in /opt/airflow/dags
[2026-09-15T19:08:22.033+0000] {manager.py:821} INFO - Searching for files in /opt/airflow/dags
[2026-09-15T19:08:22.053+0000] {manager.py:824} INFO - There are 1 files in /opt/airflow/dags
[2026-09-15T19:08:27.102+0000] {manager.py:821} INFO - Searching for files in /opt/airflow/dags
[2026-09-15T19:08:27.122+0000] {manager.py:824} INFO - There are 1 files in /opt/airflow/dags
[2026-09-15T19:08:32.158+0000] {manager.py:821} INFO - Searching for files in /opt/airflow/dags
[2026-09-15T19:08:32.173+0000] {manager.py:824} INFO - There are 1 files in /opt/airflow/dags
[2026-09-15T19:08:37.205+0000] {manager.py:821} INFO - Searching for files in /opt/airflow/dags
[2026-09-15T19:08:37.221+0000] {manager.py:824} INFO - There are 1 files in /opt/airflow/dags
[2026-09-15T19:08:42.257+0000] {manager.py:821} INFO - Searching for files in /opt/airflow/dags
[2026-09-15T19:08:42.276+0000] {manager.py:824} INFO - There are 1 files in /opt/airflow/dags
[2026-09-15T19:08:42.293+0000] {manager.py:997} INFO - 
================================================================================
DAG File Processing Stats

File Path                            PID  Runtime      # DAGs    # Errors  Last Runtime    Last Run               Last # of DB Queries
---------------------------------  -----  ---------  --------  ----------  --------------  -------------------  ----------------------
/opt/airflow/dags/waseet_daily.py    486  0.00s             1           0  0.11s           2026-09-15T19:08:12                      12
================================================================================
[2026-09-15T19:08:47.328+0000] {manager.py:821} INFO - Searching for files in /opt/airflow/dags
[2026-09-15T19:08:47.343+0000] {manager.py:824} INFO - There are 1 files in /opt/airflow/dags
[2026-09-15T19:08:52.382+0000] {manager.py:821} INFO - Searching for files in /opt/airflow/dags
[2026-09-15T19:08:52.405+0000] {manager.py:824} INFO - There are 1 files in /opt/airflow/dags
[2026-09-15T19:08:57.446+0000] {manager.py:821} INFO - Searching for files in /opt/airflow/dags
[2026-09-15T19:08:57.462+0000] {manager.py:824} INFO - There are 1 files in /opt/airflow/dags
[2026-09-15T19:09:02.501+0000] {manager.py:821} INFO - Searching for files in /opt/airflow/dags
[2026-09-15T19:09:02.523+0000] {manager.py:824} INFO - There are 1 files in /opt/airflow/dags
[2026-09-15T19:09:07.564+0000] {manager.py:821} INFO - Searching for files in /opt/airflow/dags
[2026-09-15T19:09:07.624+0000] {manager.py:824} INFO - There are 1 files in /opt/airflow/dags
[2026-09-15T19:09:12.668+0000] {manager.py:821} INFO - Searching for files in /opt/airflow/dags
[2026-09-15T19:09:12.693+0000] {manager.py:824} INFO - There are 1 files in /opt/airflow/dags
[2026-09-15T19:09:12.710+0000] {manager.py:997} INFO - 
================================================================================
DAG File Processing Stats

File Path                            PID  Runtime      # DAGs    # Errors  Last Runtime    Last Run               Last # of DB Queries
---------------------------------  -----  ---------  --------  ----------  --------------  -------------------  ----------------------
/opt/airflow/dags/waseet_daily.py    491  0.00s             1           0  0.11s           2026-09-15T19:08:42                      12
================================================================================
[2026-09-15T19:09:17.749+0000] {manager.py:821} INFO - Searching for files in /opt/airflow/dags
[2026-09-15T19:09:17.772+0000] {manager.py:824} INFO - There are 1 files in /opt/airflow/dags
[2026-09-15T19:09:22.820+0000] {manager.py:821} INFO - Searching for files in /opt/airflow/dags
[2026-09-15T19:09:22.840+0000] {manager.py:824} INFO - There are 1 files in /opt/airflow/dags
[2026-09-15T19:09:27.873+0000] {manager.py:821} INFO - Searching for files in /opt/airflow/dags
[2026-09-15T19:09:27.891+0000] {manager.py:824} INFO - There are 1 files in /opt/airflow/dags
[2026-09-15T19:09:32.941+0000] {manager.py:821} INFO - Searching for files in /opt/airflow/dags
[2026-09-15T19:09:32.975+0000] {manager.py:824} INFO - There are 1 files in /opt/airflow/dags
[2026-09-15T19:09:38.011+0000] {manager.py:821} INFO - Searching for files in /opt/airflow/dags
[2026-09-15T19:09:38.040+0000] {manager.py:824} INFO - There are 1 files in /opt/airflow/dags
[2026-09-15T19:09:43.080+0000] {manager.py:821} INFO - Searching for files in /opt/airflow/dags
[2026-09-15T19:09:43.115+0000] {manager.py:824} INFO - There are 1 files in /opt/airflow/dags
[2026-09-15T19:09:43.130+0000] {manager.py:997} INFO - 
================================================================================
DAG File Processing Stats

File Path                            PID  Runtime      # DAGs    # Errors  Last Runtime    Last Run               Last # of DB Queries
---------------------------------  -----  ---------  --------  ----------  --------------  -------------------  ----------------------
/opt/airflow/dags/waseet_daily.py    522  0.00s             1           0  0.13s           2026-09-15T19:09:12                      12
================================================================================
[2026-09-15T19:09:48.168+0000] {manager.py:821} INFO - Searching for files in /opt/airflow/dags
[2026-09-15T19:09:48.198+0000] {manager.py:824} INFO - There are 1 files in /opt/airflow/dags
[2026-09-15T19:09:53.240+0000] {manager.py:821} INFO - Searching for files in /opt/airflow/dags
[2026-09-15T19:09:53.262+0000] {manager.py:824} INFO - There are 1 files in /opt/airflow/dags
[2026-09-15T19:09:58.302+0000] {manager.py:821} INFO - Searching for files in /opt/airflow/dags
[2026-09-15T19:09:58.329+0000] {manager.py:824} INFO - There are 1 files in /opt/airflow/dags
[2026-09-15T19:10:03.372+0000] {manager.py:821} INFO - Searching for files in /opt/airflow/dags
[2026-09-15T19:10:03.390+0000] {manager.py:824} INFO - There are 1 files in /opt/airflow/dags
[2026-09-15T19:10:08.423+0000] {manager.py:821} INFO - Searching for files in /opt/airflow/dags
[2026-09-15T19:10:08.452+0000] {manager.py:824} INFO - There are 1 files in /opt/airflow/dags
[2026-09-15T19:10:13.492+0000] {manager.py:821} INFO - Searching for files in /opt/airflow/dags
[2026-09-15T19:10:13.512+0000] {manager.py:824} INFO - There are 1 files in /opt/airflow/dags
[2026-09-15T19:10:13.529+0000] {manager.py:997} INFO - 
================================================================================
DAG File Processing Stats

File Path                            PID  Runtime      # DAGs    # Errors  Last Runtime    Last Run               Last # of DB Queries
---------------------------------  -----  ---------  --------  ----------  --------------  -------------------  ----------------------
/opt/airflow/dags/waseet_daily.py    553  0.00s             1           0  0.12s           2026-09-15T19:09:43                      12
================================================================================
[2026-09-15T19:10:18.572+0000] {manager.py:821} INFO - Searching for files in /opt/airflow/dags
[2026-09-15T19:10:18.605+0000] {manager.py:824} INFO - There are 1 files in /opt/airflow/dags
[2026-09-15T19:10:23.645+0000] {manager.py:821} INFO - Searching for files in /opt/airflow/dags
[2026-09-15T19:10:23.672+0000] {manager.py:824} INFO - There are 1 files in /opt/airflow/dags
[2026-09-15T19:10:28.707+0000] {manager.py:821} INFO - Searching for files in /opt/airflow/dags
[2026-09-15T19:10:28.734+0000] {manager.py:824} INFO - There are 1 files in /opt/airflow/dags
[2026-09-15T19:10:33.768+0000] {manager.py:821} INFO - Searching for files in /opt/airflow/dags
[2026-09-15T19:10:33.785+0000] {manager.py:824} INFO - There are 1 files in /opt/airflow/dags
[2026-09-15T19:10:38.822+0000] {manager.py:821} INFO - Searching for files in /opt/airflow/dags
[2026-09-15T19:10:38.846+0000] {manager.py:824} INFO - There are 1 files in /opt/airflow/dags
[2026-09-15T19:10:43.880+0000] {manager.py:821} INFO - Searching for files in /opt/airflow/dags
[2026-09-15T19:10:43.916+0000] {manager.py:824} INFO - There are 1 files in /opt/airflow/dags
[2026-09-15T19:10:43.932+0000] {manager.py:997} INFO - 
================================================================================
DAG File Processing Stats

File Path                            PID  Runtime      # DAGs    # Errors  Last Runtime    Last Run               Last # of DB Queries
---------------------------------  -----  ---------  --------  ----------  --------------  -------------------  ----------------------
/opt/airflow/dags/waseet_daily.py    558  0.00s             1           0  0.12s           2026-09-15T19:10:13                      12
================================================================================
[2026-09-15T19:10:48.970+0000] {manager.py:821} INFO - Searching for files in /opt/airflow/dags
[2026-09-15T19:10:48.999+0000] {manager.py:824} INFO - There are 1 files in /opt/airflow/dags
[2026-09-15T19:10:54.048+0000] {manager.py:821} INFO - Searching for files in /opt/airflow/dags
[2026-09-15T19:10:54.069+0000] {manager.py:824} INFO - There are 1 files in /opt/airflow/dags
[2026-09-15T19:10:59.114+0000] {manager.py:821} INFO - Searching for files in /opt/airflow/dags
[2026-09-15T19:10:59.142+0000] {manager.py:824} INFO - There are 1 files in /opt/airflow/dags
[2026-09-15T19:11:04.184+0000] {manager.py:821} INFO - Searching for files in /opt/airflow/dags
[2026-09-15T19:11:04.216+0000] {manager.py:824} INFO - There are 1 files in /opt/airflow/dags
[2026-09-15T19:11:09.254+0000] {manager.py:821} INFO - Searching for files in /opt/airflow/dags
[2026-09-15T19:11:09.282+0000] {manager.py:824} INFO - There are 1 files in /opt/airflow/dags
[2026-09-15T19:11:14.326+0000] {manager.py:821} INFO - Searching for files in /opt/airflow/dags
[2026-09-15T19:11:14.360+0000] {manager.py:824} INFO - There are 1 files in /opt/airflow/dags
[2026-09-15T19:11:14.378+0000] {manager.py:997} INFO - 
================================================================================
DAG File Processing Stats

File Path                            PID  Runtime      # DAGs    # Errors  Last Runtime    Last Run               Last # of DB Queries
---------------------------------  -----  ---------  --------  ----------  --------------  -------------------  ----------------------
/opt/airflow/dags/waseet_daily.py    563  0.00s             1           0  0.12s           2026-09-15T19:10:44                      12
================================================================================
[2026-09-15T19:11:19.427+0000] {manager.py:821} INFO - Searching for files in /opt/airflow/dags
[2026-09-15T19:11:19.447+0000] {manager.py:824} INFO - There are 1 files in /opt/airflow/dags
[2026-09-15T19:11:24.484+0000] {manager.py:821} INFO - Searching for files in /opt/airflow/dags
[2026-09-15T19:11:24.518+0000] {manager.py:824} INFO - There are 1 files in /opt/airflow/dags
[2026-09-15T19:11:29.554+0000] {manager.py:821} INFO - Searching for files in /opt/airflow/dags
[2026-09-15T19:11:29.594+0000] {manager.py:824} INFO - There are 1 files in /opt/airflow/dags
[2026-09-15T19:11:34.637+0000] {manager.py:821} INFO - Searching for files in /opt/airflow/dags
[2026-09-15T19:11:34.659+0000] {manager.py:824} INFO - There are 1 files in /opt/airflow/dags
[2026-09-15T19:11:39.695+0000] {manager.py:821} INFO - Searching for files in /opt/airflow/dags
[2026-09-15T19:11:39.718+0000] {manager.py:824} INFO - There are 1 files in /opt/airflow/dags
[2026-09-15T19:11:44.757+0000] {manager.py:821} INFO - Searching for files in /opt/airflow/dags
[2026-09-15T19:11:44.784+0000] {manager.py:824} INFO - There are 1 files in /opt/airflow/dags
[2026-09-15T19:11:44.805+0000] {manager.py:997} INFO - 
================================================================================
DAG File Processing Stats

File Path                            PID  Runtime      # DAGs    # Errors  Last Runtime    Last Run               Last # of DB Queries
---------------------------------  -----  ---------  --------  ----------  --------------  -------------------  ----------------------
/opt/airflow/dags/waseet_daily.py    568  0.00s             1           0  0.12s           2026-09-15T19:11:14                      12
================================================================================
[2026-09-15T19:11:49.845+0000] {manager.py:821} INFO - Searching for files in /opt/airflow/dags
[2026-09-15T19:11:49.867+0000] {manager.py:824} INFO - There are 1 files in /opt/airflow/dags
[2026-09-15T19:11:54.903+0000] {manager.py:821} INFO - Searching for files in /opt/airflow/dags
[2026-09-15T19:11:54.926+0000] {manager.py:824} INFO - There are 1 files in /opt/airflow/dags
[2026-09-15T19:11:59.965+0000] {manager.py:821} INFO - Searching for files in /opt/airflow/dags
[2026-09-15T19:11:59.995+0000] {manager.py:824} INFO - There are 1 files in /opt/airflow/dags
[2026-09-15T19:12:05.029+0000] {manager.py:821} INFO - Searching for files in /opt/airflow/dags
[2026-09-15T19:12:05.061+0000] {manager.py:824} INFO - There are 1 files in /opt/airflow/dags
[2026-09-15T19:12:10.102+0000] {manager.py:821} INFO - Searching for files in /opt/airflow/dags
[2026-09-15T19:12:10.136+0000] {manager.py:824} INFO - There are 1 files in /opt/airflow/dags
[2026-09-15T19:12:15.182+0000] {manager.py:821} INFO - Searching for files in /opt/airflow/dags
[2026-09-15T19:12:15.227+0000] {manager.py:824} INFO - There are 1 files in /opt/airflow/dags
[2026-09-15T19:12:15.244+0000] {manager.py:997} INFO - 
================================================================================
DAG File Processing Stats

File Path                            PID  Runtime      # DAGs    # Errors  Last Runtime    Last Run               Last # of DB Queries
---------------------------------  -----  ---------  --------  ----------  --------------  -------------------  ----------------------
/opt/airflow/dags/waseet_daily.py    573  0.00s             1           0  0.11s           2026-09-15T19:11:44                      12
================================================================================
[2026-09-15T19:12:20.281+0000] {manager.py:821} INFO - Searching for files in /opt/airflow/dags
[2026-09-15T19:12:20.303+0000] {manager.py:824} INFO - There are 1 files in /opt/airflow/dags
[2026-09-15T19:12:25.341+0000] {manager.py:821} INFO - Searching for files in /opt/airflow/dags
[2026-09-15T19:12:25.362+0000] {manager.py:824} INFO - There are 1 files in /opt/airflow/dags
[2026-09-15T19:12:30.404+0000] {manager.py:821} INFO - Searching for files in /opt/airflow/dags
[2026-09-15T19:12:30.431+0000] {manager.py:824} INFO - There are 1 files in /opt/airflow/dags
[2026-09-15T19:12:35.465+0000] {manager.py:821} INFO - Searching for files in /opt/airflow/dags
[2026-09-15T19:12:35.485+0000] {manager.py:824} INFO - There are 1 files in /opt/airflow/dags
[2026-09-15T19:12:40.526+0000] {manager.py:821} INFO - Searching for files in /opt/airflow/dags
[2026-09-15T19:12:40.559+0000] {manager.py:824} INFO - There are 1 files in /opt/airflow/dags
[2026-09-15T19:12:45.596+0000] {manager.py:821} INFO - Searching for files in /opt/airflow/dags
[2026-09-15T19:12:45.637+0000] {manager.py:824} INFO - There are 1 files in /opt/airflow/dags
[2026-09-15T19:12:45.655+0000] {manager.py:997} INFO - 
================================================================================
DAG File Processing Stats

File Path                            PID  Runtime      # DAGs    # Errors  Last Runtime    Last Run               Last # of DB Queries
---------------------------------  -----  ---------  --------  ----------  --------------  -------------------  ----------------------
/opt/airflow/dags/waseet_daily.py    578  0.00s             1           0  0.12s           2026-09-15T19:12:15                      12
================================================================================
[2026-09-15T19:12:50.708+0000] {manager.py:821} INFO - Searching for files in /opt/airflow/dags
[2026-09-15T19:12:50.737+0000] {manager.py:824} INFO - There are 1 files in /opt/airflow/dags
[2026-09-15T19:12:55.768+0000] {manager.py:821} INFO - Searching for files in /opt/airflow/dags
[2026-09-15T19:12:55.788+0000] {manager.py:824} INFO - There are 1 files in /opt/airflow/dags
[2026-09-15T19:13:00.825+0000] {manager.py:821} INFO - Searching for files in /opt/airflow/dags
[2026-09-15T19:13:00.867+0000] {manager.py:824} INFO - There are 1 files in /opt/airflow/dags
[2026-09-15T19:13:05.907+0000] {manager.py:821} INFO - Searching for files in /opt/airflow/dags
[2026-09-15T19:13:05.936+0000] {manager.py:824} INFO - There are 1 files in /opt/airflow/dags
[2026-09-15T19:13:10.973+0000] {manager.py:821} INFO - Searching for files in /opt/airflow/dags
[2026-09-15T19:13:11.008+0000] {manager.py:824} INFO - There are 1 files in /opt/airflow/dags
[2026-09-15T19:13:16.045+0000] {manager.py:821} INFO - Searching for files in /opt/airflow/dags
[2026-09-15T19:13:16.070+0000] {manager.py:824} INFO - There are 1 files in /opt/airflow/dags
[2026-09-15T19:13:16.088+0000] {manager.py:997} INFO - 
================================================================================
DAG File Processing Stats

File Path                            PID  Runtime      # DAGs    # Errors  Last Runtime    Last Run               Last # of DB Queries
---------------------------------  -----  ---------  --------  ----------  --------------  -------------------  ----------------------
/opt/airflow/dags/waseet_daily.py    583  0.00s             1           0  0.11s           2026-09-15T19:12:45                      12
================================================================================
[2026-09-15T19:13:21.125+0000] {manager.py:821} INFO - Searching for files in /opt/airflow/dags
[2026-09-15T19:13:21.163+0000] {manager.py:824} INFO - There are 1 files in /opt/airflow/dags
[2026-09-15T19:13:26.207+0000] {manager.py:821} INFO - Searching for files in /opt/airflow/dags
[2026-09-15T19:13:26.240+0000] {manager.py:824} INFO - There are 1 files in /opt/airflow/dags
[2026-09-15T19:13:31.279+0000] {manager.py:821} INFO - Searching for files in /opt/airflow/dags
[2026-09-15T19:13:31.317+0000] {manager.py:824} INFO - There are 1 files in /opt/airflow/dags
[2026-09-15T19:13:36.351+0000] {manager.py:821} INFO - Searching for files in /opt/airflow/dags
[2026-09-15T19:13:36.369+0000] {manager.py:824} INFO - There are 1 files in /opt/airflow/dags
[2026-09-15T19:13:41.412+0000] {manager.py:821} INFO - Searching for files in /opt/airflow/dags
[2026-09-15T19:13:41.429+0000] {manager.py:824} INFO - There are 1 files in /opt/airflow/dags
[2026-09-15T19:13:46.473+0000] {manager.py:821} INFO - Searching for files in /opt/airflow/dags
[2026-09-15T19:13:46.494+0000] {manager.py:824} INFO - There are 1 files in /opt/airflow/dags
[2026-09-15T19:13:46.517+0000] {manager.py:997} INFO - 
================================================================================
DAG File Processing Stats

File Path                            PID  Runtime      # DAGs    # Errors  Last Runtime    Last Run               Last # of DB Queries
---------------------------------  -----  ---------  --------  ----------  --------------  -------------------  ----------------------
/opt/airflow/dags/waseet_daily.py    588  0.00s             1           0  0.10s           2026-09-15T19:13:16                      12
================================================================================
[2026-09-15T19:13:51.557+0000] {manager.py:821} INFO - Searching for files in /opt/airflow/dags
[2026-09-15T19:13:51.574+0000] {manager.py:824} INFO - There are 1 files in /opt/airflow/dags
[2026-09-15T19:13:56.621+0000] {manager.py:821} INFO - Searching for files in /opt/airflow/dags
[2026-09-15T19:13:56.665+0000] {manager.py:824} INFO - There are 1 files in /opt/airflow/dags
[2026-09-15T19:14:01.705+0000] {manager.py:821} INFO - Searching for files in /opt/airflow/dags
[2026-09-15T19:14:01.734+0000] {manager.py:824} INFO - There are 1 files in /opt/airflow/dags
[2026-09-15T19:14:06.770+0000] {manager.py:821} INFO - Searching for files in /opt/airflow/dags
[2026-09-15T19:14:06.788+0000] {manager.py:824} INFO - There are 1 files in /opt/airflow/dags
[2026-09-15T19:14:11.825+0000] {manager.py:821} INFO - Searching for files in /opt/airflow/dags
[2026-09-15T19:14:11.846+0000] {manager.py:824} INFO - There are 1 files in /opt/airflow/dags
[2026-09-15T19:14:16.886+0000] {manager.py:821} INFO - Searching for files in /opt/airflow/dags
[2026-09-15T19:14:16.903+0000] {manager.py:824} INFO - There are 1 files in /opt/airflow/dags
[2026-09-15T19:14:16.923+0000] {manager.py:997} INFO - 
================================================================================
DAG File Processing Stats

File Path                            PID  Runtime      # DAGs    # Errors  Last Runtime    Last Run               Last # of DB Queries
---------------------------------  -----  ---------  --------  ----------  --------------  -------------------  ----------------------
/opt/airflow/dags/waseet_daily.py    619  0.00s             1           0  0.12s           2026-09-15T19:13:46                      12
================================================================================
[2026-09-15T19:14:21.955+0000] {manager.py:821} INFO - Searching for files in /opt/airflow/dags
[2026-09-15T19:14:21.983+0000] {manager.py:824} INFO - There are 1 files in /opt/airflow/dags
[2026-09-15T19:14:27.017+0000] {manager.py:821} INFO - Searching for files in /opt/airflow/dags
[2026-09-15T19:14:27.034+0000] {manager.py:824} INFO - There are 1 files in /opt/airflow/dags
[2026-09-15T19:14:32.069+0000] {manager.py:821} INFO - Searching for files in /opt/airflow/dags
[2026-09-15T19:14:32.087+0000] {manager.py:824} INFO - There are 1 files in /opt/airflow/dags
[2026-09-15T19:14:37.119+0000] {manager.py:821} INFO - Searching for files in /opt/airflow/dags
[2026-09-15T19:14:37.135+0000] {manager.py:824} INFO - There are 1 files in /opt/airflow/dags
[2026-09-15T19:14:42.177+0000] {manager.py:821} INFO - Searching for files in /opt/airflow/dags
[2026-09-15T19:14:42.198+0000] {manager.py:824} INFO - There are 1 files in /opt/airflow/dags
[2026-09-15T19:14:47.232+0000] {manager.py:821} INFO - Searching for files in /opt/airflow/dags
[2026-09-15T19:14:47.253+0000] {manager.py:824} INFO - There are 1 files in /opt/airflow/dags
[2026-09-15T19:14:47.269+0000] {manager.py:997} INFO - 
================================================================================
DAG File Processing Stats

File Path                            PID  Runtime      # DAGs    # Errors  Last Runtime    Last Run               Last # of DB Queries
---------------------------------  -----  ---------  --------  ----------  --------------  -------------------  ----------------------
/opt/airflow/dags/waseet_daily.py    624  0.00s             1           0  0.12s           2026-09-15T19:14:17                      12
================================================================================
[2026-09-15T19:14:52.303+0000] {manager.py:821} INFO - Searching for files in /opt/airflow/dags
[2026-09-15T19:14:52.321+0000] {manager.py:824} INFO - There are 1 files in /opt/airflow/dags
[2026-09-15T19:14:57.360+0000] {manager.py:821} INFO - Searching for files in /opt/airflow/dags
[2026-09-15T19:14:57.393+0000] {manager.py:824} INFO - There are 1 files in /opt/airflow/dags
[2026-09-15T19:15:02.429+0000] {manager.py:821} INFO - Searching for files in /opt/airflow/dags
[2026-09-15T19:15:02.450+0000] {manager.py:824} INFO - There are 1 files in /opt/airflow/dags
[2026-09-15T19:15:07.483+0000] {manager.py:821} INFO - Searching for files in /opt/airflow/dags
[2026-09-15T19:15:07.509+0000] {manager.py:824} INFO - There are 1 files in /opt/airflow/dags
[2026-09-15T19:15:12.553+0000] {manager.py:821} INFO - Searching for files in /opt/airflow/dags
[2026-09-15T19:15:12.569+0000] {manager.py:824} INFO - There are 1 files in /opt/airflow/dags
[2026-09-15T19:15:17.609+0000] {manager.py:821} INFO - Searching for files in /opt/airflow/dags
[2026-09-15T19:15:17.627+0000] {manager.py:824} INFO - There are 1 files in /opt/airflow/dags
[2026-09-15T19:15:17.645+0000] {manager.py:997} INFO - 
================================================================================
DAG File Processing Stats

File Path                            PID  Runtime      # DAGs    # Errors  Last Runtime    Last Run               Last # of DB Queries
---------------------------------  -----  ---------  --------  ----------  --------------  -------------------  ----------------------
/opt/airflow/dags/waseet_daily.py    629  0.00s             1           0  0.11s           2026-09-15T19:14:47                      12
================================================================================
[2026-09-15T19:15:22.681+0000] {manager.py:821} INFO - Searching for files in /opt/airflow/dags
[2026-09-15T19:15:22.703+0000] {manager.py:824} INFO - There are 1 files in /opt/airflow/dags
[2026-09-15T19:15:27.751+0000] {manager.py:821} INFO - Searching for files in /opt/airflow/dags
[2026-09-15T19:15:27.780+0000] {manager.py:824} INFO - There are 1 files in /opt/airflow/dags
[2026-09-15T19:15:32.824+0000] {manager.py:821} INFO - Searching for files in /opt/airflow/dags
[2026-09-15T19:15:32.855+0000] {manager.py:824} INFO - There are 1 files in /opt/airflow/dags
[2026-09-15T19:15:37.889+0000] {manager.py:821} INFO - Searching for files in /opt/airflow/dags
[2026-09-15T19:15:37.908+0000] {manager.py:824} INFO - There are 1 files in /opt/airflow/dags
[2026-09-15T19:15:42.948+0000] {manager.py:821} INFO - Searching for files in /opt/airflow/dags
[2026-09-15T19:15:42.975+0000] {manager.py:824} INFO - There are 1 files in /opt/airflow/dags
[2026-09-15T19:15:48.009+0000] {manager.py:821} INFO - Searching for files in /opt/airflow/dags
[2026-09-15T19:15:48.037+0000] {manager.py:824} INFO - There are 1 files in /opt/airflow/dags
[2026-09-15T19:15:48.052+0000] {manager.py:997} INFO - 
================================================================================
DAG File Processing Stats

File Path                            PID  Runtime      # DAGs    # Errors  Last Runtime    Last Run               Last # of DB Queries
---------------------------------  -----  ---------  --------  ----------  --------------  -------------------  ----------------------
/opt/airflow/dags/waseet_daily.py    634  0.00s             1           0  0.13s           2026-09-15T19:15:17                      12
================================================================================
[2026-09-15T19:15:53.092+0000] {manager.py:821} INFO - Searching for files in /opt/airflow/dags
[2026-09-15T19:15:53.113+0000] {manager.py:824} INFO - There are 1 files in /opt/airflow/dags
[2026-09-15T19:15:58.155+0000] {manager.py:821} INFO - Searching for files in /opt/airflow/dags
[2026-09-15T19:15:58.196+0000] {manager.py:824} INFO - There are 1 files in /opt/airflow/dags
[2026-09-15T19:16:03.240+0000] {manager.py:821} INFO - Searching for files in /opt/airflow/dags
[2026-09-15T19:16:03.263+0000] {manager.py:824} INFO - There are 1 files in /opt/airflow/dags
[2026-09-15T19:16:08.300+0000] {manager.py:821} INFO - Searching for files in /opt/airflow/dags
[2026-09-15T19:16:08.317+0000] {manager.py:824} INFO - There are 1 files in /opt/airflow/dags
[2026-09-15T19:16:13.355+0000] {manager.py:821} INFO - Searching for files in /opt/airflow/dags
[2026-09-15T19:16:13.371+0000] {manager.py:824} INFO - There are 1 files in /opt/airflow/dags
[2026-09-15T19:16:18.409+0000] {manager.py:821} INFO - Searching for files in /opt/airflow/dags
[2026-09-15T19:16:18.440+0000] {manager.py:824} INFO - There are 1 files in /opt/airflow/dags
[2026-09-15T19:16:18.457+0000] {manager.py:997} INFO - 
================================================================================
DAG File Processing Stats

File Path                            PID  Runtime      # DAGs    # Errors  Last Runtime    Last Run               Last # of DB Queries
---------------------------------  -----  ---------  --------  ----------  --------------  -------------------  ----------------------
/opt/airflow/dags/waseet_daily.py    640  0.00s             1           0  0.13s           2026-09-15T19:15:48                      12
================================================================================
[2026-09-15T19:16:23.493+0000] {manager.py:821} INFO - Searching for files in /opt/airflow/dags
[2026-09-15T19:16:23.514+0000] {manager.py:824} INFO - There are 1 files in /opt/airflow/dags
[2026-09-15T19:16:28.546+0000] {manager.py:821} INFO - Searching for files in /opt/airflow/dags
[2026-09-15T19:16:28.582+0000] {manager.py:824} INFO - There are 1 files in /opt/airflow/dags
[2026-09-15T19:16:33.622+0000] {manager.py:821} INFO - Searching for files in /opt/airflow/dags
[2026-09-15T19:16:33.640+0000] {manager.py:824} INFO - There are 1 files in /opt/airflow/dags
[2026-09-15T19:16:38.676+0000] {manager.py:821} INFO - Searching for files in /opt/airflow/dags
[2026-09-15T19:16:38.700+0000] {manager.py:824} INFO - There are 1 files in /opt/airflow/dags
[2026-09-15T19:16:43.734+0000] {manager.py:821} INFO - Searching for files in /opt/airflow/dags
[2026-09-15T19:16:43.749+0000] {manager.py:824} INFO - There are 1 files in /opt/airflow/dags
[2026-09-15T19:16:48.785+0000] {manager.py:821} INFO - Searching for files in /opt/airflow/dags
[2026-09-15T19:16:48.806+0000] {manager.py:824} INFO - There are 1 files in /opt/airflow/dags
[2026-09-15T19:16:48.823+0000] {manager.py:997} INFO - 
================================================================================
DAG File Processing Stats

File Path                            PID  Runtime      # DAGs    # Errors  Last Runtime    Last Run               Last # of DB Queries
---------------------------------  -----  ---------  --------  ----------  --------------  -------------------  ----------------------
/opt/airflow/dags/waseet_daily.py    645  0.00s             1           0  0.10s           2026-09-15T19:16:18                      12
================================================================================
[2026-09-15T19:16:53.858+0000] {manager.py:821} INFO - Searching for files in /opt/airflow/dags
[2026-09-15T19:16:53.896+0000] {manager.py:824} INFO - There are 1 files in /opt/airflow/dags
[2026-09-15T19:16:58.929+0000] {manager.py:821} INFO - Searching for files in /opt/airflow/dags
[2026-09-15T19:16:58.960+0000] {manager.py:824} INFO - There are 1 files in /opt/airflow/dags
[2026-09-15T19:17:03.996+0000] {manager.py:821} INFO - Searching for files in /opt/airflow/dags
[2026-09-15T19:17:04.042+0000] {manager.py:824} INFO - There are 1 files in /opt/airflow/dags
[2026-09-15T19:17:09.087+0000] {manager.py:821} INFO - Searching for files in /opt/airflow/dags
[2026-09-15T19:17:09.104+0000] {manager.py:824} INFO - There are 1 files in /opt/airflow/dags
[2026-09-15T19:17:14.144+0000] {manager.py:821} INFO - Searching for files in /opt/airflow/dags
[2026-09-15T19:17:14.161+0000] {manager.py:824} INFO - There are 1 files in /opt/airflow/dags
[2026-09-15T19:17:19.197+0000] {manager.py:821} INFO - Searching for files in /opt/airflow/dags
[2026-09-15T19:17:19.235+0000] {manager.py:824} INFO - There are 1 files in /opt/airflow/dags
[2026-09-15T19:17:19.257+0000] {manager.py:997} INFO - 
================================================================================
DAG File Processing Stats

File Path                            PID  Runtime      # DAGs    # Errors  Last Runtime    Last Run               Last # of DB Queries
---------------------------------  -----  ---------  --------  ----------  --------------  -------------------  ----------------------
/opt/airflow/dags/waseet_daily.py    650  0.00s             1           0  0.11s           2026-09-15T19:16:48                      12
================================================================================
[2026-09-15T19:17:24.292+0000] {manager.py:821} INFO - Searching for files in /opt/airflow/dags
[2026-09-15T19:17:24.320+0000] {manager.py:824} INFO - There are 1 files in /opt/airflow/dags
[2026-09-15T19:17:29.357+0000] {manager.py:821} INFO - Searching for files in /opt/airflow/dags
[2026-09-15T19:17:29.372+0000] {manager.py:824} INFO - There are 1 files in /opt/airflow/dags
[2026-09-15T19:17:34.413+0000] {manager.py:821} INFO - Searching for files in /opt/airflow/dags
[2026-09-15T19:17:34.451+0000] {manager.py:824} INFO - There are 1 files in /opt/airflow/dags
[2026-09-15T19:17:39.489+0000] {manager.py:821} INFO - Searching for files in /opt/airflow/dags
[2026-09-15T19:17:39.518+0000] {manager.py:824} INFO - There are 1 files in /opt/airflow/dags
[2026-09-15T19:17:44.561+0000] {manager.py:821} INFO - Searching for files in /opt/airflow/dags
[2026-09-15T19:17:44.594+0000] {manager.py:824} INFO - There are 1 files in /opt/airflow/dags
[2026-09-15T19:17:49.640+0000] {manager.py:821} INFO - Searching for files in /opt/airflow/dags
[2026-09-15T19:17:49.664+0000] {manager.py:824} INFO - There are 1 files in /opt/airflow/dags
[2026-09-15T19:17:49.687+0000] {manager.py:997} INFO - 
================================================================================
DAG File Processing Stats

File Path                            PID  Runtime      # DAGs    # Errors  Last Runtime    Last Run               Last # of DB Queries
---------------------------------  -----  ---------  --------  ----------  --------------  -------------------  ----------------------
/opt/airflow/dags/waseet_daily.py    655  0.00s             1           0  0.10s           2026-09-15T19:17:19                      12
================================================================================
[2026-09-15T19:17:54.724+0000] {manager.py:821} INFO - Searching for files in /opt/airflow/dags
[2026-09-15T19:17:54.757+0000] {manager.py:824} INFO - There are 1 files in /opt/airflow/dags
[2026-09-15T19:17:59.859+0000] {manager.py:821} INFO - Searching for files in /opt/airflow/dags
[2026-09-15T19:17:59.902+0000] {manager.py:824} INFO - There are 1 files in /opt/airflow/dags
[2026-09-15T19:18:04.942+0000] {manager.py:821} INFO - Searching for files in /opt/airflow/dags
[2026-09-15T19:18:04.980+0000] {manager.py:824} INFO - There are 1 files in /opt/airflow/dags
[2026-09-15T19:18:10.020+0000] {manager.py:821} INFO - Searching for files in /opt/airflow/dags
[2026-09-15T19:18:10.039+0000] {manager.py:824} INFO - There are 1 files in /opt/airflow/dags
[2026-09-15T19:18:15.079+0000] {manager.py:821} INFO - Searching for files in /opt/airflow/dags
[2026-09-15T19:18:15.109+0000] {manager.py:824} INFO - There are 1 files in /opt/airflow/dags
[2026-09-15T19:18:20.150+0000] {manager.py:821} INFO - Searching for files in /opt/airflow/dags
[2026-09-15T19:18:20.181+0000] {manager.py:824} INFO - There are 1 files in /opt/airflow/dags
[2026-09-15T19:18:20.190+0000] {manager.py:997} INFO - 
================================================================================
DAG File Processing Stats

File Path                          PID    Runtime      # DAGs    # Errors  Last Runtime    Last Run               Last # of DB Queries
---------------------------------  -----  ---------  --------  ----------  --------------  -------------------  ----------------------
/opt/airflow/dags/waseet_daily.py                           0           1  0.08s           2026-09-15T19:17:55                       3
================================================================================
[2026-09-15T19:18:25.222+0000] {manager.py:821} INFO - Searching for files in /opt/airflow/dags
[2026-09-15T19:18:25.252+0000] {manager.py:824} INFO - There are 1 files in /opt/airflow/dags
[2026-09-15T19:18:30.315+0000] {manager.py:821} INFO - Searching for files in /opt/airflow/dags
[2026-09-15T19:18:30.361+0000] {manager.py:824} INFO - There are 1 files in /opt/airflow/dags
[2026-09-15T19:18:35.401+0000] {manager.py:821} INFO - Searching for files in /opt/airflow/dags
[2026-09-15T19:18:35.451+0000] {manager.py:824} INFO - There are 1 files in /opt/airflow/dags
[2026-09-15T19:18:40.486+0000] {manager.py:821} INFO - Searching for files in /opt/airflow/dags
[2026-09-15T19:18:40.508+0000] {manager.py:824} INFO - There are 1 files in /opt/airflow/dags
[2026-09-15T19:18:45.543+0000] {manager.py:821} INFO - Searching for files in /opt/airflow/dags
[2026-09-15T19:18:45.570+0000] {manager.py:824} INFO - There are 1 files in /opt/airflow/dags
[2026-09-15T19:18:50.609+0000] {manager.py:821} INFO - Searching for files in /opt/airflow/dags
[2026-09-15T19:18:50.624+0000] {manager.py:824} INFO - There are 1 files in /opt/airflow/dags
[2026-09-15T19:18:50.632+0000] {manager.py:997} INFO - 
================================================================================
DAG File Processing Stats

File Path                          PID    Runtime      # DAGs    # Errors  Last Runtime    Last Run               Last # of DB Queries
---------------------------------  -----  ---------  --------  ----------  --------------  -------------------  ----------------------
/opt/airflow/dags/waseet_daily.py                           0           1  0.07s           2026-09-15T19:18:26                       5
================================================================================
[2026-09-15T19:18:55.664+0000] {manager.py:821} INFO - Searching for files in /opt/airflow/dags
[2026-09-15T19:18:55.698+0000] {manager.py:824} INFO - There are 1 files in /opt/airflow/dags
[2026-09-15T19:19:00.770+0000] {manager.py:821} INFO - Searching for files in /opt/airflow/dags
[2026-09-15T19:19:00.804+0000] {manager.py:824} INFO - There are 1 files in /opt/airflow/dags
[2026-09-15T19:19:05.843+0000] {manager.py:821} INFO - Searching for files in /opt/airflow/dags
[2026-09-15T19:19:05.870+0000] {manager.py:824} INFO - There are 1 files in /opt/airflow/dags
[2026-09-15T19:19:10.911+0000] {manager.py:821} INFO - Searching for files in /opt/airflow/dags
[2026-09-15T19:19:10.942+0000] {manager.py:824} INFO - There are 1 files in /opt/airflow/dags
[2026-09-15T19:19:15.973+0000] {manager.py:821} INFO - Searching for files in /opt/airflow/dags
[2026-09-15T19:19:15.991+0000] {manager.py:824} INFO - There are 1 files in /opt/airflow/dags
[2026-09-15T19:19:21.054+0000] {manager.py:821} INFO - Searching for files in /opt/airflow/dags
[2026-09-15T19:19:21.079+0000] {manager.py:824} INFO - There are 1 files in /opt/airflow/dags
[2026-09-15T19:19:21.088+0000] {manager.py:997} INFO - 
================================================================================
DAG File Processing Stats

File Path                          PID    Runtime      # DAGs    # Errors  Last Runtime    Last Run               Last # of DB Queries
---------------------------------  -----  ---------  --------  ----------  --------------  -------------------  ----------------------
/opt/airflow/dags/waseet_daily.py                           0           1  0.11s           2026-09-15T19:18:56                       5
================================================================================
[2026-09-15T19:19:26.127+0000] {manager.py:821} INFO - Searching for files in /opt/airflow/dags
[2026-09-15T19:19:26.167+0000] {manager.py:824} INFO - There are 1 files in /opt/airflow/dags
[2026-09-15T19:19:31.236+0000] {manager.py:821} INFO - Searching for files in /opt/airflow/dags
[2026-09-15T19:19:31.252+0000] {manager.py:824} INFO - There are 1 files in /opt/airflow/dags
[2026-09-15T19:19:36.284+0000] {manager.py:821} INFO - Searching for files in /opt/airflow/dags
[2026-09-15T19:19:36.312+0000] {manager.py:824} INFO - There are 1 files in /opt/airflow/dags
[2026-09-15T19:19:41.354+0000] {manager.py:821} INFO - Searching for files in /opt/airflow/dags
[2026-09-15T19:19:41.379+0000] {manager.py:824} INFO - There are 1 files in /opt/airflow/dags
[2026-09-15T19:19:46.422+0000] {manager.py:821} INFO - Searching for files in /opt/airflow/dags
[2026-09-15T19:19:46.449+0000] {manager.py:824} INFO - There are 1 files in /opt/airflow/dags
[2026-09-15T19:19:51.486+0000] {manager.py:821} INFO - Searching for files in /opt/airflow/dags
[2026-09-15T19:19:51.508+0000] {manager.py:824} INFO - There are 1 files in /opt/airflow/dags
[2026-09-15T19:19:51.517+0000] {manager.py:997} INFO - 
================================================================================
DAG File Processing Stats

File Path                          PID    Runtime      # DAGs    # Errors  Last Runtime    Last Run               Last # of DB Queries
---------------------------------  -----  ---------  --------  ----------  --------------  -------------------  ----------------------
/opt/airflow/dags/waseet_daily.py                           0           1  0.09s           2026-09-15T19:19:27                       5
================================================================================
[2026-09-15T19:19:56.541+0000] {manager.py:821} INFO - Searching for files in /opt/airflow/dags
[2026-09-15T19:19:56.562+0000] {manager.py:824} INFO - There are 1 files in /opt/airflow/dags
[2026-09-15T19:20:01.618+0000] {manager.py:821} INFO - Searching for files in /opt/airflow/dags
[2026-09-15T19:20:01.638+0000] {manager.py:824} INFO - There are 1 files in /opt/airflow/dags
[2026-09-15T19:20:06.677+0000] {manager.py:821} INFO - Searching for files in /opt/airflow/dags
[2026-09-15T19:20:06.710+0000] {manager.py:824} INFO - There are 1 files in /opt/airflow/dags
[2026-09-15T19:20:11.747+0000] {manager.py:821} INFO - Searching for files in /opt/airflow/dags
[2026-09-15T19:20:11.779+0000] {manager.py:824} INFO - There are 1 files in /opt/airflow/dags
[2026-09-15T19:20:16.821+0000] {manager.py:821} INFO - Searching for files in /opt/airflow/dags
[2026-09-15T19:20:16.838+0000] {manager.py:824} INFO - There are 1 files in /opt/airflow/dags
[2026-09-15T19:20:21.881+0000] {manager.py:821} INFO - Searching for files in /opt/airflow/dags
[2026-09-15T19:20:21.895+0000] {manager.py:824} INFO - There are 1 files in /opt/airflow/dags
[2026-09-15T19:20:21.903+0000] {manager.py:997} INFO - 
================================================================================
DAG File Processing Stats

File Path                          PID    Runtime      # DAGs    # Errors  Last Runtime    Last Run               Last # of DB Queries
---------------------------------  -----  ---------  --------  ----------  --------------  -------------------  ----------------------
/opt/airflow/dags/waseet_daily.py                           0           1  0.07s           2026-09-15T19:19:57                       5
================================================================================
[2026-09-15T19:20:26.929+0000] {manager.py:821} INFO - Searching for files in /opt/airflow/dags
[2026-09-15T19:20:26.973+0000] {manager.py:824} INFO - There are 1 files in /opt/airflow/dags
[2026-09-15T19:20:32.047+0000] {manager.py:821} INFO - Searching for files in /opt/airflow/dags
[2026-09-15T19:20:32.070+0000] {manager.py:824} INFO - There are 1 files in /opt/airflow/dags
[2026-09-15T19:20:37.105+0000] {manager.py:821} INFO - Searching for files in /opt/airflow/dags
[2026-09-15T19:20:37.123+0000] {manager.py:824} INFO - There are 1 files in /opt/airflow/dags
[2026-09-15T19:20:42.164+0000] {manager.py:821} INFO - Searching for files in /opt/airflow/dags
[2026-09-15T19:20:42.180+0000] {manager.py:824} INFO - There are 1 files in /opt/airflow/dags
[2026-09-15T19:20:47.220+0000] {manager.py:821} INFO - Searching for files in /opt/airflow/dags
[2026-09-15T19:20:47.240+0000] {manager.py:824} INFO - There are 1 files in /opt/airflow/dags
[2026-09-15T19:20:52.290+0000] {manager.py:821} INFO - Searching for files in /opt/airflow/dags
[2026-09-15T19:20:52.310+0000] {manager.py:824} INFO - There are 1 files in /opt/airflow/dags
[2026-09-15T19:20:52.318+0000] {manager.py:997} INFO - 
================================================================================
DAG File Processing Stats

File Path                          PID    Runtime      # DAGs    # Errors  Last Runtime    Last Run               Last # of DB Queries
---------------------------------  -----  ---------  --------  ----------  --------------  -------------------  ----------------------
/opt/airflow/dags/waseet_daily.py                           1           0  0.25s           2026-09-15T19:20:49                      34
================================================================================
[2026-09-15T19:20:57.346+0000] {manager.py:821} INFO - Searching for files in /opt/airflow/dags
[2026-09-15T19:20:57.370+0000] {manager.py:824} INFO - There are 1 files in /opt/airflow/dags
[2026-09-15T19:21:02.407+0000] {manager.py:821} INFO - Searching for files in /opt/airflow/dags
[2026-09-15T19:21:02.422+0000] {manager.py:824} INFO - There are 1 files in /opt/airflow/dags
[2026-09-15T19:21:07.455+0000] {manager.py:821} INFO - Searching for files in /opt/airflow/dags
[2026-09-15T19:21:07.471+0000] {manager.py:824} INFO - There are 1 files in /opt/airflow/dags
[2026-09-15T19:21:12.503+0000] {manager.py:821} INFO - Searching for files in /opt/airflow/dags
[2026-09-15T19:21:12.518+0000] {manager.py:824} INFO - There are 1 files in /opt/airflow/dags
[2026-09-15T19:21:17.558+0000] {manager.py:821} INFO - Searching for files in /opt/airflow/dags
[2026-09-15T19:21:17.588+0000] {manager.py:824} INFO - There are 1 files in /opt/airflow/dags
[2026-09-15T19:21:22.704+0000] {manager.py:821} INFO - Searching for files in /opt/airflow/dags
[2026-09-15T19:21:22.733+0000] {manager.py:824} INFO - There are 1 files in /opt/airflow/dags
[2026-09-15T19:21:22.742+0000] {manager.py:997} INFO - 
================================================================================
DAG File Processing Stats

File Path                          PID    Runtime      # DAGs    # Errors  Last Runtime    Last Run               Last # of DB Queries
---------------------------------  -----  ---------  --------  ----------  --------------  -------------------  ----------------------
/opt/airflow/dags/waseet_daily.py                           1           0  0.13s           2026-09-15T19:21:19                      12
================================================================================
[2026-09-15T19:21:27.768+0000] {manager.py:821} INFO - Searching for files in /opt/airflow/dags
[2026-09-15T19:21:27.786+0000] {manager.py:824} INFO - There are 1 files in /opt/airflow/dags
[2026-09-15T19:21:32.830+0000] {manager.py:821} INFO - Searching for files in /opt/airflow/dags
[2026-09-15T19:21:32.855+0000] {manager.py:824} INFO - There are 1 files in /opt/airflow/dags
[2026-09-15T19:21:37.904+0000] {manager.py:821} INFO - Searching for files in /opt/airflow/dags
[2026-09-15T19:21:37.927+0000] {manager.py:824} INFO - There are 1 files in /opt/airflow/dags
[2026-09-15T19:21:42.974+0000] {manager.py:821} INFO - Searching for files in /opt/airflow/dags
[2026-09-15T19:21:42.997+0000] {manager.py:824} INFO - There are 1 files in /opt/airflow/dags
[2026-09-15T19:21:48.035+0000] {manager.py:821} INFO - Searching for files in /opt/airflow/dags
[2026-09-15T19:21:48.053+0000] {manager.py:824} INFO - There are 1 files in /opt/airflow/dags
[2026-09-15T19:21:53.119+0000] {manager.py:821} INFO - Searching for files in /opt/airflow/dags
[2026-09-15T19:21:53.147+0000] {manager.py:824} INFO - There are 1 files in /opt/airflow/dags
[2026-09-15T19:21:53.155+0000] {manager.py:997} INFO - 
================================================================================
DAG File Processing Stats

File Path                          PID    Runtime      # DAGs    # Errors  Last Runtime    Last Run               Last # of DB Queries
---------------------------------  -----  ---------  --------  ----------  --------------  -------------------  ----------------------
/opt/airflow/dags/waseet_daily.py                           1           0  0.12s           2026-09-15T19:21:50                      12
================================================================================
[2026-09-15T19:21:58.187+0000] {manager.py:821} INFO - Searching for files in /opt/airflow/dags
[2026-09-15T19:21:58.201+0000] {manager.py:824} INFO - There are 1 files in /opt/airflow/dags
[2026-09-15T19:22:03.241+0000] {manager.py:821} INFO - Searching for files in /opt/airflow/dags
[2026-09-15T19:22:03.266+0000] {manager.py:824} INFO - There are 1 files in /opt/airflow/dags
[2026-09-15T19:22:08.306+0000] {manager.py:821} INFO - Searching for files in /opt/airflow/dags
[2026-09-15T19:22:08.334+0000] {manager.py:824} INFO - There are 1 files in /opt/airflow/dags
[2026-09-15T19:22:13.377+0000] {manager.py:821} INFO - Searching for files in /opt/airflow/dags
[2026-09-15T19:22:13.420+0000] {manager.py:824} INFO - There are 1 files in /opt/airflow/dags
[2026-09-15T19:22:18.464+0000] {manager.py:821} INFO - Searching for files in /opt/airflow/dags
[2026-09-15T19:22:18.502+0000] {manager.py:824} INFO - There are 1 files in /opt/airflow/dags
[2026-09-15T19:22:23.572+0000] {manager.py:821} INFO - Searching for files in /opt/airflow/dags
[2026-09-15T19:22:23.620+0000] {manager.py:824} INFO - There are 1 files in /opt/airflow/dags
[2026-09-15T19:22:23.630+0000] {manager.py:997} INFO - 
================================================================================
DAG File Processing Stats

File Path                          PID    Runtime      # DAGs    # Errors  Last Runtime    Last Run               Last # of DB Queries
---------------------------------  -----  ---------  --------  ----------  --------------  -------------------  ----------------------
/opt/airflow/dags/waseet_daily.py                           1           0  0.16s           2026-09-15T19:22:20                      12
================================================================================
[2026-09-15T19:22:28.664+0000] {manager.py:821} INFO - Searching for files in /opt/airflow/dags
[2026-09-15T19:22:28.689+0000] {manager.py:824} INFO - There are 1 files in /opt/airflow/dags
[2026-09-15T19:22:33.727+0000] {manager.py:821} INFO - Searching for files in /opt/airflow/dags
[2026-09-15T19:22:33.751+0000] {manager.py:824} INFO - There are 1 files in /opt/airflow/dags
[2026-09-15T19:22:38.787+0000] {manager.py:821} INFO - Searching for files in /opt/airflow/dags
[2026-09-15T19:22:38.812+0000] {manager.py:824} INFO - There are 1 files in /opt/airflow/dags
[2026-09-15T19:22:43.852+0000] {manager.py:821} INFO - Searching for files in /opt/airflow/dags
[2026-09-15T19:22:43.882+0000] {manager.py:824} INFO - There are 1 files in /opt/airflow/dags
[2026-09-15T19:22:48.919+0000] {manager.py:821} INFO - Searching for files in /opt/airflow/dags
[2026-09-15T19:22:48.947+0000] {manager.py:824} INFO - There are 1 files in /opt/airflow/dags
[2026-09-15T19:22:54.006+0000] {manager.py:821} INFO - Searching for files in /opt/airflow/dags
[2026-09-15T19:22:54.020+0000] {manager.py:824} INFO - There are 1 files in /opt/airflow/dags
[2026-09-15T19:22:54.027+0000] {manager.py:997} INFO - 
================================================================================
DAG File Processing Stats

File Path                          PID    Runtime      # DAGs    # Errors  Last Runtime    Last Run               Last # of DB Queries
---------------------------------  -----  ---------  --------  ----------  --------------  -------------------  ----------------------
/opt/airflow/dags/waseet_daily.py                           1           0  0.14s           2026-09-15T19:22:51                      12
================================================================================
[2026-09-15T19:22:59.056+0000] {manager.py:821} INFO - Searching for files in /opt/airflow/dags
[2026-09-15T19:22:59.082+0000] {manager.py:824} INFO - There are 1 files in /opt/airflow/dags
[2026-09-15T19:23:04.122+0000] {manager.py:821} INFO - Searching for files in /opt/airflow/dags
[2026-09-15T19:23:04.158+0000] {manager.py:824} INFO - There are 1 files in /opt/airflow/dags
[2026-09-15T19:23:09.191+0000] {manager.py:821} INFO - Searching for files in /opt/airflow/dags
[2026-09-15T19:23:09.213+0000] {manager.py:824} INFO - There are 1 files in /opt/airflow/dags
[2026-09-15T19:23:14.252+0000] {manager.py:821} INFO - Searching for files in /opt/airflow/dags
[2026-09-15T19:23:14.267+0000] {manager.py:824} INFO - There are 1 files in /opt/airflow/dags
[2026-09-15T19:23:19.301+0000] {manager.py:821} INFO - Searching for files in /opt/airflow/dags
[2026-09-15T19:23:19.323+0000] {manager.py:824} INFO - There are 1 files in /opt/airflow/dags
[2026-09-15T19:23:24.381+0000] {manager.py:821} INFO - Searching for files in /opt/airflow/dags
[2026-09-15T19:23:24.421+0000] {manager.py:824} INFO - There are 1 files in /opt/airflow/dags
[2026-09-15T19:23:24.430+0000] {manager.py:997} INFO - 
================================================================================
DAG File Processing Stats

File Path                          PID    Runtime      # DAGs    # Errors  Last Runtime    Last Run               Last # of DB Queries
---------------------------------  -----  ---------  --------  ----------  --------------  -------------------  ----------------------
/opt/airflow/dags/waseet_daily.py                           1           0  0.13s           2026-09-15T19:23:21                      12
================================================================================
[2026-09-15T19:23:29.463+0000] {manager.py:821} INFO - Searching for files in /opt/airflow/dags
[2026-09-15T19:23:29.503+0000] {manager.py:824} INFO - There are 1 files in /opt/airflow/dags
[2026-09-15T19:23:34.538+0000] {manager.py:821} INFO - Searching for files in /opt/airflow/dags
[2026-09-15T19:23:34.555+0000] {manager.py:824} INFO - There are 1 files in /opt/airflow/dags
[2026-09-15T19:23:39.595+0000] {manager.py:821} INFO - Searching for files in /opt/airflow/dags
[2026-09-15T19:23:39.621+0000] {manager.py:824} INFO - There are 1 files in /opt/airflow/dags
[2026-09-15T19:23:44.659+0000] {manager.py:821} INFO - Searching for files in /opt/airflow/dags
[2026-09-15T19:23:44.684+0000] {manager.py:824} INFO - There are 1 files in /opt/airflow/dags
[2026-09-15T19:23:49.720+0000] {manager.py:821} INFO - Searching for files in /opt/airflow/dags
[2026-09-15T19:23:49.734+0000] {manager.py:824} INFO - There are 1 files in /opt/airflow/dags
[2026-09-15T19:23:54.800+0000] {manager.py:821} INFO - Searching for files in /opt/airflow/dags
[2026-09-15T19:23:54.826+0000] {manager.py:824} INFO - There are 1 files in /opt/airflow/dags
[2026-09-15T19:23:54.838+0000] {manager.py:997} INFO - 
================================================================================
DAG File Processing Stats

File Path                          PID    Runtime      # DAGs    # Errors  Last Runtime    Last Run               Last # of DB Queries
---------------------------------  -----  ---------  --------  ----------  --------------  -------------------  ----------------------
/opt/airflow/dags/waseet_daily.py                           1           0  0.11s           2026-09-15T19:23:51                      12
================================================================================
[2026-09-15T19:23:59.936+0000] {manager.py:821} INFO - Searching for files in /opt/airflow/dags
[2026-09-15T19:23:59.958+0000] {manager.py:824} INFO - There are 1 files in /opt/airflow/dags
[2026-09-15T19:24:04.993+0000] {manager.py:821} INFO - Searching for files in /opt/airflow/dags
[2026-09-15T19:24:05.015+0000] {manager.py:824} INFO - There are 1 files in /opt/airflow/dags
[2026-09-15T19:24:10.047+0000] {manager.py:821} INFO - Searching for files in /opt/airflow/dags
[2026-09-15T19:24:10.066+0000] {manager.py:824} INFO - There are 1 files in /opt/airflow/dags
[2026-09-15T19:24:15.104+0000] {manager.py:821} INFO - Searching for files in /opt/airflow/dags
[2026-09-15T19:24:15.121+0000] {manager.py:824} INFO - There are 1 files in /opt/airflow/dags
[2026-09-15T19:24:20.161+0000] {manager.py:821} INFO - Searching for files in /opt/airflow/dags
[2026-09-15T19:24:20.175+0000] {manager.py:824} INFO - There are 1 files in /opt/airflow/dags
[2026-09-15T19:24:25.222+0000] {manager.py:821} INFO - Searching for files in /opt/airflow/dags
[2026-09-15T19:24:25.237+0000] {manager.py:824} INFO - There are 1 files in /opt/airflow/dags
[2026-09-15T19:24:25.245+0000] {manager.py:997} INFO - 
================================================================================
DAG File Processing Stats

File Path                          PID    Runtime      # DAGs    # Errors  Last Runtime    Last Run               Last # of DB Queries
---------------------------------  -----  ---------  --------  ----------  --------------  -------------------  ----------------------
/opt/airflow/dags/waseet_daily.py                           1           0  0.25s           2026-09-15T19:23:58                      34
================================================================================
[2026-09-15T19:24:30.313+0000] {manager.py:821} INFO - Searching for files in /opt/airflow/dags
[2026-09-15T19:24:30.327+0000] {manager.py:824} INFO - There are 1 files in /opt/airflow/dags
[2026-09-15T19:24:35.363+0000] {manager.py:821} INFO - Searching for files in /opt/airflow/dags
[2026-09-15T19:24:35.394+0000] {manager.py:824} INFO - There are 1 files in /opt/airflow/dags
[2026-09-15T19:24:40.431+0000] {manager.py:821} INFO - Searching for files in /opt/airflow/dags
[2026-09-15T19:24:40.455+0000] {manager.py:824} INFO - There are 1 files in /opt/airflow/dags
[2026-09-15T19:24:45.495+0000] {manager.py:821} INFO - Searching for files in /opt/airflow/dags
[2026-09-15T19:24:45.514+0000] {manager.py:824} INFO - There are 1 files in /opt/airflow/dags
[2026-09-15T19:24:50.551+0000] {manager.py:821} INFO - Searching for files in /opt/airflow/dags
[2026-09-15T19:24:50.568+0000] {manager.py:824} INFO - There are 1 files in /opt/airflow/dags
[2026-09-15T19:24:55.602+0000] {manager.py:821} INFO - Searching for files in /opt/airflow/dags
[2026-09-15T19:24:55.621+0000] {manager.py:824} INFO - There are 1 files in /opt/airflow/dags
[2026-09-15T19:24:55.628+0000] {manager.py:997} INFO - 
================================================================================
DAG File Processing Stats

File Path                          PID    Runtime      # DAGs    # Errors  Last Runtime    Last Run               Last # of DB Queries
---------------------------------  -----  ---------  --------  ----------  --------------  -------------------  ----------------------
/opt/airflow/dags/waseet_daily.py                           1           0  0.12s           2026-09-15T19:24:28                      12
================================================================================
[2026-09-15T19:25:00.685+0000] {manager.py:821} INFO - Searching for files in /opt/airflow/dags
[2026-09-15T19:25:00.706+0000] {manager.py:824} INFO - There are 1 files in /opt/airflow/dags
[2026-09-15T19:25:05.738+0000] {manager.py:821} INFO - Searching for files in /opt/airflow/dags
[2026-09-15T19:25:05.768+0000] {manager.py:824} INFO - There are 1 files in /opt/airflow/dags
[2026-09-15T19:25:10.806+0000] {manager.py:821} INFO - Searching for files in /opt/airflow/dags
[2026-09-15T19:25:10.837+0000] {manager.py:824} INFO - There are 1 files in /opt/airflow/dags
[2026-09-15T19:25:15.875+0000] {manager.py:821} INFO - Searching for files in /opt/airflow/dags
[2026-09-15T19:25:15.907+0000] {manager.py:824} INFO - There are 1 files in /opt/airflow/dags
[2026-09-15T19:25:20.946+0000] {manager.py:821} INFO - Searching for files in /opt/airflow/dags
[2026-09-15T19:25:20.961+0000] {manager.py:824} INFO - There are 1 files in /opt/airflow/dags
[2026-09-15T19:25:25.997+0000] {manager.py:821} INFO - Searching for files in /opt/airflow/dags
[2026-09-15T19:25:26.011+0000] {manager.py:824} INFO - There are 1 files in /opt/airflow/dags
[2026-09-15T19:25:26.018+0000] {manager.py:997} INFO - 
================================================================================
DAG File Processing Stats

File Path                          PID    Runtime      # DAGs    # Errors  Last Runtime    Last Run               Last # of DB Queries
---------------------------------  -----  ---------  --------  ----------  --------------  -------------------  ----------------------
/opt/airflow/dags/waseet_daily.py                           1           0  0.14s           2026-09-15T19:24:58                      12
================================================================================
[2026-09-15T19:25:31.074+0000] {manager.py:821} INFO - Searching for files in /opt/airflow/dags
[2026-09-15T19:25:31.106+0000] {manager.py:824} INFO - There are 1 files in /opt/airflow/dags
[2026-09-15T19:25:36.139+0000] {manager.py:821} INFO - Searching for files in /opt/airflow/dags
[2026-09-15T19:25:36.171+0000] {manager.py:824} INFO - There are 1 files in /opt/airflow/dags
[2026-09-15T19:25:41.213+0000] {manager.py:821} INFO - Searching for files in /opt/airflow/dags
[2026-09-15T19:25:41.251+0000] {manager.py:824} INFO - There are 1 files in /opt/airflow/dags
[2026-09-15T19:25:46.290+0000] {manager.py:821} INFO - Searching for files in /opt/airflow/dags
[2026-09-15T19:25:46.308+0000] {manager.py:824} INFO - There are 1 files in /opt/airflow/dags
[2026-09-15T19:25:51.344+0000] {manager.py:821} INFO - Searching for files in /opt/airflow/dags
[2026-09-15T19:25:51.372+0000] {manager.py:824} INFO - There are 1 files in /opt/airflow/dags
[2026-09-15T19:25:56.410+0000] {manager.py:821} INFO - Searching for files in /opt/airflow/dags
[2026-09-15T19:25:56.427+0000] {manager.py:824} INFO - There are 1 files in /opt/airflow/dags
[2026-09-15T19:25:56.438+0000] {manager.py:997} INFO - 
================================================================================
DAG File Processing Stats

File Path                          PID    Runtime      # DAGs    # Errors  Last Runtime    Last Run               Last # of DB Queries
---------------------------------  -----  ---------  --------  ----------  --------------  -------------------  ----------------------
/opt/airflow/dags/waseet_daily.py                           1           0  0.17s           2026-09-15T19:25:29                      12
================================================================================
[2026-09-15T19:26:01.486+0000] {manager.py:821} INFO - Searching for files in /opt/airflow/dags
[2026-09-15T19:26:01.518+0000] {manager.py:824} INFO - There are 1 files in /opt/airflow/dags
[2026-09-15T19:26:06.560+0000] {manager.py:821} INFO - Searching for files in /opt/airflow/dags
[2026-09-15T19:26:06.588+0000] {manager.py:824} INFO - There are 1 files in /opt/airflow/dags
[2026-09-15T19:26:11.625+0000] {manager.py:821} INFO - Searching for files in /opt/airflow/dags
[2026-09-15T19:26:11.657+0000] {manager.py:824} INFO - There are 1 files in /opt/airflow/dags
[2026-09-15T19:26:16.700+0000] {manager.py:821} INFO - Searching for files in /opt/airflow/dags
[2026-09-15T19:26:16.719+0000] {manager.py:824} INFO - There are 1 files in /opt/airflow/dags
[2026-09-15T19:26:21.768+0000] {manager.py:821} INFO - Searching for files in /opt/airflow/dags
[2026-09-15T19:26:21.795+0000] {manager.py:824} INFO - There are 1 files in /opt/airflow/dags
[2026-09-15T19:26:26.846+0000] {manager.py:821} INFO - Searching for files in /opt/airflow/dags
[2026-09-15T19:26:26.877+0000] {manager.py:824} INFO - There are 1 files in /opt/airflow/dags
[2026-09-15T19:26:26.886+0000] {manager.py:997} INFO - 
================================================================================
DAG File Processing Stats

File Path                          PID    Runtime      # DAGs    # Errors  Last Runtime    Last Run               Last # of DB Queries
---------------------------------  -----  ---------  --------  ----------  --------------  -------------------  ----------------------
/opt/airflow/dags/waseet_daily.py                           1           0  0.13s           2026-09-15T19:25:59                      12
================================================================================
[2026-09-15T19:26:31.940+0000] {manager.py:821} INFO - Searching for files in /opt/airflow/dags
[2026-09-15T19:26:31.982+0000] {manager.py:824} INFO - There are 1 files in /opt/airflow/dags
[2026-09-15T19:26:37.022+0000] {manager.py:821} INFO - Searching for files in /opt/airflow/dags
[2026-09-15T19:26:37.048+0000] {manager.py:824} INFO - There are 1 files in /opt/airflow/dags
[2026-09-15T19:26:42.087+0000] {manager.py:821} INFO - Searching for files in /opt/airflow/dags
[2026-09-15T19:26:42.122+0000] {manager.py:824} INFO - There are 1 files in /opt/airflow/dags
[2026-09-15T19:26:47.168+0000] {manager.py:821} INFO - Searching for files in /opt/airflow/dags
[2026-09-15T19:26:47.200+0000] {manager.py:824} INFO - There are 1 files in /opt/airflow/dags
[2026-09-15T19:26:52.251+0000] {manager.py:821} INFO - Searching for files in /opt/airflow/dags
[2026-09-15T19:26:52.270+0000] {manager.py:824} INFO - There are 1 files in /opt/airflow/dags
[2026-09-15T19:26:57.307+0000] {manager.py:821} INFO - Searching for files in /opt/airflow/dags
[2026-09-15T19:26:57.331+0000] {manager.py:824} INFO - There are 1 files in /opt/airflow/dags
[2026-09-15T19:26:57.340+0000] {manager.py:997} INFO - 
================================================================================
DAG File Processing Stats

File Path                          PID    Runtime      # DAGs    # Errors  Last Runtime    Last Run               Last # of DB Queries
---------------------------------  -----  ---------  --------  ----------  --------------  -------------------  ----------------------
/opt/airflow/dags/waseet_daily.py                           1           0  0.10s           2026-09-15T19:26:30                      12
================================================================================
[2026-09-15T19:27:02.386+0000] {manager.py:821} INFO - Searching for files in /opt/airflow/dags
[2026-09-15T19:27:02.408+0000] {manager.py:824} INFO - There are 1 files in /opt/airflow/dags
[2026-09-15T19:27:07.451+0000] {manager.py:821} INFO - Searching for files in /opt/airflow/dags
[2026-09-15T19:27:07.465+0000] {manager.py:824} INFO - There are 1 files in /opt/airflow/dags
[2026-09-15T19:27:12.508+0000] {manager.py:821} INFO - Searching for files in /opt/airflow/dags
[2026-09-15T19:27:12.532+0000] {manager.py:824} INFO - There are 1 files in /opt/airflow/dags
[2026-09-15T19:27:17.568+0000] {manager.py:821} INFO - Searching for files in /opt/airflow/dags
[2026-09-15T19:27:17.595+0000] {manager.py:824} INFO - There are 1 files in /opt/airflow/dags
[2026-09-15T19:27:22.635+0000] {manager.py:821} INFO - Searching for files in /opt/airflow/dags
[2026-09-15T19:27:22.655+0000] {manager.py:824} INFO - There are 1 files in /opt/airflow/dags
[2026-09-15T19:27:27.688+0000] {manager.py:821} INFO - Searching for files in /opt/airflow/dags
[2026-09-15T19:27:27.714+0000] {manager.py:824} INFO - There are 1 files in /opt/airflow/dags
[2026-09-15T19:27:27.725+0000] {manager.py:997} INFO - 
================================================================================
DAG File Processing Stats

File Path                          PID    Runtime      # DAGs    # Errors  Last Runtime    Last Run               Last # of DB Queries
---------------------------------  -----  ---------  --------  ----------  --------------  -------------------  ----------------------
/opt/airflow/dags/waseet_daily.py                           1           0  0.11s           2026-09-15T19:27:00                      12
================================================================================
[2026-09-15T19:27:32.780+0000] {manager.py:821} INFO - Searching for files in /opt/airflow/dags
[2026-09-15T19:27:32.813+0000] {manager.py:824} INFO - There are 1 files in /opt/airflow/dags
[2026-09-15T19:27:37.852+0000] {manager.py:821} INFO - Searching for files in /opt/airflow/dags
[2026-09-15T19:27:37.885+0000] {manager.py:824} INFO - There are 1 files in /opt/airflow/dags
[2026-09-15T19:27:42.923+0000] {manager.py:821} INFO - Searching for files in /opt/airflow/dags
[2026-09-15T19:27:42.962+0000] {manager.py:824} INFO - There are 1 files in /opt/airflow/dags
[2026-09-15T19:27:48.003+0000] {manager.py:821} INFO - Searching for files in /opt/airflow/dags
[2026-09-15T19:27:48.024+0000] {manager.py:824} INFO - There are 1 files in /opt/airflow/dags
[2026-09-15T19:27:53.063+0000] {manager.py:821} INFO - Searching for files in /opt/airflow/dags
[2026-09-15T19:27:53.079+0000] {manager.py:824} INFO - There are 1 files in /opt/airflow/dags
[2026-09-15T19:27:58.117+0000] {manager.py:821} INFO - Searching for files in /opt/airflow/dags
[2026-09-15T19:27:58.131+0000] {manager.py:824} INFO - There are 1 files in /opt/airflow/dags
[2026-09-15T19:27:58.139+0000] {manager.py:997} INFO - 
================================================================================
DAG File Processing Stats

File Path                          PID    Runtime      # DAGs    # Errors  Last Runtime    Last Run               Last # of DB Queries
---------------------------------  -----  ---------  --------  ----------  --------------  -------------------  ----------------------
/opt/airflow/dags/waseet_daily.py                           1           0  0.14s           2026-09-15T19:27:30                      12
================================================================================
[2026-09-15T19:28:03.184+0000] {manager.py:821} INFO - Searching for files in /opt/airflow/dags
[2026-09-15T19:28:03.207+0000] {manager.py:824} INFO - There are 1 files in /opt/airflow/dags
[2026-09-15T19:28:08.238+0000] {manager.py:821} INFO - Searching for files in /opt/airflow/dags
[2026-09-15T19:28:08.263+0000] {manager.py:824} INFO - There are 1 files in /opt/airflow/dags
[2026-09-15T19:28:13.304+0000] {manager.py:821} INFO - Searching for files in /opt/airflow/dags
[2026-09-15T19:28:13.327+0000] {manager.py:824} INFO - There are 1 files in /opt/airflow/dags
[2026-09-15T19:28:18.367+0000] {manager.py:821} INFO - Searching for files in /opt/airflow/dags
[2026-09-15T19:28:18.382+0000] {manager.py:824} INFO - There are 1 files in /opt/airflow/dags
[2026-09-15T19:28:23.424+0000] {manager.py:821} INFO - Searching for files in /opt/airflow/dags
[2026-09-15T19:28:23.448+0000] {manager.py:824} INFO - There are 1 files in /opt/airflow/dags
[2026-09-15T19:28:28.484+0000] {manager.py:821} INFO - Searching for files in /opt/airflow/dags
[2026-09-15T19:28:28.503+0000] {manager.py:824} INFO - There are 1 files in /opt/airflow/dags
[2026-09-15T19:28:28.512+0000] {manager.py:997} INFO - 
================================================================================
DAG File Processing Stats

File Path                          PID    Runtime      # DAGs    # Errors  Last Runtime    Last Run               Last # of DB Queries
---------------------------------  -----  ---------  --------  ----------  --------------  -------------------  ----------------------
/opt/airflow/dags/waseet_daily.py                           1           0  0.15s           2026-09-15T19:28:01                      12
================================================================================
[2026-09-15T19:28:33.580+0000] {manager.py:821} INFO - Searching for files in /opt/airflow/dags
[2026-09-15T19:28:33.610+0000] {manager.py:824} INFO - There are 1 files in /opt/airflow/dags
[2026-09-15T19:28:38.647+0000] {manager.py:821} INFO - Searching for files in /opt/airflow/dags
[2026-09-15T19:28:38.663+0000] {manager.py:824} INFO - There are 1 files in /opt/airflow/dags
[2026-09-15T19:28:43.699+0000] {manager.py:821} INFO - Searching for files in /opt/airflow/dags
[2026-09-15T19:28:43.719+0000] {manager.py:824} INFO - There are 1 files in /opt/airflow/dags
[2026-09-15T19:28:48.757+0000] {manager.py:821} INFO - Searching for files in /opt/airflow/dags
[2026-09-15T19:28:48.784+0000] {manager.py:824} INFO - There are 1 files in /opt/airflow/dags
[2026-09-15T19:28:53.821+0000] {manager.py:821} INFO - Searching for files in /opt/airflow/dags
[2026-09-15T19:28:53.860+0000] {manager.py:824} INFO - There are 1 files in /opt/airflow/dags
[2026-09-15T19:28:58.903+0000] {manager.py:821} INFO - Searching for files in /opt/airflow/dags
[2026-09-15T19:28:58.931+0000] {manager.py:824} INFO - There are 1 files in /opt/airflow/dags
[2026-09-15T19:28:58.939+0000] {manager.py:997} INFO - 
================================================================================
DAG File Processing Stats

File Path                          PID    Runtime      # DAGs    # Errors  Last Runtime    Last Run               Last # of DB Queries
---------------------------------  -----  ---------  --------  ----------  --------------  -------------------  ----------------------
/opt/airflow/dags/waseet_daily.py                           1           0  0.15s           2026-09-15T19:28:31                      12
================================================================================
[2026-09-15T19:29:04.003+0000] {manager.py:821} INFO - Searching for files in /opt/airflow/dags
[2026-09-15T19:29:04.040+0000] {manager.py:824} INFO - There are 1 files in /opt/airflow/dags
[2026-09-15T19:29:09.079+0000] {manager.py:821} INFO - Searching for files in /opt/airflow/dags
[2026-09-15T19:29:09.111+0000] {manager.py:824} INFO - There are 1 files in /opt/airflow/dags
[2026-09-15T19:29:14.145+0000] {manager.py:821} INFO - Searching for files in /opt/airflow/dags
[2026-09-15T19:29:14.188+0000] {manager.py:824} INFO - There are 1 files in /opt/airflow/dags
[2026-09-15T19:29:19.231+0000] {manager.py:821} INFO - Searching for files in /opt/airflow/dags
[2026-09-15T19:29:19.253+0000] {manager.py:824} INFO - There are 1 files in /opt/airflow/dags
[2026-09-15T19:29:24.295+0000] {manager.py:821} INFO - Searching for files in /opt/airflow/dags
[2026-09-15T19:29:24.325+0000] {manager.py:824} INFO - There are 1 files in /opt/airflow/dags
[2026-09-15T19:29:29.361+0000] {manager.py:821} INFO - Searching for files in /opt/airflow/dags
[2026-09-15T19:29:29.378+0000] {manager.py:824} INFO - There are 1 files in /opt/airflow/dags
[2026-09-15T19:29:29.386+0000] {manager.py:997} INFO - 
================================================================================
DAG File Processing Stats

File Path                          PID    Runtime      # DAGs    # Errors  Last Runtime    Last Run               Last # of DB Queries
---------------------------------  -----  ---------  --------  ----------  --------------  -------------------  ----------------------
/opt/airflow/dags/waseet_daily.py                           1           0  0.15s           2026-09-15T19:29:02                      12
================================================================================
[2026-09-15T19:29:34.446+0000] {manager.py:821} INFO - Searching for files in /opt/airflow/dags
[2026-09-15T19:29:34.461+0000] {manager.py:824} INFO - There are 1 files in /opt/airflow/dags
[2026-09-15T19:29:39.499+0000] {manager.py:821} INFO - Searching for files in /opt/airflow/dags
[2026-09-15T19:29:39.518+0000] {manager.py:824} INFO - There are 1 files in /opt/airflow/dags
[2026-09-15T19:29:44.561+0000] {manager.py:821} INFO - Searching for files in /opt/airflow/dags
[2026-09-15T19:29:44.586+0000] {manager.py:824} INFO - There are 1 files in /opt/airflow/dags
[2026-09-15T19:29:49.627+0000] {manager.py:821} INFO - Searching for files in /opt/airflow/dags
[2026-09-15T19:29:49.643+0000] {manager.py:824} INFO - There are 1 files in /opt/airflow/dags
[2026-09-15T19:29:54.679+0000] {manager.py:821} INFO - Searching for files in /opt/airflow/dags
[2026-09-15T19:29:54.709+0000] {manager.py:824} INFO - There are 1 files in /opt/airflow/dags
[2026-09-15T19:29:59.745+0000] {manager.py:821} INFO - Searching for files in /opt/airflow/dags
[2026-09-15T19:29:59.764+0000] {manager.py:824} INFO - There are 1 files in /opt/airflow/dags
[2026-09-15T19:29:59.774+0000] {manager.py:997} INFO - 
================================================================================
DAG File Processing Stats

File Path                          PID    Runtime      # DAGs    # Errors  Last Runtime    Last Run               Last # of DB Queries
---------------------------------  -----  ---------  --------  ----------  --------------  -------------------  ----------------------
/opt/airflow/dags/waseet_daily.py                           1           0  0.14s           2026-09-15T19:29:32                      12
================================================================================
[2026-09-15T19:30:04.821+0000] {manager.py:821} INFO - Searching for files in /opt/airflow/dags
[2026-09-15T19:30:04.840+0000] {manager.py:824} INFO - There are 1 files in /opt/airflow/dags
[2026-09-15T19:30:09.877+0000] {manager.py:821} INFO - Searching for files in /opt/airflow/dags
[2026-09-15T19:30:09.918+0000] {manager.py:824} INFO - There are 1 files in /opt/airflow/dags
[2026-09-15T19:30:14.968+0000] {manager.py:821} INFO - Searching for files in /opt/airflow/dags
[2026-09-15T19:30:14.989+0000] {manager.py:824} INFO - There are 1 files in /opt/airflow/dags
[2026-09-15T19:30:20.040+0000] {manager.py:821} INFO - Searching for files in /opt/airflow/dags
[2026-09-15T19:30:20.062+0000] {manager.py:824} INFO - There are 1 files in /opt/airflow/dags
[2026-09-15T19:30:25.108+0000] {manager.py:821} INFO - Searching for files in /opt/airflow/dags
[2026-09-15T19:30:25.121+0000] {manager.py:824} INFO - There are 1 files in /opt/airflow/dags
[2026-09-15T19:30:30.168+0000] {manager.py:821} INFO - Searching for files in /opt/airflow/dags
[2026-09-15T19:30:30.198+0000] {manager.py:824} INFO - There are 1 files in /opt/airflow/dags
[2026-09-15T19:30:30.206+0000] {manager.py:997} INFO - 
================================================================================
DAG File Processing Stats

File Path                          PID    Runtime      # DAGs    # Errors  Last Runtime    Last Run               Last # of DB Queries
---------------------------------  -----  ---------  --------  ----------  --------------  -------------------  ----------------------
/opt/airflow/dags/waseet_daily.py                           1           0  0.11s           2026-09-15T19:30:02                      12
================================================================================
[2026-09-15T19:30:35.266+0000] {manager.py:821} INFO - Searching for files in /opt/airflow/dags
[2026-09-15T19:30:35.299+0000] {manager.py:824} INFO - There are 1 files in /opt/airflow/dags
[2026-09-15T19:30:40.332+0000] {manager.py:821} INFO - Searching for files in /opt/airflow/dags
[2026-09-15T19:30:40.346+0000] {manager.py:824} INFO - There are 1 files in /opt/airflow/dags
[2026-09-15T19:30:45.386+0000] {manager.py:821} INFO - Searching for files in /opt/airflow/dags
[2026-09-15T19:30:45.422+0000] {manager.py:824} INFO - There are 1 files in /opt/airflow/dags
[2026-09-15T19:30:50.463+0000] {manager.py:821} INFO - Searching for files in /opt/airflow/dags
[2026-09-15T19:30:50.488+0000] {manager.py:824} INFO - There are 1 files in /opt/airflow/dags
[2026-09-15T19:30:55.525+0000] {manager.py:821} INFO - Searching for files in /opt/airflow/dags
[2026-09-15T19:30:55.558+0000] {manager.py:824} INFO - There are 1 files in /opt/airflow/dags
[2026-09-15T19:31:00.597+0000] {manager.py:821} INFO - Searching for files in /opt/airflow/dags
[2026-09-15T19:31:00.627+0000] {manager.py:824} INFO - There are 1 files in /opt/airflow/dags
[2026-09-15T19:31:00.639+0000] {manager.py:997} INFO - 
================================================================================
DAG File Processing Stats

File Path                          PID    Runtime      # DAGs    # Errors  Last Runtime    Last Run               Last # of DB Queries
---------------------------------  -----  ---------  --------  ----------  --------------  -------------------  ----------------------
/opt/airflow/dags/waseet_daily.py                           1           0  0.12s           2026-09-15T19:30:33                      12
================================================================================
[2026-09-15T19:31:05.694+0000] {manager.py:821} INFO - Searching for files in /opt/airflow/dags
[2026-09-15T19:31:05.716+0000] {manager.py:824} INFO - There are 1 files in /opt/airflow/dags
[2026-09-15T19:31:10.757+0000] {manager.py:821} INFO - Searching for files in /opt/airflow/dags
[2026-09-15T19:31:10.793+0000] {manager.py:824} INFO - There are 1 files in /opt/airflow/dags
[2026-09-15T19:31:15.833+0000] {manager.py:821} INFO - Searching for files in /opt/airflow/dags
[2026-09-15T19:31:15.855+0000] {manager.py:824} INFO - There are 1 files in /opt/airflow/dags
[2026-09-15T19:31:20.893+0000] {manager.py:821} INFO - Searching for files in /opt/airflow/dags
[2026-09-15T19:31:20.909+0000] {manager.py:824} INFO - There are 1 files in /opt/airflow/dags
[2026-09-15T19:31:25.943+0000] {manager.py:821} INFO - Searching for files in /opt/airflow/dags
[2026-09-15T19:31:25.979+0000] {manager.py:824} INFO - There are 1 files in /opt/airflow/dags
[2026-09-15T19:31:31.020+0000] {manager.py:821} INFO - Searching for files in /opt/airflow/dags
[2026-09-15T19:31:31.035+0000] {manager.py:824} INFO - There are 1 files in /opt/airflow/dags
[2026-09-15T19:31:31.043+0000] {manager.py:997} INFO - 
================================================================================
DAG File Processing Stats

File Path                          PID    Runtime      # DAGs    # Errors  Last Runtime    Last Run               Last # of DB Queries
---------------------------------  -----  ---------  --------  ----------  --------------  -------------------  ----------------------
/opt/airflow/dags/waseet_daily.py                           1           0  0.12s           2026-09-15T19:31:03                      12
================================================================================
[2026-09-15T19:31:36.099+0000] {manager.py:821} INFO - Searching for files in /opt/airflow/dags
[2026-09-15T19:31:36.119+0000] {manager.py:824} INFO - There are 1 files in /opt/airflow/dags
[2026-09-15T19:31:41.163+0000] {manager.py:821} INFO - Searching for files in /opt/airflow/dags
[2026-09-15T19:31:41.192+0000] {manager.py:824} INFO - There are 1 files in /opt/airflow/dags
[2026-09-15T19:31:46.241+0000] {manager.py:821} INFO - Searching for files in /opt/airflow/dags
[2026-09-15T19:31:46.262+0000] {manager.py:824} INFO - There are 1 files in /opt/airflow/dags
[2026-09-15T19:31:51.305+0000] {manager.py:821} INFO - Searching for files in /opt/airflow/dags
[2026-09-15T19:31:51.333+0000] {manager.py:824} INFO - There are 1 files in /opt/airflow/dags
[2026-09-15T19:31:56.375+0000] {manager.py:821} INFO - Searching for files in /opt/airflow/dags
[2026-09-15T19:31:56.409+0000] {manager.py:824} INFO - There are 1 files in /opt/airflow/dags
[2026-09-15T19:32:01.449+0000] {manager.py:821} INFO - Searching for files in /opt/airflow/dags
[2026-09-15T19:32:01.469+0000] {manager.py:824} INFO - There are 1 files in /opt/airflow/dags
[2026-09-15T19:32:01.479+0000] {manager.py:997} INFO - 
================================================================================
DAG File Processing Stats

File Path                          PID    Runtime      # DAGs    # Errors  Last Runtime    Last Run               Last # of DB Queries
---------------------------------  -----  ---------  --------  ----------  --------------  -------------------  ----------------------
/opt/airflow/dags/waseet_daily.py                           1           0  0.11s           2026-09-15T19:31:34                      12
================================================================================
[2026-09-15T19:32:06.523+0000] {manager.py:821} INFO - Searching for files in /opt/airflow/dags
[2026-09-15T19:32:06.538+0000] {manager.py:824} INFO - There are 1 files in /opt/airflow/dags
[2026-09-15T19:32:11.580+0000] {manager.py:821} INFO - Searching for files in /opt/airflow/dags
[2026-09-15T19:32:11.600+0000] {manager.py:824} INFO - There are 1 files in /opt/airflow/dags
[2026-09-15T19:32:16.639+0000] {manager.py:821} INFO - Searching for files in /opt/airflow/dags
[2026-09-15T19:32:16.657+0000] {manager.py:824} INFO - There are 1 files in /opt/airflow/dags
[2026-09-15T19:32:21.698+0000] {manager.py:821} INFO - Searching for files in /opt/airflow/dags
[2026-09-15T19:32:21.720+0000] {manager.py:824} INFO - There are 1 files in /opt/airflow/dags
[2026-09-15T19:32:26.768+0000] {manager.py:821} INFO - Searching for files in /opt/airflow/dags
[2026-09-15T19:32:26.784+0000] {manager.py:824} INFO - There are 1 files in /opt/airflow/dags
[2026-09-15T19:32:31.836+0000] {manager.py:821} INFO - Searching for files in /opt/airflow/dags
[2026-09-15T19:32:31.856+0000] {manager.py:824} INFO - There are 1 files in /opt/airflow/dags
[2026-09-15T19:32:31.866+0000] {manager.py:997} INFO - 
================================================================================
DAG File Processing Stats

File Path                          PID    Runtime      # DAGs    # Errors  Last Runtime    Last Run               Last # of DB Queries
---------------------------------  -----  ---------  --------  ----------  --------------  -------------------  ----------------------
/opt/airflow/dags/waseet_daily.py                           1           0  0.12s           2026-09-15T19:32:04                      12
================================================================================
[2026-09-15T19:32:36.908+0000] {manager.py:821} INFO - Searching for files in /opt/airflow/dags
[2026-09-15T19:32:36.927+0000] {manager.py:824} INFO - There are 1 files in /opt/airflow/dags
[2026-09-15T19:32:41.966+0000] {manager.py:821} INFO - Searching for files in /opt/airflow/dags
[2026-09-15T19:32:42.000+0000] {manager.py:824} INFO - There are 1 files in /opt/airflow/dags
[2026-09-15T19:32:47.035+0000] {manager.py:821} INFO - Searching for files in /opt/airflow/dags
[2026-09-15T19:32:47.066+0000] {manager.py:824} INFO - There are 1 files in /opt/airflow/dags
[2026-09-15T19:32:52.111+0000] {manager.py:821} INFO - Searching for files in /opt/airflow/dags
[2026-09-15T19:32:52.133+0000] {manager.py:824} INFO - There are 1 files in /opt/airflow/dags
[2026-09-15T19:32:57.172+0000] {manager.py:821} INFO - Searching for files in /opt/airflow/dags
[2026-09-15T19:32:57.200+0000] {manager.py:824} INFO - There are 1 files in /opt/airflow/dags
[2026-09-15T19:33:02.243+0000] {manager.py:821} INFO - Searching for files in /opt/airflow/dags
[2026-09-15T19:33:02.279+0000] {manager.py:824} INFO - There are 1 files in /opt/airflow/dags
[2026-09-15T19:33:02.288+0000] {manager.py:997} INFO - 
================================================================================
DAG File Processing Stats

File Path                          PID    Runtime      # DAGs    # Errors  Last Runtime    Last Run               Last # of DB Queries
---------------------------------  -----  ---------  --------  ----------  --------------  -------------------  ----------------------
/opt/airflow/dags/waseet_daily.py                           1           0  0.12s           2026-09-15T19:32:35                      12
================================================================================
[2026-09-15T19:33:07.335+0000] {manager.py:821} INFO - Searching for files in /opt/airflow/dags
[2026-09-15T19:33:07.378+0000] {manager.py:824} INFO - There are 1 files in /opt/airflow/dags
[2026-09-15T19:33:12.415+0000] {manager.py:821} INFO - Searching for files in /opt/airflow/dags
[2026-09-15T19:33:12.429+0000] {manager.py:824} INFO - There are 1 files in /opt/airflow/dags
[2026-09-15T19:33:17.467+0000] {manager.py:821} INFO - Searching for files in /opt/airflow/dags
[2026-09-15T19:33:17.482+0000] {manager.py:824} INFO - There are 1 files in /opt/airflow/dags
[2026-09-15T19:33:22.519+0000] {manager.py:821} INFO - Searching for files in /opt/airflow/dags
[2026-09-15T19:33:22.533+0000] {manager.py:824} INFO - There are 1 files in /opt/airflow/dags
[2026-09-15T19:33:27.574+0000] {manager.py:821} INFO - Searching for files in /opt/airflow/dags
[2026-09-15T19:33:27.603+0000] {manager.py:824} INFO - There are 1 files in /opt/airflow/dags
[2026-09-15T19:33:32.658+0000] {manager.py:821} INFO - Searching for files in /opt/airflow/dags
[2026-09-15T19:33:32.679+0000] {manager.py:824} INFO - There are 1 files in /opt/airflow/dags
[2026-09-15T19:33:32.687+0000] {manager.py:997} INFO - 
================================================================================
DAG File Processing Stats

File Path                          PID    Runtime      # DAGs    # Errors  Last Runtime    Last Run               Last # of DB Queries
---------------------------------  -----  ---------  --------  ----------  --------------  -------------------  ----------------------
/opt/airflow/dags/waseet_daily.py                           1           0  0.14s           2026-09-15T19:33:05                      12
================================================================================
[2026-09-15T19:33:37.744+0000] {manager.py:821} INFO - Searching for files in /opt/airflow/dags
[2026-09-15T19:33:37.766+0000] {manager.py:824} INFO - There are 1 files in /opt/airflow/dags
[2026-09-15T19:33:42.799+0000] {manager.py:821} INFO - Searching for files in /opt/airflow/dags
[2026-09-15T19:33:42.844+0000] {manager.py:824} INFO - There are 1 files in /opt/airflow/dags
[2026-09-15T19:33:47.881+0000] {manager.py:821} INFO - Searching for files in /opt/airflow/dags
[2026-09-15T19:33:47.902+0000] {manager.py:824} INFO - There are 1 files in /opt/airflow/dags
[2026-09-15T19:33:52.941+0000] {manager.py:821} INFO - Searching for files in /opt/airflow/dags
[2026-09-15T19:33:52.968+0000] {manager.py:824} INFO - There are 1 files in /opt/airflow/dags
[2026-09-15T19:33:58.007+0000] {manager.py:821} INFO - Searching for files in /opt/airflow/dags
[2026-09-15T19:33:58.031+0000] {manager.py:824} INFO - There are 1 files in /opt/airflow/dags
[2026-09-15T19:34:03.063+0000] {manager.py:821} INFO - Searching for files in /opt/airflow/dags
[2026-09-15T19:34:03.087+0000] {manager.py:824} INFO - There are 1 files in /opt/airflow/dags
[2026-09-15T19:34:03.095+0000] {manager.py:997} INFO - 
================================================================================
DAG File Processing Stats

File Path                          PID    Runtime      # DAGs    # Errors  Last Runtime    Last Run               Last # of DB Queries
---------------------------------  -----  ---------  --------  ----------  --------------  -------------------  ----------------------
/opt/airflow/dags/waseet_daily.py                           1           0  0.13s           2026-09-15T19:33:35                      12
================================================================================
[2026-09-15T19:34:08.139+0000] {manager.py:821} INFO - Searching for files in /opt/airflow/dags
[2026-09-15T19:34:08.173+0000] {manager.py:824} INFO - There are 1 files in /opt/airflow/dags
[2026-09-15T19:34:13.215+0000] {manager.py:821} INFO - Searching for files in /opt/airflow/dags
[2026-09-15T19:34:13.247+0000] {manager.py:824} INFO - There are 1 files in /opt/airflow/dags
[2026-09-15T19:34:18.288+0000] {manager.py:821} INFO - Searching for files in /opt/airflow/dags
[2026-09-15T19:34:18.306+0000] {manager.py:824} INFO - There are 1 files in /opt/airflow/dags
[2026-09-15T19:34:23.339+0000] {manager.py:821} INFO - Searching for files in /opt/airflow/dags
[2026-09-15T19:34:23.357+0000] {manager.py:824} INFO - There are 1 files in /opt/airflow/dags
[2026-09-15T19:34:28.396+0000] {manager.py:821} INFO - Searching for files in /opt/airflow/dags
[2026-09-15T19:34:28.431+0000] {manager.py:824} INFO - There are 1 files in /opt/airflow/dags
[2026-09-15T19:34:33.468+0000] {manager.py:821} INFO - Searching for files in /opt/airflow/dags
[2026-09-15T19:34:33.489+0000] {manager.py:824} INFO - There are 1 files in /opt/airflow/dags
[2026-09-15T19:34:33.502+0000] {manager.py:997} INFO - 
================================================================================
DAG File Processing Stats

File Path                          PID    Runtime      # DAGs    # Errors  Last Runtime    Last Run               Last # of DB Queries
---------------------------------  -----  ---------  --------  ----------  --------------  -------------------  ----------------------
/opt/airflow/dags/waseet_daily.py                           1           0  0.12s           2026-09-15T19:34:06                      12
================================================================================
[2026-09-15T19:34:38.544+0000] {manager.py:821} INFO - Searching for files in /opt/airflow/dags
[2026-09-15T19:34:38.563+0000] {manager.py:824} INFO - There are 1 files in /opt/airflow/dags
[2026-09-15T19:34:43.598+0000] {manager.py:821} INFO - Searching for files in /opt/airflow/dags
[2026-09-15T19:34:43.619+0000] {manager.py:824} INFO - There are 1 files in /opt/airflow/dags
[2026-09-15T19:34:48.655+0000] {manager.py:821} INFO - Searching for files in /opt/airflow/dags
[2026-09-15T19:34:48.673+0000] {manager.py:824} INFO - There are 1 files in /opt/airflow/dags
[2026-09-15T19:34:53.712+0000] {manager.py:821} INFO - Searching for files in /opt/airflow/dags
[2026-09-15T19:34:53.729+0000] {manager.py:824} INFO - There are 1 files in /opt/airflow/dags
[2026-09-15T19:34:58.773+0000] {manager.py:821} INFO - Searching for files in /opt/airflow/dags
[2026-09-15T19:34:58.808+0000] {manager.py:824} INFO - There are 1 files in /opt/airflow/dags
[2026-09-15T19:35:03.852+0000] {manager.py:821} INFO - Searching for files in /opt/airflow/dags
[2026-09-15T19:35:03.869+0000] {manager.py:824} INFO - There are 1 files in /opt/airflow/dags
[2026-09-15T19:35:03.878+0000] {manager.py:997} INFO - 
================================================================================
DAG File Processing Stats

File Path                          PID    Runtime      # DAGs    # Errors  Last Runtime    Last Run               Last # of DB Queries
---------------------------------  -----  ---------  --------  ----------  --------------  -------------------  ----------------------
/opt/airflow/dags/waseet_daily.py                           1           0  0.13s           2026-09-15T19:34:36                      12
================================================================================
[2026-09-15T19:35:08.924+0000] {manager.py:821} INFO - Searching for files in /opt/airflow/dags
[2026-09-15T19:35:08.950+0000] {manager.py:824} INFO - There are 1 files in /opt/airflow/dags
[2026-09-15T19:35:13.988+0000] {manager.py:821} INFO - Searching for files in /opt/airflow/dags
[2026-09-15T19:35:14.016+0000] {manager.py:824} INFO - There are 1 files in /opt/airflow/dags
[2026-09-15T19:35:19.051+0000] {manager.py:821} INFO - Searching for files in /opt/airflow/dags
[2026-09-15T19:35:19.066+0000] {manager.py:824} INFO - There are 1 files in /opt/airflow/dags
[2026-09-15T19:35:24.107+0000] {manager.py:821} INFO - Searching for files in /opt/airflow/dags
[2026-09-15T19:35:24.141+0000] {manager.py:824} INFO - There are 1 files in /opt/airflow/dags
[2026-09-15T19:35:29.179+0000] {manager.py:821} INFO - Searching for files in /opt/airflow/dags
[2026-09-15T19:35:29.196+0000] {manager.py:824} INFO - There are 1 files in /opt/airflow/dags
[2026-09-15T19:35:34.232+0000] {manager.py:821} INFO - Searching for files in /opt/airflow/dags
[2026-09-15T19:35:34.262+0000] {manager.py:824} INFO - There are 1 files in /opt/airflow/dags
[2026-09-15T19:35:34.271+0000] {manager.py:997} INFO - 
================================================================================
DAG File Processing Stats

File Path                          PID    Runtime      # DAGs    # Errors  Last Runtime    Last Run               Last # of DB Queries
---------------------------------  -----  ---------  --------  ----------  --------------  -------------------  ----------------------
/opt/airflow/dags/waseet_daily.py                           1           0  0.14s           2026-09-15T19:35:07                      12
================================================================================
[2026-09-15T19:35:39.315+0000] {manager.py:821} INFO - Searching for files in /opt/airflow/dags
[2026-09-15T19:35:39.332+0000] {manager.py:824} INFO - There are 1 files in /opt/airflow/dags
[2026-09-15T19:35:44.373+0000] {manager.py:821} INFO - Searching for files in /opt/airflow/dags
[2026-09-15T19:35:44.402+0000] {manager.py:824} INFO - There are 1 files in /opt/airflow/dags
[2026-09-15T19:35:49.443+0000] {manager.py:821} INFO - Searching for files in /opt/airflow/dags
[2026-09-15T19:35:49.460+0000] {manager.py:824} INFO - There are 1 files in /opt/airflow/dags
[2026-09-15T19:35:54.500+0000] {manager.py:821} INFO - Searching for files in /opt/airflow/dags
[2026-09-15T19:35:54.520+0000] {manager.py:824} INFO - There are 1 files in /opt/airflow/dags
[2026-09-15T19:35:59.558+0000] {manager.py:821} INFO - Searching for files in /opt/airflow/dags
[2026-09-15T19:35:59.593+0000] {manager.py:824} INFO - There are 1 files in /opt/airflow/dags
[2026-09-15T19:36:04.639+0000] {manager.py:821} INFO - Searching for files in /opt/airflow/dags
[2026-09-15T19:36:04.669+0000] {manager.py:824} INFO - There are 1 files in /opt/airflow/dags
[2026-09-15T19:36:04.678+0000] {manager.py:997} INFO - 
================================================================================
DAG File Processing Stats

File Path                          PID    Runtime      # DAGs    # Errors  Last Runtime    Last Run               Last # of DB Queries
---------------------------------  -----  ---------  --------  ----------  --------------  -------------------  ----------------------
/opt/airflow/dags/waseet_daily.py                           1           0  0.13s           2026-09-15T19:35:37                      12
================================================================================
[2026-09-15T19:36:09.723+0000] {manager.py:821} INFO - Searching for files in /opt/airflow/dags
[2026-09-15T19:36:09.754+0000] {manager.py:824} INFO - There are 1 files in /opt/airflow/dags
[2026-09-15T19:36:14.793+0000] {manager.py:821} INFO - Searching for files in /opt/airflow/dags
[2026-09-15T19:36:14.832+0000] {manager.py:824} INFO - There are 1 files in /opt/airflow/dags
[2026-09-15T19:36:19.868+0000] {manager.py:821} INFO - Searching for files in /opt/airflow/dags
[2026-09-15T19:36:19.893+0000] {manager.py:824} INFO - There are 1 files in /opt/airflow/dags
[2026-09-15T19:36:24.933+0000] {manager.py:821} INFO - Searching for files in /opt/airflow/dags
[2026-09-15T19:36:24.974+0000] {manager.py:824} INFO - There are 1 files in /opt/airflow/dags
[2026-09-15T19:36:30.012+0000] {manager.py:821} INFO - Searching for files in /opt/airflow/dags
[2026-09-15T19:36:30.027+0000] {manager.py:824} INFO - There are 1 files in /opt/airflow/dags
[2026-09-15T19:36:35.072+0000] {manager.py:821} INFO - Searching for files in /opt/airflow/dags
[2026-09-15T19:36:35.086+0000] {manager.py:824} INFO - There are 1 files in /opt/airflow/dags
[2026-09-15T19:36:35.094+0000] {manager.py:997} INFO - 
================================================================================
DAG File Processing Stats

File Path                          PID    Runtime      # DAGs    # Errors  Last Runtime    Last Run               Last # of DB Queries
---------------------------------  -----  ---------  --------  ----------  --------------  -------------------  ----------------------
/opt/airflow/dags/waseet_daily.py                           1           0  0.14s           2026-09-15T19:36:07                      12
================================================================================
[2026-09-15T19:36:40.140+0000] {manager.py:821} INFO - Searching for files in /opt/airflow/dags
[2026-09-15T19:36:40.172+0000] {manager.py:824} INFO - There are 1 files in /opt/airflow/dags
[2026-09-15T19:36:45.218+0000] {manager.py:821} INFO - Searching for files in /opt/airflow/dags
[2026-09-15T19:36:45.247+0000] {manager.py:824} INFO - There are 1 files in /opt/airflow/dags
[2026-09-15T19:36:50.284+0000] {manager.py:821} INFO - Searching for files in /opt/airflow/dags
[2026-09-15T19:36:50.298+0000] {manager.py:824} INFO - There are 1 files in /opt/airflow/dags
[2026-09-15T19:36:55.332+0000] {manager.py:821} INFO - Searching for files in /opt/airflow/dags
[2026-09-15T19:36:55.355+0000] {manager.py:824} INFO - There are 1 files in /opt/airflow/dags
[2026-09-15T19:37:00.394+0000] {manager.py:821} INFO - Searching for files in /opt/airflow/dags
[2026-09-15T19:37:00.417+0000] {manager.py:824} INFO - There are 1 files in /opt/airflow/dags
[2026-09-15T19:37:05.452+0000] {manager.py:821} INFO - Searching for files in /opt/airflow/dags
[2026-09-15T19:37:05.472+0000] {manager.py:824} INFO - There are 1 files in /opt/airflow/dags
[2026-09-15T19:37:05.479+0000] {manager.py:997} INFO - 
================================================================================
DAG File Processing Stats

File Path                          PID    Runtime      # DAGs    # Errors  Last Runtime    Last Run               Last # of DB Queries
---------------------------------  -----  ---------  --------  ----------  --------------  -------------------  ----------------------
/opt/airflow/dags/waseet_daily.py                           1           0  0.13s           2026-09-15T19:36:38                      12
================================================================================
[2026-09-15T19:37:10.527+0000] {manager.py:821} INFO - Searching for files in /opt/airflow/dags
[2026-09-15T19:37:10.544+0000] {manager.py:824} INFO - There are 1 files in /opt/airflow/dags
[2026-09-15T19:37:15.580+0000] {manager.py:821} INFO - Searching for files in /opt/airflow/dags
[2026-09-15T19:37:15.617+0000] {manager.py:824} INFO - There are 1 files in /opt/airflow/dags
[2026-09-15T19:37:20.655+0000] {manager.py:821} INFO - Searching for files in /opt/airflow/dags
[2026-09-15T19:37:20.677+0000] {manager.py:824} INFO - There are 1 files in /opt/airflow/dags
[2026-09-15T19:37:25.730+0000] {manager.py:821} INFO - Searching for files in /opt/airflow/dags
[2026-09-15T19:37:25.762+0000] {manager.py:824} INFO - There are 1 files in /opt/airflow/dags
[2026-09-15T19:37:30.804+0000] {manager.py:821} INFO - Searching for files in /opt/airflow/dags
[2026-09-15T19:37:30.831+0000] {manager.py:824} INFO - There are 1 files in /opt/airflow/dags
[2026-09-15T19:37:35.869+0000] {manager.py:821} INFO - Searching for files in /opt/airflow/dags
[2026-09-15T19:37:35.900+0000] {manager.py:824} INFO - There are 1 files in /opt/airflow/dags
[2026-09-15T19:37:35.907+0000] {manager.py:997} INFO - 
================================================================================
DAG File Processing Stats

File Path                          PID    Runtime      # DAGs    # Errors  Last Runtime    Last Run               Last # of DB Queries
---------------------------------  -----  ---------  --------  ----------  --------------  -------------------  ----------------------
/opt/airflow/dags/waseet_daily.py                           1           0  0.12s           2026-09-15T19:37:08                      12
================================================================================
[2026-09-15T19:37:40.964+0000] {manager.py:821} INFO - Searching for files in /opt/airflow/dags
[2026-09-15T19:37:40.993+0000] {manager.py:824} INFO - There are 1 files in /opt/airflow/dags
[2026-09-15T19:37:46.040+0000] {manager.py:821} INFO - Searching for files in /opt/airflow/dags
[2026-09-15T19:37:46.060+0000] {manager.py:824} INFO - There are 1 files in /opt/airflow/dags
[2026-09-15T19:37:51.099+0000] {manager.py:821} INFO - Searching for files in /opt/airflow/dags
[2026-09-15T19:37:51.115+0000] {manager.py:824} INFO - There are 1 files in /opt/airflow/dags
[2026-09-15T19:37:56.155+0000] {manager.py:821} INFO - Searching for files in /opt/airflow/dags
[2026-09-15T19:37:56.172+0000] {manager.py:824} INFO - There are 1 files in /opt/airflow/dags
[2026-09-15T19:38:01.212+0000] {manager.py:821} INFO - Searching for files in /opt/airflow/dags
[2026-09-15T19:38:01.233+0000] {manager.py:824} INFO - There are 1 files in /opt/airflow/dags
[2026-09-15T19:38:06.269+0000] {manager.py:821} INFO - Searching for files in /opt/airflow/dags
[2026-09-15T19:38:06.304+0000] {manager.py:824} INFO - There are 1 files in /opt/airflow/dags
[2026-09-15T19:38:06.312+0000] {manager.py:997} INFO - 
================================================================================
DAG File Processing Stats

File Path                          PID    Runtime      # DAGs    # Errors  Last Runtime    Last Run               Last # of DB Queries
---------------------------------  -----  ---------  --------  ----------  --------------  -------------------  ----------------------
/opt/airflow/dags/waseet_daily.py                           1           0  0.12s           2026-09-15T19:37:39                      12
================================================================================
[2026-09-15T19:38:11.362+0000] {manager.py:821} INFO - Searching for files in /opt/airflow/dags
[2026-09-15T19:38:11.379+0000] {manager.py:824} INFO - There are 1 files in /opt/airflow/dags
[2026-09-15T19:38:16.417+0000] {manager.py:821} INFO - Searching for files in /opt/airflow/dags
[2026-09-15T19:38:16.448+0000] {manager.py:824} INFO - There are 1 files in /opt/airflow/dags
[2026-09-15T19:38:21.488+0000] {manager.py:821} INFO - Searching for files in /opt/airflow/dags
[2026-09-15T19:38:21.501+0000] {manager.py:824} INFO - There are 1 files in /opt/airflow/dags
[2026-09-15T19:38:26.543+0000] {manager.py:821} INFO - Searching for files in /opt/airflow/dags
[2026-09-15T19:38:26.578+0000] {manager.py:824} INFO - There are 1 files in /opt/airflow/dags
[2026-09-15T19:38:31.619+0000] {manager.py:821} INFO - Searching for files in /opt/airflow/dags
[2026-09-15T19:38:31.653+0000] {manager.py:824} INFO - There are 1 files in /opt/airflow/dags
[2026-09-15T19:38:36.702+0000] {manager.py:821} INFO - Searching for files in /opt/airflow/dags
[2026-09-15T19:38:36.728+0000] {manager.py:824} INFO - There are 1 files in /opt/airflow/dags
[2026-09-15T19:38:36.737+0000] {manager.py:997} INFO - 
================================================================================
DAG File Processing Stats

File Path                          PID    Runtime      # DAGs    # Errors  Last Runtime    Last Run               Last # of DB Queries
---------------------------------  -----  ---------  --------  ----------  --------------  -------------------  ----------------------
/opt/airflow/dags/waseet_daily.py                           1           0  0.14s           2026-09-15T19:38:09                      12
================================================================================
[2026-09-15T19:38:41.800+0000] {manager.py:821} INFO - Searching for files in /opt/airflow/dags
[2026-09-15T19:38:41.835+0000] {manager.py:824} INFO - There are 1 files in /opt/airflow/dags
[2026-09-15T19:38:46.871+0000] {manager.py:821} INFO - Searching for files in /opt/airflow/dags
[2026-09-15T19:38:46.909+0000] {manager.py:824} INFO - There are 1 files in /opt/airflow/dags
[2026-09-15T19:38:51.945+0000] {manager.py:821} INFO - Searching for files in /opt/airflow/dags
[2026-09-15T19:38:51.974+0000] {manager.py:824} INFO - There are 1 files in /opt/airflow/dags
[2026-09-15T19:38:57.019+0000] {manager.py:821} INFO - Searching for files in /opt/airflow/dags
[2026-09-15T19:38:57.033+0000] {manager.py:824} INFO - There are 1 files in /opt/airflow/dags
[2026-09-15T19:39:02.068+0000] {manager.py:821} INFO - Searching for files in /opt/airflow/dags
[2026-09-15T19:39:02.097+0000] {manager.py:824} INFO - There are 1 files in /opt/airflow/dags
[2026-09-15T19:39:07.130+0000] {manager.py:821} INFO - Searching for files in /opt/airflow/dags
[2026-09-15T19:39:07.152+0000] {manager.py:824} INFO - There are 1 files in /opt/airflow/dags
[2026-09-15T19:39:07.161+0000] {manager.py:997} INFO - 
================================================================================
DAG File Processing Stats

File Path                          PID    Runtime      # DAGs    # Errors  Last Runtime    Last Run               Last # of DB Queries
---------------------------------  -----  ---------  --------  ----------  --------------  -------------------  ----------------------
/opt/airflow/dags/waseet_daily.py                           1           0  0.13s           2026-09-15T19:38:39                      12
================================================================================
[2026-09-15T19:39:12.225+0000] {manager.py:821} INFO - Searching for files in /opt/airflow/dags
[2026-09-15T19:39:12.247+0000] {manager.py:824} INFO - There are 1 files in /opt/airflow/dags
[2026-09-15T19:39:17.285+0000] {manager.py:821} INFO - Searching for files in /opt/airflow/dags
[2026-09-15T19:39:17.311+0000] {manager.py:824} INFO - There are 1 files in /opt/airflow/dags
[2026-09-15T19:39:22.347+0000] {manager.py:821} INFO - Searching for files in /opt/airflow/dags
[2026-09-15T19:39:22.383+0000] {manager.py:824} INFO - There are 1 files in /opt/airflow/dags
[2026-09-15T19:39:27.421+0000] {manager.py:821} INFO - Searching for files in /opt/airflow/dags
[2026-09-15T19:39:27.459+0000] {manager.py:824} INFO - There are 1 files in /opt/airflow/dags
[2026-09-15T19:39:32.494+0000] {manager.py:821} INFO - Searching for files in /opt/airflow/dags
[2026-09-15T19:39:32.517+0000] {manager.py:824} INFO - There are 1 files in /opt/airflow/dags
[2026-09-15T19:39:37.555+0000] {manager.py:821} INFO - Searching for files in /opt/airflow/dags
[2026-09-15T19:39:37.586+0000] {manager.py:824} INFO - There are 1 files in /opt/airflow/dags
[2026-09-15T19:39:37.598+0000] {manager.py:997} INFO - 
================================================================================
DAG File Processing Stats

File Path                          PID    Runtime      # DAGs    # Errors  Last Runtime    Last Run               Last # of DB Queries
---------------------------------  -----  ---------  --------  ----------  --------------  -------------------  ----------------------
/opt/airflow/dags/waseet_daily.py                           1           0  0.13s           2026-09-15T19:39:10                      12
================================================================================
[2026-09-15T19:39:42.651+0000] {manager.py:821} INFO - Searching for files in /opt/airflow/dags
[2026-09-15T19:39:42.676+0000] {manager.py:824} INFO - There are 1 files in /opt/airflow/dags
[2026-09-15T19:39:47.715+0000] {manager.py:821} INFO - Searching for files in /opt/airflow/dags
[2026-09-15T19:39:47.741+0000] {manager.py:824} INFO - There are 1 files in /opt/airflow/dags
[2026-09-15T19:39:52.784+0000] {manager.py:821} INFO - Searching for files in /opt/airflow/dags
[2026-09-15T19:39:52.828+0000] {manager.py:824} INFO - There are 1 files in /opt/airflow/dags
[2026-09-15T19:39:57.867+0000] {manager.py:821} INFO - Searching for files in /opt/airflow/dags
[2026-09-15T19:39:57.888+0000] {manager.py:824} INFO - There are 1 files in /opt/airflow/dags
[2026-09-15T19:40:02.931+0000] {manager.py:821} INFO - Searching for files in /opt/airflow/dags
[2026-09-15T19:40:02.967+0000] {manager.py:824} INFO - There are 1 files in /opt/airflow/dags
[2026-09-15T19:40:08.001+0000] {manager.py:821} INFO - Searching for files in /opt/airflow/dags
[2026-09-15T19:40:08.025+0000] {manager.py:824} INFO - There are 1 files in /opt/airflow/dags
[2026-09-15T19:40:08.033+0000] {manager.py:997} INFO - 
================================================================================
DAG File Processing Stats

File Path                          PID    Runtime      # DAGs    # Errors  Last Runtime    Last Run               Last # of DB Queries
---------------------------------  -----  ---------  --------  ----------  --------------  -------------------  ----------------------
/opt/airflow/dags/waseet_daily.py                           1           0  0.12s           2026-09-15T19:39:40                      12
================================================================================
[2026-09-15T19:40:13.081+0000] {manager.py:821} INFO - Searching for files in /opt/airflow/dags
[2026-09-15T19:40:13.101+0000] {manager.py:824} INFO - There are 1 files in /opt/airflow/dags
[2026-09-15T19:40:18.144+0000] {manager.py:821} INFO - Searching for files in /opt/airflow/dags
[2026-09-15T19:40:18.178+0000] {manager.py:824} INFO - There are 1 files in /opt/airflow/dags
[2026-09-15T19:40:23.217+0000] {manager.py:821} INFO - Searching for files in /opt/airflow/dags
[2026-09-15T19:40:23.232+0000] {manager.py:824} INFO - There are 1 files in /opt/airflow/dags
[2026-09-15T19:40:28.263+0000] {manager.py:821} INFO - Searching for files in /opt/airflow/dags
[2026-09-15T19:40:28.287+0000] {manager.py:824} INFO - There are 1 files in /opt/airflow/dags
[2026-09-15T19:40:33.326+0000] {manager.py:821} INFO - Searching for files in /opt/airflow/dags
[2026-09-15T19:40:33.348+0000] {manager.py:824} INFO - There are 1 files in /opt/airflow/dags
[2026-09-15T19:40:38.389+0000] {manager.py:821} INFO - Searching for files in /opt/airflow/dags
[2026-09-15T19:40:38.411+0000] {manager.py:824} INFO - There are 1 files in /opt/airflow/dags
[2026-09-15T19:40:38.418+0000] {manager.py:997} INFO - 
================================================================================
DAG File Processing Stats

File Path                          PID    Runtime      # DAGs    # Errors  Last Runtime    Last Run               Last # of DB Queries
---------------------------------  -----  ---------  --------  ----------  --------------  -------------------  ----------------------
/opt/airflow/dags/waseet_daily.py                           1           0  0.12s           2026-09-15T19:40:11                      12
================================================================================
[2026-09-15T19:40:43.466+0000] {manager.py:821} INFO - Searching for files in /opt/airflow/dags
[2026-09-15T19:40:43.495+0000] {manager.py:824} INFO - There are 1 files in /opt/airflow/dags
[2026-09-15T19:40:48.537+0000] {manager.py:821} INFO - Searching for files in /opt/airflow/dags
[2026-09-15T19:40:48.569+0000] {manager.py:824} INFO - There are 1 files in /opt/airflow/dags
[2026-09-15T19:40:53.623+0000] {manager.py:821} INFO - Searching for files in /opt/airflow/dags
[2026-09-15T19:40:53.649+0000] {manager.py:824} INFO - There are 1 files in /opt/airflow/dags
[2026-09-15T19:40:58.690+0000] {manager.py:821} INFO - Searching for files in /opt/airflow/dags
[2026-09-15T19:40:58.708+0000] {manager.py:824} INFO - There are 1 files in /opt/airflow/dags
[2026-09-15T19:41:03.750+0000] {manager.py:821} INFO - Searching for files in /opt/airflow/dags
[2026-09-15T19:41:03.788+0000] {manager.py:824} INFO - There are 1 files in /opt/airflow/dags
[2026-09-15T19:41:08.836+0000] {manager.py:821} INFO - Searching for files in /opt/airflow/dags
[2026-09-15T19:41:08.854+0000] {manager.py:824} INFO - There are 1 files in /opt/airflow/dags
[2026-09-15T19:41:08.862+0000] {manager.py:997} INFO - 
================================================================================
DAG File Processing Stats

File Path                          PID    Runtime      # DAGs    # Errors  Last Runtime    Last Run               Last # of DB Queries
---------------------------------  -----  ---------  --------  ----------  --------------  -------------------  ----------------------
/opt/airflow/dags/waseet_daily.py                           1           0  0.15s           2026-09-15T19:40:41                      12
================================================================================
[2026-09-15T19:41:13.916+0000] {manager.py:821} INFO - Searching for files in /opt/airflow/dags
[2026-09-15T19:41:13.929+0000] {manager.py:824} INFO - There are 1 files in /opt/airflow/dags
[2026-09-15T19:41:18.964+0000] {manager.py:821} INFO - Searching for files in /opt/airflow/dags
[2026-09-15T19:41:18.988+0000] {manager.py:824} INFO - There are 1 files in /opt/airflow/dags
[2026-09-15T19:41:24.028+0000] {manager.py:821} INFO - Searching for files in /opt/airflow/dags
[2026-09-15T19:41:24.043+0000] {manager.py:824} INFO - There are 1 files in /opt/airflow/dags
[2026-09-15T19:41:29.079+0000] {manager.py:821} INFO - Searching for files in /opt/airflow/dags
[2026-09-15T19:41:29.118+0000] {manager.py:824} INFO - There are 1 files in /opt/airflow/dags
[2026-09-15T19:41:34.160+0000] {manager.py:821} INFO - Searching for files in /opt/airflow/dags
[2026-09-15T19:41:34.202+0000] {manager.py:824} INFO - There are 1 files in /opt/airflow/dags
[2026-09-15T19:41:39.243+0000] {manager.py:821} INFO - Searching for files in /opt/airflow/dags
[2026-09-15T19:41:39.258+0000] {manager.py:824} INFO - There are 1 files in /opt/airflow/dags
[2026-09-15T19:41:39.268+0000] {manager.py:997} INFO - 
================================================================================
DAG File Processing Stats

File Path                          PID    Runtime      # DAGs    # Errors  Last Runtime    Last Run               Last # of DB Queries
---------------------------------  -----  ---------  --------  ----------  --------------  -------------------  ----------------------
/opt/airflow/dags/waseet_daily.py                           1           0  0.12s           2026-09-15T19:41:12                      12
================================================================================
[2026-09-15T19:41:44.332+0000] {manager.py:821} INFO - Searching for files in /opt/airflow/dags
[2026-09-15T19:41:44.368+0000] {manager.py:824} INFO - There are 1 files in /opt/airflow/dags
[2026-09-15T19:41:49.408+0000] {manager.py:821} INFO - Searching for files in /opt/airflow/dags
[2026-09-15T19:41:49.437+0000] {manager.py:824} INFO - There are 1 files in /opt/airflow/dags
[2026-09-15T19:41:54.484+0000] {manager.py:821} INFO - Searching for files in /opt/airflow/dags
[2026-09-15T19:41:54.513+0000] {manager.py:824} INFO - There are 1 files in /opt/airflow/dags
[2026-09-15T19:41:59.556+0000] {manager.py:821} INFO - Searching for files in /opt/airflow/dags
[2026-09-15T19:41:59.600+0000] {manager.py:824} INFO - There are 1 files in /opt/airflow/dags
[2026-09-15T19:42:04.636+0000] {manager.py:821} INFO - Searching for files in /opt/airflow/dags
[2026-09-15T19:42:04.668+0000] {manager.py:824} INFO - There are 1 files in /opt/airflow/dags
[2026-09-15T19:42:09.701+0000] {manager.py:821} INFO - Searching for files in /opt/airflow/dags
[2026-09-15T19:42:09.723+0000] {manager.py:824} INFO - There are 1 files in /opt/airflow/dags
[2026-09-15T19:42:09.732+0000] {manager.py:997} INFO - 
================================================================================
DAG File Processing Stats

File Path                          PID    Runtime      # DAGs    # Errors  Last Runtime    Last Run               Last # of DB Queries
---------------------------------  -----  ---------  --------  ----------  --------------  -------------------  ----------------------
/opt/airflow/dags/waseet_daily.py                           1           0  0.14s           2026-09-15T19:41:42                      12
================================================================================
[2026-09-15T19:42:14.771+0000] {manager.py:821} INFO - Searching for files in /opt/airflow/dags
[2026-09-15T19:42:14.786+0000] {manager.py:824} INFO - There are 1 files in /opt/airflow/dags
[2026-09-15T19:42:19.822+0000] {manager.py:821} INFO - Searching for files in /opt/airflow/dags
[2026-09-15T19:42:19.843+0000] {manager.py:824} INFO - There are 1 files in /opt/airflow/dags
[2026-09-15T19:42:24.883+0000] {manager.py:821} INFO - Searching for files in /opt/airflow/dags
[2026-09-15T19:42:24.900+0000] {manager.py:824} INFO - There are 1 files in /opt/airflow/dags
[2026-09-15T19:42:29.936+0000] {manager.py:821} INFO - Searching for files in /opt/airflow/dags
[2026-09-15T19:42:29.964+0000] {manager.py:824} INFO - There are 1 files in /opt/airflow/dags
[2026-09-15T19:42:35.003+0000] {manager.py:821} INFO - Searching for files in /opt/airflow/dags
[2026-09-15T19:42:35.028+0000] {manager.py:824} INFO - There are 1 files in /opt/airflow/dags
[2026-09-15T19:42:40.065+0000] {manager.py:821} INFO - Searching for files in /opt/airflow/dags
[2026-09-15T19:42:40.087+0000] {manager.py:824} INFO - There are 1 files in /opt/airflow/dags
[2026-09-15T19:42:40.095+0000] {manager.py:997} INFO - 
================================================================================
DAG File Processing Stats

File Path                          PID    Runtime      # DAGs    # Errors  Last Runtime    Last Run               Last # of DB Queries
---------------------------------  -----  ---------  --------  ----------  --------------  -------------------  ----------------------
/opt/airflow/dags/waseet_daily.py                           1           0  0.11s           2026-09-15T19:42:12                      12
================================================================================
[2026-09-15T19:42:45.148+0000] {manager.py:821} INFO - Searching for files in /opt/airflow/dags
[2026-09-15T19:42:45.188+0000] {manager.py:824} INFO - There are 1 files in /opt/airflow/dags
[2026-09-15T19:42:50.230+0000] {manager.py:821} INFO - Searching for files in /opt/airflow/dags
[2026-09-15T19:42:50.258+0000] {manager.py:824} INFO - There are 1 files in /opt/airflow/dags
[2026-09-15T19:42:55.305+0000] {manager.py:821} INFO - Searching for files in /opt/airflow/dags
[2026-09-15T19:42:55.322+0000] {manager.py:824} INFO - There are 1 files in /opt/airflow/dags
[2026-09-15T19:43:00.355+0000] {manager.py:821} INFO - Searching for files in /opt/airflow/dags
[2026-09-15T19:43:00.371+0000] {manager.py:824} INFO - There are 1 files in /opt/airflow/dags
[2026-09-15T19:43:05.404+0000] {manager.py:821} INFO - Searching for files in /opt/airflow/dags
[2026-09-15T19:43:05.420+0000] {manager.py:824} INFO - There are 1 files in /opt/airflow/dags
[2026-09-15T19:43:10.459+0000] {manager.py:821} INFO - Searching for files in /opt/airflow/dags
[2026-09-15T19:43:10.498+0000] {manager.py:824} INFO - There are 1 files in /opt/airflow/dags
[2026-09-15T19:43:10.505+0000] {manager.py:997} INFO - 
================================================================================
DAG File Processing Stats

File Path                          PID    Runtime      # DAGs    # Errors  Last Runtime    Last Run               Last # of DB Queries
---------------------------------  -----  ---------  --------  ----------  --------------  -------------------  ----------------------
/opt/airflow/dags/waseet_daily.py                           1           0  0.14s           2026-09-15T19:42:43                      12
================================================================================
[2026-09-15T19:43:15.560+0000] {manager.py:821} INFO - Searching for files in /opt/airflow/dags
[2026-09-15T19:43:15.575+0000] {manager.py:824} INFO - There are 1 files in /opt/airflow/dags
[2026-09-15T19:43:20.614+0000] {manager.py:821} INFO - Searching for files in /opt/airflow/dags
[2026-09-15T19:43:20.651+0000] {manager.py:824} INFO - There are 1 files in /opt/airflow/dags
[2026-09-15T19:43:25.693+0000] {manager.py:821} INFO - Searching for files in /opt/airflow/dags
[2026-09-15T19:43:25.713+0000] {manager.py:824} INFO - There are 1 files in /opt/airflow/dags
[2026-09-15T19:43:30.756+0000] {manager.py:821} INFO - Searching for files in /opt/airflow/dags
[2026-09-15T19:43:30.787+0000] {manager.py:824} INFO - There are 1 files in /opt/airflow/dags
[2026-09-15T19:43:35.828+0000] {manager.py:821} INFO - Searching for files in /opt/airflow/dags
[2026-09-15T19:43:35.855+0000] {manager.py:824} INFO - There are 1 files in /opt/airflow/dags
[2026-09-15T19:43:40.899+0000] {manager.py:821} INFO - Searching for files in /opt/airflow/dags
[2026-09-15T19:43:40.923+0000] {manager.py:824} INFO - There are 1 files in /opt/airflow/dags
[2026-09-15T19:43:40.932+0000] {manager.py:997} INFO - 
================================================================================
DAG File Processing Stats

File Path                          PID    Runtime      # DAGs    # Errors  Last Runtime    Last Run               Last # of DB Queries
---------------------------------  -----  ---------  --------  ----------  --------------  -------------------  ----------------------
/opt/airflow/dags/waseet_daily.py                           1           0  0.15s           2026-09-15T19:43:13                      12
================================================================================
[2026-09-15T19:43:45.999+0000] {manager.py:821} INFO - Searching for files in /opt/airflow/dags
[2026-09-15T19:43:46.038+0000] {manager.py:824} INFO - There are 1 files in /opt/airflow/dags
[2026-09-15T19:43:51.074+0000] {manager.py:821} INFO - Searching for files in /opt/airflow/dags
[2026-09-15T19:43:51.090+0000] {manager.py:824} INFO - There are 1 files in /opt/airflow/dags
[2026-09-15T19:43:56.121+0000] {manager.py:821} INFO - Searching for files in /opt/airflow/dags
[2026-09-15T19:43:56.137+0000] {manager.py:824} INFO - There are 1 files in /opt/airflow/dags
[2026-09-15T19:44:01.174+0000] {manager.py:821} INFO - Searching for files in /opt/airflow/dags
[2026-09-15T19:44:01.198+0000] {manager.py:824} INFO - There are 1 files in /opt/airflow/dags
[2026-09-15T19:44:06.246+0000] {manager.py:821} INFO - Searching for files in /opt/airflow/dags
[2026-09-15T19:44:06.279+0000] {manager.py:824} INFO - There are 1 files in /opt/airflow/dags
[2026-09-15T19:44:11.324+0000] {manager.py:821} INFO - Searching for files in /opt/airflow/dags
[2026-09-15T19:44:11.348+0000] {manager.py:824} INFO - There are 1 files in /opt/airflow/dags
[2026-09-15T19:44:11.363+0000] {manager.py:997} INFO - 
================================================================================
DAG File Processing Stats

File Path                          PID    Runtime      # DAGs    # Errors  Last Runtime    Last Run               Last # of DB Queries
---------------------------------  -----  ---------  --------  ----------  --------------  -------------------  ----------------------
/opt/airflow/dags/waseet_daily.py                           1           0  0.13s           2026-09-15T19:43:44                      12
================================================================================
[2026-09-15T19:44:16.420+0000] {manager.py:821} INFO - Searching for files in /opt/airflow/dags
[2026-09-15T19:44:16.453+0000] {manager.py:824} INFO - There are 1 files in /opt/airflow/dags
[2026-09-15T19:44:21.494+0000] {manager.py:821} INFO - Searching for files in /opt/airflow/dags
[2026-09-15T19:44:21.515+0000] {manager.py:824} INFO - There are 1 files in /opt/airflow/dags
[2026-09-15T19:44:26.555+0000] {manager.py:821} INFO - Searching for files in /opt/airflow/dags
[2026-09-15T19:44:26.581+0000] {manager.py:824} INFO - There are 1 files in /opt/airflow/dags
[2026-09-15T19:44:31.632+0000] {manager.py:821} INFO - Searching for files in /opt/airflow/dags
[2026-09-15T19:44:31.662+0000] {manager.py:824} INFO - There are 1 files in /opt/airflow/dags
[2026-09-15T19:44:36.711+0000] {manager.py:821} INFO - Searching for files in /opt/airflow/dags
[2026-09-15T19:44:36.732+0000] {manager.py:824} INFO - There are 1 files in /opt/airflow/dags
[2026-09-15T19:44:41.764+0000] {manager.py:821} INFO - Searching for files in /opt/airflow/dags
[2026-09-15T19:44:41.780+0000] {manager.py:824} INFO - There are 1 files in /opt/airflow/dags
[2026-09-15T19:44:41.788+0000] {manager.py:997} INFO - 
================================================================================
DAG File Processing Stats

File Path                          PID    Runtime      # DAGs    # Errors  Last Runtime    Last Run               Last # of DB Queries
---------------------------------  -----  ---------  --------  ----------  --------------  -------------------  ----------------------
/opt/airflow/dags/waseet_daily.py                           1           0  0.13s           2026-09-15T19:44:14                      12
================================================================================
[2026-09-15T19:44:46.824+0000] {manager.py:821} INFO - Searching for files in /opt/airflow/dags
[2026-09-15T19:44:46.840+0000] {manager.py:824} INFO - There are 1 files in /opt/airflow/dags
[2026-09-15T19:44:51.876+0000] {manager.py:821} INFO - Searching for files in /opt/airflow/dags
[2026-09-15T19:44:51.903+0000] {manager.py:824} INFO - There are 1 files in /opt/airflow/dags
[2026-09-15T19:44:56.947+0000] {manager.py:821} INFO - Searching for files in /opt/airflow/dags
[2026-09-15T19:44:56.980+0000] {manager.py:824} INFO - There are 1 files in /opt/airflow/dags
[2026-09-15T19:45:02.017+0000] {manager.py:821} INFO - Searching for files in /opt/airflow/dags
[2026-09-15T19:45:02.043+0000] {manager.py:824} INFO - There are 1 files in /opt/airflow/dags
[2026-09-15T19:45:07.078+0000] {manager.py:821} INFO - Searching for files in /opt/airflow/dags
[2026-09-15T19:45:07.100+0000] {manager.py:824} INFO - There are 1 files in /opt/airflow/dags
[2026-09-15T19:45:12.139+0000] {manager.py:821} INFO - Searching for files in /opt/airflow/dags
[2026-09-15T19:45:12.168+0000] {manager.py:824} INFO - There are 1 files in /opt/airflow/dags
[2026-09-15T19:45:12.179+0000] {manager.py:997} INFO - 
================================================================================
DAG File Processing Stats

File Path                          PID    Runtime      # DAGs    # Errors  Last Runtime    Last Run               Last # of DB Queries
---------------------------------  -----  ---------  --------  ----------  --------------  -------------------  ----------------------
/opt/airflow/dags/waseet_daily.py                           1           0  0.12s           2026-09-15T19:44:44                      12
================================================================================
[2026-09-15T19:45:17.228+0000] {manager.py:821} INFO - Searching for files in /opt/airflow/dags
[2026-09-15T19:45:17.246+0000] {manager.py:824} INFO - There are 1 files in /opt/airflow/dags
[2026-09-15T19:45:22.287+0000] {manager.py:821} INFO - Searching for files in /opt/airflow/dags
[2026-09-15T19:45:22.315+0000] {manager.py:824} INFO - There are 1 files in /opt/airflow/dags
[2026-09-15T19:45:27.353+0000] {manager.py:821} INFO - Searching for files in /opt/airflow/dags
[2026-09-15T19:45:27.367+0000] {manager.py:824} INFO - There are 1 files in /opt/airflow/dags
[2026-09-15T19:45:32.397+0000] {manager.py:821} INFO - Searching for files in /opt/airflow/dags
[2026-09-15T19:45:32.412+0000] {manager.py:824} INFO - There are 1 files in /opt/airflow/dags
[2026-09-15T19:45:37.445+0000] {manager.py:821} INFO - Searching for files in /opt/airflow/dags
[2026-09-15T19:45:37.470+0000] {manager.py:824} INFO - There are 1 files in /opt/airflow/dags
[2026-09-15T19:45:42.518+0000] {manager.py:821} INFO - Searching for files in /opt/airflow/dags
[2026-09-15T19:45:42.548+0000] {manager.py:824} INFO - There are 1 files in /opt/airflow/dags
[2026-09-15T19:45:42.558+0000] {manager.py:997} INFO - 
================================================================================
DAG File Processing Stats

File Path                          PID    Runtime      # DAGs    # Errors  Last Runtime    Last Run               Last # of DB Queries
---------------------------------  -----  ---------  --------  ----------  --------------  -------------------  ----------------------
/opt/airflow/dags/waseet_daily.py                           1           0  0.11s           2026-09-15T19:45:15                      12
================================================================================
[2026-09-15T19:45:47.617+0000] {manager.py:821} INFO - Searching for files in /opt/airflow/dags
[2026-09-15T19:45:47.652+0000] {manager.py:824} INFO - There are 1 files in /opt/airflow/dags
[2026-09-15T19:45:52.689+0000] {manager.py:821} INFO - Searching for files in /opt/airflow/dags
[2026-09-15T19:45:52.706+0000] {manager.py:824} INFO - There are 1 files in /opt/airflow/dags
[2026-09-15T19:45:57.741+0000] {manager.py:821} INFO - Searching for files in /opt/airflow/dags
[2026-09-15T19:45:57.760+0000] {manager.py:824} INFO - There are 1 files in /opt/airflow/dags
[2026-09-15T19:46:02.798+0000] {manager.py:821} INFO - Searching for files in /opt/airflow/dags
[2026-09-15T19:46:02.835+0000] {manager.py:824} INFO - There are 1 files in /opt/airflow/dags
[2026-09-15T19:46:07.872+0000] {manager.py:821} INFO - Searching for files in /opt/airflow/dags
[2026-09-15T19:46:07.900+0000] {manager.py:824} INFO - There are 1 files in /opt/airflow/dags
[2026-09-15T19:46:12.940+0000] {manager.py:821} INFO - Searching for files in /opt/airflow/dags
[2026-09-15T19:46:12.972+0000] {manager.py:824} INFO - There are 1 files in /opt/airflow/dags
[2026-09-15T19:46:12.980+0000] {manager.py:997} INFO - 
================================================================================
DAG File Processing Stats

File Path                          PID    Runtime      # DAGs    # Errors  Last Runtime    Last Run               Last # of DB Queries
---------------------------------  -----  ---------  --------  ----------  --------------  -------------------  ----------------------
/opt/airflow/dags/waseet_daily.py                           1           0  0.13s           2026-09-15T19:45:45                      12
================================================================================
[2026-09-15T19:46:18.037+0000] {manager.py:821} INFO - Searching for files in /opt/airflow/dags
[2026-09-15T19:46:18.051+0000] {manager.py:824} INFO - There are 1 files in /opt/airflow/dags
[2026-09-15T19:46:23.081+0000] {manager.py:821} INFO - Searching for files in /opt/airflow/dags
[2026-09-15T19:46:23.099+0000] {manager.py:824} INFO - There are 1 files in /opt/airflow/dags
[2026-09-15T19:46:28.128+0000] {manager.py:821} INFO - Searching for files in /opt/airflow/dags
[2026-09-15T19:46:28.159+0000] {manager.py:824} INFO - There are 1 files in /opt/airflow/dags
[2026-09-15T19:46:33.196+0000] {manager.py:821} INFO - Searching for files in /opt/airflow/dags
[2026-09-15T19:46:33.226+0000] {manager.py:824} INFO - There are 1 files in /opt/airflow/dags
[2026-09-15T19:46:38.264+0000] {manager.py:821} INFO - Searching for files in /opt/airflow/dags
[2026-09-15T19:46:38.283+0000] {manager.py:824} INFO - There are 1 files in /opt/airflow/dags
[2026-09-15T19:46:43.319+0000] {manager.py:821} INFO - Searching for files in /opt/airflow/dags
[2026-09-15T19:46:43.349+0000] {manager.py:824} INFO - There are 1 files in /opt/airflow/dags
[2026-09-15T19:46:43.357+0000] {manager.py:997} INFO - 
================================================================================
DAG File Processing Stats

File Path                          PID    Runtime      # DAGs    # Errors  Last Runtime    Last Run               Last # of DB Queries
---------------------------------  -----  ---------  --------  ----------  --------------  -------------------  ----------------------
/opt/airflow/dags/waseet_daily.py                           1           0  0.15s           2026-09-15T19:46:16                      12
================================================================================
[2026-09-15T19:46:48.418+0000] {manager.py:821} INFO - Searching for files in /opt/airflow/dags
[2026-09-15T19:46:48.455+0000] {manager.py:824} INFO - There are 1 files in /opt/airflow/dags
[2026-09-15T19:46:53.497+0000] {manager.py:821} INFO - Searching for files in /opt/airflow/dags
[2026-09-15T19:46:53.513+0000] {manager.py:824} INFO - There are 1 files in /opt/airflow/dags
[2026-09-15T19:46:58.550+0000] {manager.py:821} INFO - Searching for files in /opt/airflow/dags
[2026-09-15T19:46:58.575+0000] {manager.py:824} INFO - There are 1 files in /opt/airflow/dags
[2026-09-15T19:47:03.610+0000] {manager.py:821} INFO - Searching for files in /opt/airflow/dags
[2026-09-15T19:47:03.623+0000] {manager.py:824} INFO - There are 1 files in /opt/airflow/dags
[2026-09-15T19:47:08.653+0000] {manager.py:821} INFO - Searching for files in /opt/airflow/dags
[2026-09-15T19:47:08.671+0000] {manager.py:824} INFO - There are 1 files in /opt/airflow/dags
[2026-09-15T19:47:13.704+0000] {manager.py:821} INFO - Searching for files in /opt/airflow/dags
[2026-09-15T19:47:13.719+0000] {manager.py:824} INFO - There are 1 files in /opt/airflow/dags
[2026-09-15T19:47:13.727+0000] {manager.py:997} INFO - 
================================================================================
DAG File Processing Stats

File Path                          PID    Runtime      # DAGs    # Errors  Last Runtime    Last Run               Last # of DB Queries
---------------------------------  -----  ---------  --------  ----------  --------------  -------------------  ----------------------
/opt/airflow/dags/waseet_daily.py                           1           0  0.15s           2026-09-15T19:46:46                      12
================================================================================
[2026-09-15T19:47:18.768+0000] {manager.py:821} INFO - Searching for files in /opt/airflow/dags
[2026-09-15T19:47:18.790+0000] {manager.py:824} INFO - There are 1 files in /opt/airflow/dags
[2026-09-15T19:47:23.832+0000] {manager.py:821} INFO - Searching for files in /opt/airflow/dags
[2026-09-15T19:47:23.857+0000] {manager.py:824} INFO - There are 1 files in /opt/airflow/dags
[2026-09-15T19:47:28.895+0000] {manager.py:821} INFO - Searching for files in /opt/airflow/dags
[2026-09-15T19:47:28.909+0000] {manager.py:824} INFO - There are 1 files in /opt/airflow/dags
[2026-09-15T19:47:33.951+0000] {manager.py:821} INFO - Searching for files in /opt/airflow/dags
[2026-09-15T19:47:33.977+0000] {manager.py:824} INFO - There are 1 files in /opt/airflow/dags
[2026-09-15T19:47:39.009+0000] {manager.py:821} INFO - Searching for files in /opt/airflow/dags
[2026-09-15T19:47:39.045+0000] {manager.py:824} INFO - There are 1 files in /opt/airflow/dags
[2026-09-15T19:47:44.095+0000] {manager.py:821} INFO - Searching for files in /opt/airflow/dags
[2026-09-15T19:47:44.118+0000] {manager.py:824} INFO - There are 1 files in /opt/airflow/dags
[2026-09-15T19:47:44.128+0000] {manager.py:997} INFO - 
================================================================================
DAG File Processing Stats

File Path                          PID    Runtime      # DAGs    # Errors  Last Runtime    Last Run               Last # of DB Queries
---------------------------------  -----  ---------  --------  ----------  --------------  -------------------  ----------------------
/opt/airflow/dags/waseet_daily.py                           1           0  0.10s           2026-09-15T19:47:16                      12
================================================================================
[2026-09-15T19:47:49.190+0000] {manager.py:821} INFO - Searching for files in /opt/airflow/dags
[2026-09-15T19:47:49.236+0000] {manager.py:824} INFO - There are 1 files in /opt/airflow/dags
[2026-09-15T19:47:54.274+0000] {manager.py:821} INFO - Searching for files in /opt/airflow/dags
[2026-09-15T19:47:54.290+0000] {manager.py:824} INFO - There are 1 files in /opt/airflow/dags
[2026-09-15T19:47:59.323+0000] {manager.py:821} INFO - Searching for files in /opt/airflow/dags
[2026-09-15T19:47:59.343+0000] {manager.py:824} INFO - There are 1 files in /opt/airflow/dags
[2026-09-15T19:48:04.386+0000] {manager.py:821} INFO - Searching for files in /opt/airflow/dags
[2026-09-15T19:48:04.423+0000] {manager.py:824} INFO - There are 1 files in /opt/airflow/dags
[2026-09-15T19:48:09.467+0000] {manager.py:821} INFO - Searching for files in /opt/airflow/dags
[2026-09-15T19:48:09.485+0000] {manager.py:824} INFO - There are 1 files in /opt/airflow/dags
[2026-09-15T19:48:14.530+0000] {manager.py:821} INFO - Searching for files in /opt/airflow/dags
[2026-09-15T19:48:14.552+0000] {manager.py:824} INFO - There are 1 files in /opt/airflow/dags
[2026-09-15T19:48:14.561+0000] {manager.py:997} INFO - 
================================================================================
DAG File Processing Stats

File Path                          PID    Runtime      # DAGs    # Errors  Last Runtime    Last Run               Last # of DB Queries
---------------------------------  -----  ---------  --------  ----------  --------------  -------------------  ----------------------
/opt/airflow/dags/waseet_daily.py                           1           0  0.13s           2026-09-15T19:47:47                      12
================================================================================
[2026-09-15T19:48:19.616+0000] {manager.py:821} INFO - Searching for files in /opt/airflow/dags
[2026-09-15T19:48:19.633+0000] {manager.py:824} INFO - There are 1 files in /opt/airflow/dags
[2026-09-15T19:48:24.672+0000] {manager.py:821} INFO - Searching for files in /opt/airflow/dags
[2026-09-15T19:48:24.700+0000] {manager.py:824} INFO - There are 1 files in /opt/airflow/dags
[2026-09-15T19:48:29.737+0000] {manager.py:821} INFO - Searching for files in /opt/airflow/dags
[2026-09-15T19:48:29.757+0000] {manager.py:824} INFO - There are 1 files in /opt/airflow/dags
[2026-09-15T19:48:34.795+0000] {manager.py:821} INFO - Searching for files in /opt/airflow/dags
[2026-09-15T19:48:34.834+0000] {manager.py:824} INFO - There are 1 files in /opt/airflow/dags
[2026-09-15T19:48:39.874+0000] {manager.py:821} INFO - Searching for files in /opt/airflow/dags
[2026-09-15T19:48:39.891+0000] {manager.py:824} INFO - There are 1 files in /opt/airflow/dags
[2026-09-15T19:48:44.932+0000] {manager.py:821} INFO - Searching for files in /opt/airflow/dags
[2026-09-15T19:48:44.963+0000] {manager.py:824} INFO - There are 1 files in /opt/airflow/dags
[2026-09-15T19:48:44.972+0000] {manager.py:997} INFO - 
================================================================================
DAG File Processing Stats

File Path                          PID    Runtime      # DAGs    # Errors  Last Runtime    Last Run               Last # of DB Queries
---------------------------------  -----  ---------  --------  ----------  --------------  -------------------  ----------------------
/opt/airflow/dags/waseet_daily.py                           1           0  0.13s           2026-09-15T19:48:17                      12
================================================================================
[2026-09-15T19:48:50.016+0000] {manager.py:821} INFO - Searching for files in /opt/airflow/dags
[2026-09-15T19:48:50.034+0000] {manager.py:824} INFO - There are 1 files in /opt/airflow/dags
[2026-09-15T19:48:55.073+0000] {manager.py:821} INFO - Searching for files in /opt/airflow/dags
[2026-09-15T19:48:55.097+0000] {manager.py:824} INFO - There are 1 files in /opt/airflow/dags
[2026-09-15T19:49:00.139+0000] {manager.py:821} INFO - Searching for files in /opt/airflow/dags
[2026-09-15T19:49:00.155+0000] {manager.py:824} INFO - There are 1 files in /opt/airflow/dags
[2026-09-15T19:49:05.194+0000] {manager.py:821} INFO - Searching for files in /opt/airflow/dags
[2026-09-15T19:49:05.210+0000] {manager.py:824} INFO - There are 1 files in /opt/airflow/dags
[2026-09-15T19:49:10.246+0000] {manager.py:821} INFO - Searching for files in /opt/airflow/dags
[2026-09-15T19:49:10.271+0000] {manager.py:824} INFO - There are 1 files in /opt/airflow/dags
[2026-09-15T19:49:15.308+0000] {manager.py:821} INFO - Searching for files in /opt/airflow/dags
[2026-09-15T19:49:15.330+0000] {manager.py:824} INFO - There are 1 files in /opt/airflow/dags
[2026-09-15T19:49:15.354+0000] {manager.py:997} INFO - 
================================================================================
DAG File Processing Stats

File Path                          PID    Runtime      # DAGs    # Errors  Last Runtime    Last Run               Last # of DB Queries
---------------------------------  -----  ---------  --------  ----------  --------------  -------------------  ----------------------
/opt/airflow/dags/waseet_daily.py                           1           0  0.11s           2026-09-15T19:48:48                      12
================================================================================
[2026-09-15T19:49:20.408+0000] {manager.py:821} INFO - Searching for files in /opt/airflow/dags
[2026-09-15T19:49:20.439+0000] {manager.py:824} INFO - There are 1 files in /opt/airflow/dags
[2026-09-15T19:49:25.479+0000] {manager.py:821} INFO - Searching for files in /opt/airflow/dags
[2026-09-15T19:49:25.507+0000] {manager.py:824} INFO - There are 1 files in /opt/airflow/dags
[2026-09-15T19:49:30.542+0000] {manager.py:821} INFO - Searching for files in /opt/airflow/dags
[2026-09-15T19:49:30.560+0000] {manager.py:824} INFO - There are 1 files in /opt/airflow/dags
[2026-09-15T19:49:35.597+0000] {manager.py:821} INFO - Searching for files in /opt/airflow/dags
[2026-09-15T19:49:35.626+0000] {manager.py:824} INFO - There are 1 files in /opt/airflow/dags
[2026-09-15T19:49:40.664+0000] {manager.py:821} INFO - Searching for files in /opt/airflow/dags
[2026-09-15T19:49:40.683+0000] {manager.py:824} INFO - There are 1 files in /opt/airflow/dags
[2026-09-15T19:49:45.725+0000] {manager.py:821} INFO - Searching for files in /opt/airflow/dags
[2026-09-15T19:49:45.749+0000] {manager.py:824} INFO - There are 1 files in /opt/airflow/dags
[2026-09-15T19:49:45.757+0000] {manager.py:997} INFO - 
================================================================================
DAG File Processing Stats

File Path                          PID    Runtime      # DAGs    # Errors  Last Runtime    Last Run               Last # of DB Queries
---------------------------------  -----  ---------  --------  ----------  --------------  -------------------  ----------------------
/opt/airflow/dags/waseet_daily.py                           1           0  0.15s           2026-09-15T19:49:18                      12
================================================================================
[2026-09-15T19:49:50.831+0000] {manager.py:821} INFO - Searching for files in /opt/airflow/dags
[2026-09-15T19:49:50.856+0000] {manager.py:824} INFO - There are 1 files in /opt/airflow/dags
[2026-09-15T19:49:55.916+0000] {manager.py:821} INFO - Searching for files in /opt/airflow/dags
[2026-09-15T19:49:55.966+0000] {manager.py:824} INFO - There are 1 files in /opt/airflow/dags
[2026-09-15T19:50:01.017+0000] {manager.py:821} INFO - Searching for files in /opt/airflow/dags
[2026-09-15T19:50:01.051+0000] {manager.py:824} INFO - There are 1 files in /opt/airflow/dags
[2026-09-15T19:50:06.097+0000] {manager.py:821} INFO - Searching for files in /opt/airflow/dags
[2026-09-15T19:50:06.126+0000] {manager.py:824} INFO - There are 1 files in /opt/airflow/dags
[2026-09-15T19:50:11.188+0000] {manager.py:821} INFO - Searching for files in /opt/airflow/dags
[2026-09-15T19:50:11.226+0000] {manager.py:824} INFO - There are 1 files in /opt/airflow/dags
[2026-09-15T19:50:16.256+0000] {manager.py:821} INFO - Searching for files in /opt/airflow/dags
[2026-09-15T19:50:16.276+0000] {manager.py:824} INFO - There are 1 files in /opt/airflow/dags
[2026-09-15T19:50:16.284+0000] {manager.py:997} INFO - 
================================================================================
DAG File Processing Stats

File Path                          PID    Runtime      # DAGs    # Errors  Last Runtime    Last Run               Last # of DB Queries
---------------------------------  -----  ---------  --------  ----------  --------------  -------------------  ----------------------
/opt/airflow/dags/waseet_daily.py                           1           0  0.12s           2026-09-15T19:49:48                      12
================================================================================
[2026-09-15T19:50:21.337+0000] {manager.py:821} INFO - Searching for files in /opt/airflow/dags
[2026-09-15T19:50:21.351+0000] {manager.py:824} INFO - There are 1 files in /opt/airflow/dags
[2026-09-15T19:50:26.396+0000] {manager.py:821} INFO - Searching for files in /opt/airflow/dags
[2026-09-15T19:50:26.414+0000] {manager.py:824} INFO - There are 1 files in /opt/airflow/dags
[2026-09-15T19:50:31.452+0000] {manager.py:821} INFO - Searching for files in /opt/airflow/dags
[2026-09-15T19:50:31.469+0000] {manager.py:824} INFO - There are 1 files in /opt/airflow/dags
[2026-09-15T19:50:36.514+0000] {manager.py:821} INFO - Searching for files in /opt/airflow/dags
[2026-09-15T19:50:36.539+0000] {manager.py:824} INFO - There are 1 files in /opt/airflow/dags
[2026-09-15T19:50:41.579+0000] {manager.py:821} INFO - Searching for files in /opt/airflow/dags
[2026-09-15T19:50:41.608+0000] {manager.py:824} INFO - There are 1 files in /opt/airflow/dags
[2026-09-15T19:50:46.648+0000] {manager.py:821} INFO - Searching for files in /opt/airflow/dags
[2026-09-15T19:50:46.671+0000] {manager.py:824} INFO - There are 1 files in /opt/airflow/dags
[2026-09-15T19:50:46.680+0000] {manager.py:997} INFO - 
================================================================================
DAG File Processing Stats

File Path                          PID    Runtime      # DAGs    # Errors  Last Runtime    Last Run               Last # of DB Queries
---------------------------------  -----  ---------  --------  ----------  --------------  -------------------  ----------------------
/opt/airflow/dags/waseet_daily.py                           1           0  0.14s           2026-09-15T19:50:19                      12
================================================================================
[2026-09-15T19:50:51.750+0000] {manager.py:821} INFO - Searching for files in /opt/airflow/dags
[2026-09-15T19:50:51.793+0000] {manager.py:824} INFO - There are 1 files in /opt/airflow/dags
[2026-09-15T19:50:56.836+0000] {manager.py:821} INFO - Searching for files in /opt/airflow/dags
[2026-09-15T19:50:56.864+0000] {manager.py:824} INFO - There are 1 files in /opt/airflow/dags
[2026-09-15T19:51:01.916+0000] {manager.py:821} INFO - Searching for files in /opt/airflow/dags
[2026-09-15T19:51:01.936+0000] {manager.py:824} INFO - There are 1 files in /opt/airflow/dags
[2026-09-15T19:51:06.975+0000] {manager.py:821} INFO - Searching for files in /opt/airflow/dags
[2026-09-15T19:51:07.005+0000] {manager.py:824} INFO - There are 1 files in /opt/airflow/dags
[2026-09-15T19:51:12.051+0000] {manager.py:821} INFO - Searching for files in /opt/airflow/dags
[2026-09-15T19:51:12.079+0000] {manager.py:824} INFO - There are 1 files in /opt/airflow/dags
[2026-09-15T19:51:17.119+0000] {manager.py:821} INFO - Searching for files in /opt/airflow/dags
[2026-09-15T19:51:17.145+0000] {manager.py:824} INFO - There are 1 files in /opt/airflow/dags
[2026-09-15T19:51:17.156+0000] {manager.py:997} INFO - 
================================================================================
DAG File Processing Stats

File Path                          PID    Runtime      # DAGs    # Errors  Last Runtime    Last Run               Last # of DB Queries
---------------------------------  -----  ---------  --------  ----------  --------------  -------------------  ----------------------
/opt/airflow/dags/waseet_daily.py                           1           0  0.14s           2026-09-15T19:50:49                      12
================================================================================
[2026-09-15T19:51:22.217+0000] {manager.py:821} INFO - Searching for files in /opt/airflow/dags
[2026-09-15T19:51:22.239+0000] {manager.py:824} INFO - There are 1 files in /opt/airflow/dags
[2026-09-15T19:51:27.277+0000] {manager.py:821} INFO - Searching for files in /opt/airflow/dags
[2026-09-15T19:51:27.310+0000] {manager.py:824} INFO - There are 1 files in /opt/airflow/dags
[2026-09-15T19:51:32.351+0000] {manager.py:821} INFO - Searching for files in /opt/airflow/dags
[2026-09-15T19:51:32.372+0000] {manager.py:824} INFO - There are 1 files in /opt/airflow/dags
[2026-09-15T19:51:37.406+0000] {manager.py:821} INFO - Searching for files in /opt/airflow/dags
[2026-09-15T19:51:37.424+0000] {manager.py:824} INFO - There are 1 files in /opt/airflow/dags
[2026-09-15T19:51:42.458+0000] {manager.py:821} INFO - Searching for files in /opt/airflow/dags
[2026-09-15T19:51:42.471+0000] {manager.py:824} INFO - There are 1 files in /opt/airflow/dags
[2026-09-15T19:51:47.507+0000] {manager.py:821} INFO - Searching for files in /opt/airflow/dags
[2026-09-15T19:51:47.522+0000] {manager.py:824} INFO - There are 1 files in /opt/airflow/dags
[2026-09-15T19:51:47.530+0000] {manager.py:997} INFO - 
================================================================================
DAG File Processing Stats

File Path                          PID    Runtime      # DAGs    # Errors  Last Runtime    Last Run               Last # of DB Queries
---------------------------------  -----  ---------  --------  ----------  --------------  -------------------  ----------------------
/opt/airflow/dags/waseet_daily.py                           1           0  0.15s           2026-09-15T19:51:20                      12
================================================================================
[2026-09-15T19:51:52.584+0000] {manager.py:821} INFO - Searching for files in /opt/airflow/dags
[2026-09-15T19:51:52.601+0000] {manager.py:824} INFO - There are 1 files in /opt/airflow/dags
[2026-09-15T19:51:57.644+0000] {manager.py:821} INFO - Searching for files in /opt/airflow/dags
[2026-09-15T19:51:57.663+0000] {manager.py:824} INFO - There are 1 files in /opt/airflow/dags
[2026-09-15T19:52:02.727+0000] {manager.py:821} INFO - Searching for files in /opt/airflow/dags
[2026-09-15T19:52:02.757+0000] {manager.py:824} INFO - There are 1 files in /opt/airflow/dags
[2026-09-15T19:52:07.798+0000] {manager.py:821} INFO - Searching for files in /opt/airflow/dags
[2026-09-15T19:52:07.824+0000] {manager.py:824} INFO - There are 1 files in /opt/airflow/dags
[2026-09-15T19:52:12.861+0000] {manager.py:821} INFO - Searching for files in /opt/airflow/dags
[2026-09-15T19:52:12.888+0000] {manager.py:824} INFO - There are 1 files in /opt/airflow/dags
[2026-09-15T19:52:17.929+0000] {manager.py:821} INFO - Searching for files in /opt/airflow/dags
[2026-09-15T19:52:17.955+0000] {manager.py:824} INFO - There are 1 files in /opt/airflow/dags
[2026-09-15T19:52:17.963+0000] {manager.py:997} INFO - 
================================================================================
DAG File Processing Stats

File Path                          PID    Runtime      # DAGs    # Errors  Last Runtime    Last Run               Last # of DB Queries
---------------------------------  -----  ---------  --------  ----------  --------------  -------------------  ----------------------
/opt/airflow/dags/waseet_daily.py                           1           0  0.13s           2026-09-15T19:51:50                      12
================================================================================
[2026-09-15T19:52:23.020+0000] {manager.py:821} INFO - Searching for files in /opt/airflow/dags
[2026-09-15T19:52:23.047+0000] {manager.py:824} INFO - There are 1 files in /opt/airflow/dags
[2026-09-15T19:52:28.086+0000] {manager.py:821} INFO - Searching for files in /opt/airflow/dags
[2026-09-15T19:52:28.107+0000] {manager.py:824} INFO - There are 1 files in /opt/airflow/dags
[2026-09-15T19:52:33.147+0000] {manager.py:821} INFO - Searching for files in /opt/airflow/dags
[2026-09-15T19:52:33.173+0000] {manager.py:824} INFO - There are 1 files in /opt/airflow/dags
[2026-09-15T19:52:38.215+0000] {manager.py:821} INFO - Searching for files in /opt/airflow/dags
[2026-09-15T19:52:38.248+0000] {manager.py:824} INFO - There are 1 files in /opt/airflow/dags
[2026-09-15T19:52:43.288+0000] {manager.py:821} INFO - Searching for files in /opt/airflow/dags
[2026-09-15T19:52:43.316+0000] {manager.py:824} INFO - There are 1 files in /opt/airflow/dags
[2026-09-15T19:52:48.358+0000] {manager.py:821} INFO - Searching for files in /opt/airflow/dags
[2026-09-15T19:52:48.408+0000] {manager.py:824} INFO - There are 1 files in /opt/airflow/dags
[2026-09-15T19:52:48.418+0000] {manager.py:997} INFO - 
================================================================================
DAG File Processing Stats

File Path                          PID    Runtime      # DAGs    # Errors  Last Runtime    Last Run               Last # of DB Queries
---------------------------------  -----  ---------  --------  ----------  --------------  -------------------  ----------------------
/opt/airflow/dags/waseet_daily.py                           1           0  0.14s           2026-09-15T19:52:21                      12
================================================================================
[2026-09-15T19:52:53.466+0000] {manager.py:821} INFO - Searching for files in /opt/airflow/dags
[2026-09-15T19:52:53.497+0000] {manager.py:824} INFO - There are 1 files in /opt/airflow/dags
[2026-09-15T19:52:58.535+0000] {manager.py:821} INFO - Searching for files in /opt/airflow/dags
[2026-09-15T19:52:58.550+0000] {manager.py:824} INFO - There are 1 files in /opt/airflow/dags
[2026-09-15T19:53:03.586+0000] {manager.py:821} INFO - Searching for files in /opt/airflow/dags
[2026-09-15T19:53:03.619+0000] {manager.py:824} INFO - There are 1 files in /opt/airflow/dags
[2026-09-15T19:53:08.656+0000] {manager.py:821} INFO - Searching for files in /opt/airflow/dags
[2026-09-15T19:53:08.675+0000] {manager.py:824} INFO - There are 1 files in /opt/airflow/dags
[2026-09-15T19:53:13.713+0000] {manager.py:821} INFO - Searching for files in /opt/airflow/dags
[2026-09-15T19:53:13.733+0000] {manager.py:824} INFO - There are 1 files in /opt/airflow/dags
[2026-09-15T19:53:18.769+0000] {manager.py:821} INFO - Searching for files in /opt/airflow/dags
[2026-09-15T19:53:18.783+0000] {manager.py:824} INFO - There are 1 files in /opt/airflow/dags
[2026-09-15T19:53:18.791+0000] {manager.py:997} INFO - 
================================================================================
DAG File Processing Stats

File Path                          PID    Runtime      # DAGs    # Errors  Last Runtime    Last Run               Last # of DB Queries
---------------------------------  -----  ---------  --------  ----------  --------------  -------------------  ----------------------
/opt/airflow/dags/waseet_daily.py                           1           0  0.11s           2026-09-15T19:52:51                      12
================================================================================
[2026-09-15T19:53:23.845+0000] {manager.py:821} INFO - Searching for files in /opt/airflow/dags
[2026-09-15T19:53:23.862+0000] {manager.py:824} INFO - There are 1 files in /opt/airflow/dags
[2026-09-15T19:53:28.903+0000] {manager.py:821} INFO - Searching for files in /opt/airflow/dags
[2026-09-15T19:53:28.924+0000] {manager.py:824} INFO - There are 1 files in /opt/airflow/dags
[2026-09-15T19:53:33.967+0000] {manager.py:821} INFO - Searching for files in /opt/airflow/dags
[2026-09-15T19:53:34.002+0000] {manager.py:824} INFO - There are 1 files in /opt/airflow/dags
[2026-09-15T19:53:39.045+0000] {manager.py:821} INFO - Searching for files in /opt/airflow/dags
[2026-09-15T19:53:39.066+0000] {manager.py:824} INFO - There are 1 files in /opt/airflow/dags
[2026-09-15T19:53:44.111+0000] {manager.py:821} INFO - Searching for files in /opt/airflow/dags
[2026-09-15T19:53:44.132+0000] {manager.py:824} INFO - There are 1 files in /opt/airflow/dags
[2026-09-15T19:53:49.175+0000] {manager.py:821} INFO - Searching for files in /opt/airflow/dags
[2026-09-15T19:53:49.189+0000] {manager.py:824} INFO - There are 1 files in /opt/airflow/dags
[2026-09-15T19:53:49.199+0000] {manager.py:997} INFO - 
================================================================================
DAG File Processing Stats

File Path                          PID    Runtime      # DAGs    # Errors  Last Runtime    Last Run               Last # of DB Queries
---------------------------------  -----  ---------  --------  ----------  --------------  -------------------  ----------------------
/opt/airflow/dags/waseet_daily.py                           1           0  0.11s           2026-09-15T19:53:21                      12
================================================================================
[2026-09-15T19:53:54.250+0000] {manager.py:821} INFO - Searching for files in /opt/airflow/dags
[2026-09-15T19:53:54.269+0000] {manager.py:824} INFO - There are 1 files in /opt/airflow/dags
[2026-09-15T19:53:59.308+0000] {manager.py:821} INFO - Searching for files in /opt/airflow/dags
[2026-09-15T19:53:59.326+0000] {manager.py:824} INFO - There are 1 files in /opt/airflow/dags
[2026-09-15T19:54:04.359+0000] {manager.py:821} INFO - Searching for files in /opt/airflow/dags
[2026-09-15T19:54:04.385+0000] {manager.py:824} INFO - There are 1 files in /opt/airflow/dags
[2026-09-15T19:54:09.420+0000] {manager.py:821} INFO - Searching for files in /opt/airflow/dags
[2026-09-15T19:54:09.449+0000] {manager.py:824} INFO - There are 1 files in /opt/airflow/dags
[2026-09-15T19:54:14.496+0000] {manager.py:821} INFO - Searching for files in /opt/airflow/dags
[2026-09-15T19:54:14.513+0000] {manager.py:824} INFO - There are 1 files in /opt/airflow/dags
[2026-09-15T19:54:19.550+0000] {manager.py:821} INFO - Searching for files in /opt/airflow/dags
[2026-09-15T19:54:19.575+0000] {manager.py:824} INFO - There are 1 files in /opt/airflow/dags
[2026-09-15T19:54:19.584+0000] {manager.py:997} INFO - 
================================================================================
DAG File Processing Stats

File Path                          PID    Runtime      # DAGs    # Errors  Last Runtime    Last Run               Last # of DB Queries
---------------------------------  -----  ---------  --------  ----------  --------------  -------------------  ----------------------
/opt/airflow/dags/waseet_daily.py                           1           0  0.14s           2026-09-15T19:53:52                      12
================================================================================
[2026-09-15T19:54:24.653+0000] {manager.py:821} INFO - Searching for files in /opt/airflow/dags
[2026-09-15T19:54:24.671+0000] {manager.py:824} INFO - There are 1 files in /opt/airflow/dags
[2026-09-15T19:54:29.721+0000] {manager.py:821} INFO - Searching for files in /opt/airflow/dags
[2026-09-15T19:54:29.765+0000] {manager.py:824} INFO - There are 1 files in /opt/airflow/dags
[2026-09-15T19:54:34.807+0000] {manager.py:821} INFO - Searching for files in /opt/airflow/dags
[2026-09-15T19:54:34.847+0000] {manager.py:824} INFO - There are 1 files in /opt/airflow/dags
[2026-09-15T19:54:39.879+0000] {manager.py:821} INFO - Searching for files in /opt/airflow/dags
[2026-09-15T19:54:39.897+0000] {manager.py:824} INFO - There are 1 files in /opt/airflow/dags
[2026-09-15T19:54:44.935+0000] {manager.py:821} INFO - Searching for files in /opt/airflow/dags
[2026-09-15T19:54:44.955+0000] {manager.py:824} INFO - There are 1 files in /opt/airflow/dags
[2026-09-15T19:54:50.012+0000] {manager.py:821} INFO - Searching for files in /opt/airflow/dags
[2026-09-15T19:54:50.048+0000] {manager.py:824} INFO - There are 1 files in /opt/airflow/dags
[2026-09-15T19:54:50.056+0000] {manager.py:997} INFO - 
================================================================================
DAG File Processing Stats

File Path                          PID    Runtime      # DAGs    # Errors  Last Runtime    Last Run               Last # of DB Queries
---------------------------------  -----  ---------  --------  ----------  --------------  -------------------  ----------------------
/opt/airflow/dags/waseet_daily.py                           1           0  0.15s           2026-09-15T19:54:22                      12
================================================================================
[2026-09-15T19:54:55.115+0000] {manager.py:821} INFO - Searching for files in /opt/airflow/dags
[2026-09-15T19:54:55.131+0000] {manager.py:824} INFO - There are 1 files in /opt/airflow/dags
[2026-09-15T19:55:00.170+0000] {manager.py:821} INFO - Searching for files in /opt/airflow/dags
[2026-09-15T19:55:00.187+0000] {manager.py:824} INFO - There are 1 files in /opt/airflow/dags
[2026-09-15T19:55:05.236+0000] {manager.py:821} INFO - Searching for files in /opt/airflow/dags
[2026-09-15T19:55:05.250+0000] {manager.py:824} INFO - There are 1 files in /opt/airflow/dags
[2026-09-15T19:55:10.298+0000] {manager.py:821} INFO - Searching for files in /opt/airflow/dags
[2026-09-15T19:55:10.336+0000] {manager.py:824} INFO - There are 1 files in /opt/airflow/dags
[2026-09-15T19:55:15.375+0000] {manager.py:821} INFO - Searching for files in /opt/airflow/dags
[2026-09-15T19:55:15.390+0000] {manager.py:824} INFO - There are 1 files in /opt/airflow/dags
[2026-09-15T19:55:20.440+0000] {manager.py:821} INFO - Searching for files in /opt/airflow/dags
[2026-09-15T19:55:20.473+0000] {manager.py:824} INFO - There are 1 files in /opt/airflow/dags
[2026-09-15T19:55:20.480+0000] {manager.py:997} INFO - 
================================================================================
DAG File Processing Stats

File Path                          PID    Runtime      # DAGs    # Errors  Last Runtime    Last Run               Last # of DB Queries
---------------------------------  -----  ---------  --------  ----------  --------------  -------------------  ----------------------
/opt/airflow/dags/waseet_daily.py                           1           0  0.14s           2026-09-15T19:54:53                      12
================================================================================
[2026-09-15T19:55:25.547+0000] {manager.py:821} INFO - Searching for files in /opt/airflow/dags
[2026-09-15T19:55:25.581+0000] {manager.py:824} INFO - There are 1 files in /opt/airflow/dags
[2026-09-15T19:55:30.625+0000] {manager.py:821} INFO - Searching for files in /opt/airflow/dags
[2026-09-15T19:55:30.652+0000] {manager.py:824} INFO - There are 1 files in /opt/airflow/dags
[2026-09-15T19:55:35.706+0000] {manager.py:821} INFO - Searching for files in /opt/airflow/dags
[2026-09-15T19:55:35.743+0000] {manager.py:824} INFO - There are 1 files in /opt/airflow/dags
[2026-09-15T19:55:40.786+0000] {manager.py:821} INFO - Searching for files in /opt/airflow/dags
[2026-09-15T19:55:40.824+0000] {manager.py:824} INFO - There are 1 files in /opt/airflow/dags
[2026-09-15T19:55:45.876+0000] {manager.py:821} INFO - Searching for files in /opt/airflow/dags
[2026-09-15T19:55:45.921+0000] {manager.py:824} INFO - There are 1 files in /opt/airflow/dags
[2026-09-15T19:55:50.982+0000] {manager.py:821} INFO - Searching for files in /opt/airflow/dags
[2026-09-15T19:55:51.020+0000] {manager.py:824} INFO - There are 1 files in /opt/airflow/dags
[2026-09-15T19:55:51.029+0000] {manager.py:997} INFO - 
================================================================================
DAG File Processing Stats

File Path                          PID    Runtime      # DAGs    # Errors  Last Runtime    Last Run               Last # of DB Queries
---------------------------------  -----  ---------  --------  ----------  --------------  -------------------  ----------------------
/opt/airflow/dags/waseet_daily.py                           1           0  0.11s           2026-09-15T19:55:23                      12
================================================================================
[2026-09-15T19:55:56.093+0000] {manager.py:821} INFO - Searching for files in /opt/airflow/dags
[2026-09-15T19:55:56.118+0000] {manager.py:824} INFO - There are 1 files in /opt/airflow/dags
[2026-09-15T19:56:01.170+0000] {manager.py:821} INFO - Searching for files in /opt/airflow/dags
[2026-09-15T19:56:01.189+0000] {manager.py:824} INFO - There are 1 files in /opt/airflow/dags
[2026-09-15T19:56:06.251+0000] {manager.py:821} INFO - Searching for files in /opt/airflow/dags
[2026-09-15T19:56:06.266+0000] {manager.py:824} INFO - There are 1 files in /opt/airflow/dags
[2026-09-15T19:56:11.328+0000] {manager.py:821} INFO - Searching for files in /opt/airflow/dags
[2026-09-15T19:56:11.349+0000] {manager.py:824} INFO - There are 1 files in /opt/airflow/dags
[2026-09-15T19:56:16.406+0000] {manager.py:821} INFO - Searching for files in /opt/airflow/dags
[2026-09-15T19:56:16.434+0000] {manager.py:824} INFO - There are 1 files in /opt/airflow/dags
[2026-09-15T19:56:21.482+0000] {manager.py:821} INFO - Searching for files in /opt/airflow/dags
[2026-09-15T19:56:21.502+0000] {manager.py:824} INFO - There are 1 files in /opt/airflow/dags
[2026-09-15T19:56:21.511+0000] {manager.py:997} INFO - 
================================================================================
DAG File Processing Stats

File Path                          PID    Runtime      # DAGs    # Errors  Last Runtime    Last Run               Last # of DB Queries
---------------------------------  -----  ---------  --------  ----------  --------------  -------------------  ----------------------
/opt/airflow/dags/waseet_daily.py                           1           0  0.12s           2026-09-15T19:55:54                      12
================================================================================
[2026-09-15T19:56:26.573+0000] {manager.py:821} INFO - Searching for files in /opt/airflow/dags
[2026-09-15T19:56:26.602+0000] {manager.py:824} INFO - There are 1 files in /opt/airflow/dags
[2026-09-15T19:56:31.646+0000] {manager.py:821} INFO - Searching for files in /opt/airflow/dags
[2026-09-15T19:56:31.694+0000] {manager.py:824} INFO - There are 1 files in /opt/airflow/dags
[2026-09-15T19:56:36.731+0000] {manager.py:821} INFO - Searching for files in /opt/airflow/dags
[2026-09-15T19:56:36.765+0000] {manager.py:824} INFO - There are 1 files in /opt/airflow/dags
[2026-09-15T19:56:41.798+0000] {manager.py:821} INFO - Searching for files in /opt/airflow/dags
[2026-09-15T19:56:41.833+0000] {manager.py:824} INFO - There are 1 files in /opt/airflow/dags
[2026-09-15T19:56:46.870+0000] {manager.py:821} INFO - Searching for files in /opt/airflow/dags
[2026-09-15T19:56:46.907+0000] {manager.py:824} INFO - There are 1 files in /opt/airflow/dags
[2026-09-15T19:56:51.949+0000] {manager.py:821} INFO - Searching for files in /opt/airflow/dags
[2026-09-15T19:56:51.985+0000] {manager.py:824} INFO - There are 1 files in /opt/airflow/dags
[2026-09-15T19:56:52.004+0000] {manager.py:997} INFO - 
================================================================================
DAG File Processing Stats

File Path                          PID    Runtime      # DAGs    # Errors  Last Runtime    Last Run               Last # of DB Queries
---------------------------------  -----  ---------  --------  ----------  --------------  -------------------  ----------------------
/opt/airflow/dags/waseet_daily.py                           1           0  0.15s           2026-09-15T19:56:24                      12
================================================================================
[2026-09-15T19:56:57.058+0000] {manager.py:821} INFO - Searching for files in /opt/airflow/dags
[2026-09-15T19:56:57.088+0000] {manager.py:824} INFO - There are 1 files in /opt/airflow/dags
[2026-09-15T19:57:02.126+0000] {manager.py:821} INFO - Searching for files in /opt/airflow/dags
[2026-09-15T19:57:02.168+0000] {manager.py:824} INFO - There are 1 files in /opt/airflow/dags
[2026-09-15T19:57:07.211+0000] {manager.py:821} INFO - Searching for files in /opt/airflow/dags
[2026-09-15T19:57:07.248+0000] {manager.py:824} INFO - There are 1 files in /opt/airflow/dags
[2026-09-15T19:57:12.288+0000] {manager.py:821} INFO - Searching for files in /opt/airflow/dags
[2026-09-15T19:57:12.309+0000] {manager.py:824} INFO - There are 1 files in /opt/airflow/dags
[2026-09-15T19:57:17.344+0000] {manager.py:821} INFO - Searching for files in /opt/airflow/dags
[2026-09-15T19:57:17.363+0000] {manager.py:824} INFO - There are 1 files in /opt/airflow/dags
[2026-09-15T19:57:22.403+0000] {manager.py:821} INFO - Searching for files in /opt/airflow/dags
[2026-09-15T19:57:22.422+0000] {manager.py:824} INFO - There are 1 files in /opt/airflow/dags
[2026-09-15T19:57:22.431+0000] {manager.py:997} INFO - 
================================================================================
DAG File Processing Stats

File Path                          PID    Runtime      # DAGs    # Errors  Last Runtime    Last Run               Last # of DB Queries
---------------------------------  -----  ---------  --------  ----------  --------------  -------------------  ----------------------
/opt/airflow/dags/waseet_daily.py                           1           0  0.15s           2026-09-15T19:56:55                      12
================================================================================
[2026-09-15T19:57:27.483+0000] {manager.py:821} INFO - Searching for files in /opt/airflow/dags
[2026-09-15T19:57:27.508+0000] {manager.py:824} INFO - There are 1 files in /opt/airflow/dags
[2026-09-15T19:57:32.548+0000] {manager.py:821} INFO - Searching for files in /opt/airflow/dags
[2026-09-15T19:57:32.596+0000] {manager.py:824} INFO - There are 1 files in /opt/airflow/dags
[2026-09-15T19:57:37.634+0000] {manager.py:821} INFO - Searching for files in /opt/airflow/dags
[2026-09-15T19:57:37.659+0000] {manager.py:824} INFO - There are 1 files in /opt/airflow/dags
[2026-09-15T19:57:42.702+0000] {manager.py:821} INFO - Searching for files in /opt/airflow/dags
[2026-09-15T19:57:42.725+0000] {manager.py:824} INFO - There are 1 files in /opt/airflow/dags
[2026-09-15T19:57:47.763+0000] {manager.py:821} INFO - Searching for files in /opt/airflow/dags
[2026-09-15T19:57:47.788+0000] {manager.py:824} INFO - There are 1 files in /opt/airflow/dags
[2026-09-15T19:57:52.831+0000] {manager.py:821} INFO - Searching for files in /opt/airflow/dags
[2026-09-15T19:57:52.855+0000] {manager.py:824} INFO - There are 1 files in /opt/airflow/dags
[2026-09-15T19:57:52.864+0000] {manager.py:997} INFO - 
================================================================================
DAG File Processing Stats

File Path                          PID    Runtime      # DAGs    # Errors  Last Runtime    Last Run               Last # of DB Queries
---------------------------------  -----  ---------  --------  ----------  --------------  -------------------  ----------------------
/opt/airflow/dags/waseet_daily.py                           1           0  0.13s           2026-09-15T19:57:25                      12
================================================================================
[2026-09-15T19:57:57.924+0000] {manager.py:821} INFO - Searching for files in /opt/airflow/dags
[2026-09-15T19:57:57.949+0000] {manager.py:824} INFO - There are 1 files in /opt/airflow/dags
[2026-09-15T19:58:02.993+0000] {manager.py:821} INFO - Searching for files in /opt/airflow/dags
[2026-09-15T19:58:03.010+0000] {manager.py:824} INFO - There are 1 files in /opt/airflow/dags
[2026-09-15T19:58:08.050+0000] {manager.py:821} INFO - Searching for files in /opt/airflow/dags
[2026-09-15T19:58:08.069+0000] {manager.py:824} INFO - There are 1 files in /opt/airflow/dags
[2026-09-15T19:58:13.104+0000] {manager.py:821} INFO - Searching for files in /opt/airflow/dags
[2026-09-15T19:58:13.131+0000] {manager.py:824} INFO - There are 1 files in /opt/airflow/dags
[2026-09-15T19:58:18.171+0000] {manager.py:821} INFO - Searching for files in /opt/airflow/dags
[2026-09-15T19:58:18.206+0000] {manager.py:824} INFO - There are 1 files in /opt/airflow/dags
[2026-09-15T19:58:23.248+0000] {manager.py:821} INFO - Searching for files in /opt/airflow/dags
[2026-09-15T19:58:23.262+0000] {manager.py:824} INFO - There are 1 files in /opt/airflow/dags
[2026-09-15T19:58:23.271+0000] {manager.py:997} INFO - 
================================================================================
DAG File Processing Stats

File Path                          PID    Runtime      # DAGs    # Errors  Last Runtime    Last Run               Last # of DB Queries
---------------------------------  -----  ---------  --------  ----------  --------------  -------------------  ----------------------
/opt/airflow/dags/waseet_daily.py                           1           0  0.13s           2026-09-15T19:57:56                      12
================================================================================
[2026-09-15T19:58:28.319+0000] {manager.py:821} INFO - Searching for files in /opt/airflow/dags
[2026-09-15T19:58:28.350+0000] {manager.py:824} INFO - There are 1 files in /opt/airflow/dags
[2026-09-15T19:58:33.394+0000] {manager.py:821} INFO - Searching for files in /opt/airflow/dags
[2026-09-15T19:58:33.411+0000] {manager.py:824} INFO - There are 1 files in /opt/airflow/dags
[2026-09-15T19:58:38.463+0000] {manager.py:821} INFO - Searching for files in /opt/airflow/dags
[2026-09-15T19:58:38.494+0000] {manager.py:824} INFO - There are 1 files in /opt/airflow/dags
[2026-09-15T19:58:43.537+0000] {manager.py:821} INFO - Searching for files in /opt/airflow/dags
[2026-09-15T19:58:43.577+0000] {manager.py:824} INFO - There are 1 files in /opt/airflow/dags
[2026-09-15T19:58:48.622+0000] {manager.py:821} INFO - Searching for files in /opt/airflow/dags
[2026-09-15T19:58:48.654+0000] {manager.py:824} INFO - There are 1 files in /opt/airflow/dags
[2026-09-15T19:58:53.693+0000] {manager.py:821} INFO - Searching for files in /opt/airflow/dags
[2026-09-15T19:58:53.720+0000] {manager.py:824} INFO - There are 1 files in /opt/airflow/dags
[2026-09-15T19:58:53.730+0000] {manager.py:997} INFO - 
================================================================================
DAG File Processing Stats

File Path                          PID    Runtime      # DAGs    # Errors  Last Runtime    Last Run               Last # of DB Queries
---------------------------------  -----  ---------  --------  ----------  --------------  -------------------  ----------------------
/opt/airflow/dags/waseet_daily.py                           1           0  0.14s           2026-09-15T19:58:26                      12
================================================================================
[2026-09-15T19:58:58.778+0000] {manager.py:821} INFO - Searching for files in /opt/airflow/dags
[2026-09-15T19:58:58.793+0000] {manager.py:824} INFO - There are 1 files in /opt/airflow/dags
[2026-09-15T19:59:03.832+0000] {manager.py:821} INFO - Searching for files in /opt/airflow/dags
[2026-09-15T19:59:03.855+0000] {manager.py:824} INFO - There are 1 files in /opt/airflow/dags
[2026-09-15T19:59:08.892+0000] {manager.py:821} INFO - Searching for files in /opt/airflow/dags
[2026-09-15T19:59:08.908+0000] {manager.py:824} INFO - There are 1 files in /opt/airflow/dags
[2026-09-15T19:59:13.947+0000] {manager.py:821} INFO - Searching for files in /opt/airflow/dags
[2026-09-15T19:59:13.977+0000] {manager.py:824} INFO - There are 1 files in /opt/airflow/dags
[2026-09-15T19:59:19.011+0000] {manager.py:821} INFO - Searching for files in /opt/airflow/dags
[2026-09-15T19:59:19.024+0000] {manager.py:824} INFO - There are 1 files in /opt/airflow/dags
[2026-09-15T19:59:24.060+0000] {manager.py:821} INFO - Searching for files in /opt/airflow/dags
[2026-09-15T19:59:24.075+0000] {manager.py:824} INFO - There are 1 files in /opt/airflow/dags
[2026-09-15T19:59:24.085+0000] {manager.py:997} INFO - 
================================================================================
DAG File Processing Stats

File Path                          PID    Runtime      # DAGs    # Errors  Last Runtime    Last Run               Last # of DB Queries
---------------------------------  -----  ---------  --------  ----------  --------------  -------------------  ----------------------
/opt/airflow/dags/waseet_daily.py                           1           0  0.12s           2026-09-15T19:58:56                      12
================================================================================
[2026-09-15T19:59:29.132+0000] {manager.py:821} INFO - Searching for files in /opt/airflow/dags
[2026-09-15T19:59:29.148+0000] {manager.py:824} INFO - There are 1 files in /opt/airflow/dags
[2026-09-15T19:59:34.183+0000] {manager.py:821} INFO - Searching for files in /opt/airflow/dags
[2026-09-15T19:59:34.201+0000] {manager.py:824} INFO - There are 1 files in /opt/airflow/dags
[2026-09-15T19:59:39.241+0000] {manager.py:821} INFO - Searching for files in /opt/airflow/dags
[2026-09-15T19:59:39.275+0000] {manager.py:824} INFO - There are 1 files in /opt/airflow/dags
[2026-09-15T19:59:44.316+0000] {manager.py:821} INFO - Searching for files in /opt/airflow/dags
[2026-09-15T19:59:44.334+0000] {manager.py:824} INFO - There are 1 files in /opt/airflow/dags
[2026-09-15T19:59:49.382+0000] {manager.py:821} INFO - Searching for files in /opt/airflow/dags
[2026-09-15T19:59:49.425+0000] {manager.py:824} INFO - There are 1 files in /opt/airflow/dags
[2026-09-15T19:59:54.487+0000] {manager.py:821} INFO - Searching for files in /opt/airflow/dags
[2026-09-15T19:59:54.516+0000] {manager.py:824} INFO - There are 1 files in /opt/airflow/dags
[2026-09-15T19:59:54.523+0000] {manager.py:997} INFO - 
================================================================================
DAG File Processing Stats

File Path                          PID    Runtime      # DAGs    # Errors  Last Runtime    Last Run               Last # of DB Queries
---------------------------------  -----  ---------  --------  ----------  --------------  -------------------  ----------------------
/opt/airflow/dags/waseet_daily.py                           1           0  0.12s           2026-09-15T19:59:27                      12
================================================================================
[2026-09-15T19:59:59.573+0000] {manager.py:821} INFO - Searching for files in /opt/airflow/dags
[2026-09-15T19:59:59.598+0000] {manager.py:824} INFO - There are 1 files in /opt/airflow/dags
[2026-09-15T20:00:04.635+0000] {manager.py:821} INFO - Searching for files in /opt/airflow/dags
[2026-09-15T20:00:04.653+0000] {manager.py:824} INFO - There are 1 files in /opt/airflow/dags
[2026-09-15T20:00:09.684+0000] {manager.py:821} INFO - Searching for files in /opt/airflow/dags
[2026-09-15T20:00:09.709+0000] {manager.py:824} INFO - There are 1 files in /opt/airflow/dags
[2026-09-15T20:00:14.748+0000] {manager.py:821} INFO - Searching for files in /opt/airflow/dags
[2026-09-15T20:00:14.769+0000] {manager.py:824} INFO - There are 1 files in /opt/airflow/dags
[2026-09-15T20:00:19.802+0000] {manager.py:821} INFO - Searching for files in /opt/airflow/dags
[2026-09-15T20:00:19.824+0000] {manager.py:824} INFO - There are 1 files in /opt/airflow/dags
[2026-09-15T20:00:24.869+0000] {manager.py:821} INFO - Searching for files in /opt/airflow/dags
[2026-09-15T20:00:24.886+0000] {manager.py:824} INFO - There are 1 files in /opt/airflow/dags
[2026-09-15T20:00:24.897+0000] {manager.py:997} INFO - 
================================================================================
DAG File Processing Stats

File Path                          PID    Runtime      # DAGs    # Errors  Last Runtime    Last Run               Last # of DB Queries
---------------------------------  -----  ---------  --------  ----------  --------------  -------------------  ----------------------
/opt/airflow/dags/waseet_daily.py                           1           0  0.12s           2026-09-15T19:59:57                      12
================================================================================
[2026-09-15T20:00:29.954+0000] {manager.py:821} INFO - Searching for files in /opt/airflow/dags
[2026-09-15T20:00:29.981+0000] {manager.py:824} INFO - There are 1 files in /opt/airflow/dags
[2026-09-15T20:00:35.016+0000] {manager.py:821} INFO - Searching for files in /opt/airflow/dags
[2026-09-15T20:00:35.044+0000] {manager.py:824} INFO - There are 1 files in /opt/airflow/dags
[2026-09-15T20:00:40.079+0000] {manager.py:821} INFO - Searching for files in /opt/airflow/dags
[2026-09-15T20:00:40.093+0000] {manager.py:824} INFO - There are 1 files in /opt/airflow/dags
[2026-09-15T20:00:45.129+0000] {manager.py:821} INFO - Searching for files in /opt/airflow/dags
[2026-09-15T20:00:45.155+0000] {manager.py:824} INFO - There are 1 files in /opt/airflow/dags
[2026-09-15T20:00:50.193+0000] {manager.py:821} INFO - Searching for files in /opt/airflow/dags
[2026-09-15T20:00:50.207+0000] {manager.py:824} INFO - There are 1 files in /opt/airflow/dags
[2026-09-15T20:00:55.258+0000] {manager.py:821} INFO - Searching for files in /opt/airflow/dags
[2026-09-15T20:00:55.276+0000] {manager.py:824} INFO - There are 1 files in /opt/airflow/dags
[2026-09-15T20:00:55.285+0000] {manager.py:997} INFO - 
================================================================================
DAG File Processing Stats

File Path                          PID    Runtime      # DAGs    # Errors  Last Runtime    Last Run               Last # of DB Queries
---------------------------------  -----  ---------  --------  ----------  --------------  -------------------  ----------------------
/opt/airflow/dags/waseet_daily.py                           1           0  0.15s           2026-09-15T20:00:28                      12
================================================================================
[2026-09-15T20:01:00.335+0000] {manager.py:821} INFO - Searching for files in /opt/airflow/dags
[2026-09-15T20:01:00.358+0000] {manager.py:824} INFO - There are 1 files in /opt/airflow/dags
[2026-09-15T20:01:05.393+0000] {manager.py:821} INFO - Searching for files in /opt/airflow/dags
[2026-09-15T20:01:05.428+0000] {manager.py:824} INFO - There are 1 files in /opt/airflow/dags
[2026-09-15T20:01:10.467+0000] {manager.py:821} INFO - Searching for files in /opt/airflow/dags
[2026-09-15T20:01:10.480+0000] {manager.py:824} INFO - There are 1 files in /opt/airflow/dags
[2026-09-15T20:01:15.514+0000] {manager.py:821} INFO - Searching for files in /opt/airflow/dags
[2026-09-15T20:01:15.543+0000] {manager.py:824} INFO - There are 1 files in /opt/airflow/dags
[2026-09-15T20:01:20.590+0000] {manager.py:821} INFO - Searching for files in /opt/airflow/dags
[2026-09-15T20:01:20.628+0000] {manager.py:824} INFO - There are 1 files in /opt/airflow/dags
[2026-09-15T20:01:25.662+0000] {manager.py:821} INFO - Searching for files in /opt/airflow/dags
[2026-09-15T20:01:25.686+0000] {manager.py:824} INFO - There are 1 files in /opt/airflow/dags
[2026-09-15T20:01:25.694+0000] {manager.py:997} INFO - 
================================================================================
DAG File Processing Stats

File Path                          PID    Runtime      # DAGs    # Errors  Last Runtime    Last Run               Last # of DB Queries
---------------------------------  -----  ---------  --------  ----------  --------------  -------------------  ----------------------
/opt/airflow/dags/waseet_daily.py                           1           0  0.13s           2026-09-15T20:00:58                      12
================================================================================
[2026-09-15T20:01:30.743+0000] {manager.py:821} INFO - Searching for files in /opt/airflow/dags
[2026-09-15T20:01:30.775+0000] {manager.py:824} INFO - There are 1 files in /opt/airflow/dags
[2026-09-15T20:01:35.815+0000] {manager.py:821} INFO - Searching for files in /opt/airflow/dags
[2026-09-15T20:01:35.853+0000] {manager.py:824} INFO - There are 1 files in /opt/airflow/dags
[2026-09-15T20:01:40.897+0000] {manager.py:821} INFO - Searching for files in /opt/airflow/dags
[2026-09-15T20:01:40.922+0000] {manager.py:824} INFO - There are 1 files in /opt/airflow/dags
[2026-09-15T20:01:45.960+0000] {manager.py:821} INFO - Searching for files in /opt/airflow/dags
[2026-09-15T20:01:45.996+0000] {manager.py:824} INFO - There are 1 files in /opt/airflow/dags
[2026-09-15T20:01:51.039+0000] {manager.py:821} INFO - Searching for files in /opt/airflow/dags
[2026-09-15T20:01:51.053+0000] {manager.py:824} INFO - There are 1 files in /opt/airflow/dags
[2026-09-15T20:01:56.090+0000] {manager.py:821} INFO - Searching for files in /opt/airflow/dags
[2026-09-15T20:01:56.110+0000] {manager.py:824} INFO - There are 1 files in /opt/airflow/dags
[2026-09-15T20:01:56.122+0000] {manager.py:997} INFO - 
================================================================================
DAG File Processing Stats

File Path                          PID    Runtime      # DAGs    # Errors  Last Runtime    Last Run               Last # of DB Queries
---------------------------------  -----  ---------  --------  ----------  --------------  -------------------  ----------------------
/opt/airflow/dags/waseet_daily.py                           1           0  0.11s           2026-09-15T20:01:28                      12
================================================================================
[2026-09-15T20:02:01.169+0000] {manager.py:821} INFO - Searching for files in /opt/airflow/dags
[2026-09-15T20:02:01.188+0000] {manager.py:824} INFO - There are 1 files in /opt/airflow/dags
[2026-09-15T20:02:06.228+0000] {manager.py:821} INFO - Searching for files in /opt/airflow/dags
[2026-09-15T20:02:06.261+0000] {manager.py:824} INFO - There are 1 files in /opt/airflow/dags
[2026-09-15T20:02:11.298+0000] {manager.py:821} INFO - Searching for files in /opt/airflow/dags
[2026-09-15T20:02:11.317+0000] {manager.py:824} INFO - There are 1 files in /opt/airflow/dags
[2026-09-15T20:02:16.358+0000] {manager.py:821} INFO - Searching for files in /opt/airflow/dags
[2026-09-15T20:02:16.384+0000] {manager.py:824} INFO - There are 1 files in /opt/airflow/dags
[2026-09-15T20:02:21.425+0000] {manager.py:821} INFO - Searching for files in /opt/airflow/dags
[2026-09-15T20:02:21.442+0000] {manager.py:824} INFO - There are 1 files in /opt/airflow/dags
[2026-09-15T20:02:26.476+0000] {manager.py:821} INFO - Searching for files in /opt/airflow/dags
[2026-09-15T20:02:26.496+0000] {manager.py:824} INFO - There are 1 files in /opt/airflow/dags
[2026-09-15T20:02:26.505+0000] {manager.py:997} INFO - 
================================================================================
DAG File Processing Stats

File Path                          PID    Runtime      # DAGs    # Errors  Last Runtime    Last Run               Last # of DB Queries
---------------------------------  -----  ---------  --------  ----------  --------------  -------------------  ----------------------
/opt/airflow/dags/waseet_daily.py                           1           0  0.13s           2026-09-15T20:01:59                      12
================================================================================
[2026-09-15T20:02:31.551+0000] {manager.py:821} INFO - Searching for files in /opt/airflow/dags
[2026-09-15T20:02:31.585+0000] {manager.py:824} INFO - There are 1 files in /opt/airflow/dags
[2026-09-15T20:02:36.623+0000] {manager.py:821} INFO - Searching for files in /opt/airflow/dags
[2026-09-15T20:02:36.650+0000] {manager.py:824} INFO - There are 1 files in /opt/airflow/dags
[2026-09-15T20:02:41.692+0000] {manager.py:821} INFO - Searching for files in /opt/airflow/dags
[2026-09-15T20:02:41.723+0000] {manager.py:824} INFO - There are 1 files in /opt/airflow/dags
[2026-09-15T20:02:46.767+0000] {manager.py:821} INFO - Searching for files in /opt/airflow/dags
[2026-09-15T20:02:46.792+0000] {manager.py:824} INFO - There are 1 files in /opt/airflow/dags
[2026-09-15T20:02:51.832+0000] {manager.py:821} INFO - Searching for files in /opt/airflow/dags
[2026-09-15T20:02:51.858+0000] {manager.py:824} INFO - There are 1 files in /opt/airflow/dags
[2026-09-15T20:02:56.900+0000] {manager.py:821} INFO - Searching for files in /opt/airflow/dags
[2026-09-15T20:02:56.921+0000] {manager.py:824} INFO - There are 1 files in /opt/airflow/dags
[2026-09-15T20:02:56.930+0000] {manager.py:997} INFO - 
================================================================================
DAG File Processing Stats

File Path                          PID    Runtime      # DAGs    # Errors  Last Runtime    Last Run               Last # of DB Queries
---------------------------------  -----  ---------  --------  ----------  --------------  -------------------  ----------------------
/opt/airflow/dags/waseet_daily.py                           1           0  0.13s           2026-09-15T20:02:29                      12
================================================================================
[2026-09-15T20:03:01.983+0000] {manager.py:821} INFO - Searching for files in /opt/airflow/dags
[2026-09-15T20:03:02.003+0000] {manager.py:824} INFO - There are 1 files in /opt/airflow/dags
[2026-09-15T20:03:07.043+0000] {manager.py:821} INFO - Searching for files in /opt/airflow/dags
[2026-09-15T20:03:07.075+0000] {manager.py:824} INFO - There are 1 files in /opt/airflow/dags
[2026-09-15T20:03:12.115+0000] {manager.py:821} INFO - Searching for files in /opt/airflow/dags
[2026-09-15T20:03:12.130+0000] {manager.py:824} INFO - There are 1 files in /opt/airflow/dags
[2026-09-15T20:03:17.169+0000] {manager.py:821} INFO - Searching for files in /opt/airflow/dags
[2026-09-15T20:03:17.207+0000] {manager.py:824} INFO - There are 1 files in /opt/airflow/dags
[2026-09-15T20:03:22.242+0000] {manager.py:821} INFO - Searching for files in /opt/airflow/dags
[2026-09-15T20:03:22.266+0000] {manager.py:824} INFO - There are 1 files in /opt/airflow/dags
[2026-09-15T20:03:27.306+0000] {manager.py:821} INFO - Searching for files in /opt/airflow/dags
[2026-09-15T20:03:27.335+0000] {manager.py:824} INFO - There are 1 files in /opt/airflow/dags
[2026-09-15T20:03:27.345+0000] {manager.py:997} INFO - 
================================================================================
DAG File Processing Stats

File Path                          PID    Runtime      # DAGs    # Errors  Last Runtime    Last Run               Last # of DB Queries
---------------------------------  -----  ---------  --------  ----------  --------------  -------------------  ----------------------
/opt/airflow/dags/waseet_daily.py                           1           0  0.14s           2026-09-15T20:03:00                      12
================================================================================
[2026-09-15T20:03:32.401+0000] {manager.py:821} INFO - Searching for files in /opt/airflow/dags
[2026-09-15T20:03:32.416+0000] {manager.py:824} INFO - There are 1 files in /opt/airflow/dags
[2026-09-15T20:03:37.458+0000] {manager.py:821} INFO - Searching for files in /opt/airflow/dags
[2026-09-15T20:03:37.492+0000] {manager.py:824} INFO - There are 1 files in /opt/airflow/dags
[2026-09-15T20:03:42.534+0000] {manager.py:821} INFO - Searching for files in /opt/airflow/dags
[2026-09-15T20:03:42.550+0000] {manager.py:824} INFO - There are 1 files in /opt/airflow/dags
[2026-09-15T20:03:47.592+0000] {manager.py:821} INFO - Searching for files in /opt/airflow/dags
[2026-09-15T20:03:47.625+0000] {manager.py:824} INFO - There are 1 files in /opt/airflow/dags
[2026-09-15T20:03:52.659+0000] {manager.py:821} INFO - Searching for files in /opt/airflow/dags
[2026-09-15T20:03:52.679+0000] {manager.py:824} INFO - There are 1 files in /opt/airflow/dags
[2026-09-15T20:03:57.719+0000] {manager.py:821} INFO - Searching for files in /opt/airflow/dags
[2026-09-15T20:03:57.739+0000] {manager.py:824} INFO - There are 1 files in /opt/airflow/dags
[2026-09-15T20:03:57.749+0000] {manager.py:997} INFO - 
================================================================================
DAG File Processing Stats

File Path                          PID    Runtime      # DAGs    # Errors  Last Runtime    Last Run               Last # of DB Queries
---------------------------------  -----  ---------  --------  ----------  --------------  -------------------  ----------------------
/opt/airflow/dags/waseet_daily.py                           1           0  0.15s           2026-09-15T20:03:30                      12
================================================================================
[2026-09-15T20:04:02.792+0000] {manager.py:821} INFO - Searching for files in /opt/airflow/dags
[2026-09-15T20:04:02.827+0000] {manager.py:824} INFO - There are 1 files in /opt/airflow/dags
[2026-09-15T20:04:07.861+0000] {manager.py:821} INFO - Searching for files in /opt/airflow/dags
[2026-09-15T20:04:07.903+0000] {manager.py:824} INFO - There are 1 files in /opt/airflow/dags
[2026-09-15T20:04:12.950+0000] {manager.py:821} INFO - Searching for files in /opt/airflow/dags
[2026-09-15T20:04:12.980+0000] {manager.py:824} INFO - There are 1 files in /opt/airflow/dags
[2026-09-15T20:04:18.015+0000] {manager.py:821} INFO - Searching for files in /opt/airflow/dags
[2026-09-15T20:04:18.037+0000] {manager.py:824} INFO - There are 1 files in /opt/airflow/dags
[2026-09-15T20:04:23.096+0000] {manager.py:821} INFO - Searching for files in /opt/airflow/dags
[2026-09-15T20:04:23.109+0000] {manager.py:824} INFO - There are 1 files in /opt/airflow/dags
[2026-09-15T20:04:28.150+0000] {manager.py:821} INFO - Searching for files in /opt/airflow/dags
[2026-09-15T20:04:28.169+0000] {manager.py:824} INFO - There are 1 files in /opt/airflow/dags
[2026-09-15T20:04:28.179+0000] {manager.py:997} INFO - 
================================================================================
DAG File Processing Stats

File Path                          PID    Runtime      # DAGs    # Errors  Last Runtime    Last Run               Last # of DB Queries
---------------------------------  -----  ---------  --------  ----------  --------------  -------------------  ----------------------
/opt/airflow/dags/waseet_daily.py                           1           0  0.12s           2026-09-15T20:04:00                      12
================================================================================
[2026-09-15T20:04:33.234+0000] {manager.py:821} INFO - Searching for files in /opt/airflow/dags
[2026-09-15T20:04:33.249+0000] {manager.py:824} INFO - There are 1 files in /opt/airflow/dags
[2026-09-15T20:04:38.285+0000] {manager.py:821} INFO - Searching for files in /opt/airflow/dags
[2026-09-15T20:04:38.311+0000] {manager.py:824} INFO - There are 1 files in /opt/airflow/dags
[2026-09-15T20:04:43.342+0000] {manager.py:821} INFO - Searching for files in /opt/airflow/dags
[2026-09-15T20:04:43.369+0000] {manager.py:824} INFO - There are 1 files in /opt/airflow/dags
[2026-09-15T20:04:48.405+0000] {manager.py:821} INFO - Searching for files in /opt/airflow/dags
[2026-09-15T20:04:48.437+0000] {manager.py:824} INFO - There are 1 files in /opt/airflow/dags
[2026-09-15T20:04:53.475+0000] {manager.py:821} INFO - Searching for files in /opt/airflow/dags
[2026-09-15T20:04:53.500+0000] {manager.py:824} INFO - There are 1 files in /opt/airflow/dags
[2026-09-15T20:04:58.542+0000] {manager.py:821} INFO - Searching for files in /opt/airflow/dags
[2026-09-15T20:04:58.566+0000] {manager.py:824} INFO - There are 1 files in /opt/airflow/dags
[2026-09-15T20:04:58.575+0000] {manager.py:997} INFO - 
================================================================================
DAG File Processing Stats

File Path                          PID    Runtime      # DAGs    # Errors  Last Runtime    Last Run               Last # of DB Queries
---------------------------------  -----  ---------  --------  ----------  --------------  -------------------  ----------------------
/opt/airflow/dags/waseet_daily.py                           1           0  0.12s           2026-09-15T20:04:31                      12
================================================================================
[2026-09-15T20:05:03.637+0000] {manager.py:821} INFO - Searching for files in /opt/airflow/dags
[2026-09-15T20:05:03.670+0000] {manager.py:824} INFO - There are 1 files in /opt/airflow/dags
[2026-09-15T20:05:08.705+0000] {manager.py:821} INFO - Searching for files in /opt/airflow/dags
[2026-09-15T20:05:08.724+0000] {manager.py:824} INFO - There are 1 files in /opt/airflow/dags
[2026-09-15T20:05:13.766+0000] {manager.py:821} INFO - Searching for files in /opt/airflow/dags
[2026-09-15T20:05:13.792+0000] {manager.py:824} INFO - There are 1 files in /opt/airflow/dags
[2026-09-15T20:05:18.837+0000] {manager.py:821} INFO - Searching for files in /opt/airflow/dags
[2026-09-15T20:05:18.857+0000] {manager.py:824} INFO - There are 1 files in /opt/airflow/dags
[2026-09-15T20:05:23.904+0000] {manager.py:821} INFO - Searching for files in /opt/airflow/dags
[2026-09-15T20:05:23.925+0000] {manager.py:824} INFO - There are 1 files in /opt/airflow/dags
[2026-09-15T20:05:28.965+0000] {manager.py:821} INFO - Searching for files in /opt/airflow/dags
[2026-09-15T20:05:28.983+0000] {manager.py:824} INFO - There are 1 files in /opt/airflow/dags
[2026-09-15T20:05:28.993+0000] {manager.py:997} INFO - 
================================================================================
DAG File Processing Stats

File Path                          PID    Runtime      # DAGs    # Errors  Last Runtime    Last Run               Last # of DB Queries
---------------------------------  -----  ---------  --------  ----------  --------------  -------------------  ----------------------
/opt/airflow/dags/waseet_daily.py                           1           0  0.16s           2026-09-15T20:05:01                      12
================================================================================
[2026-09-15T20:05:34.046+0000] {manager.py:821} INFO - Searching for files in /opt/airflow/dags
[2026-09-15T20:05:34.062+0000] {manager.py:824} INFO - There are 1 files in /opt/airflow/dags
[2026-09-15T20:05:39.099+0000] {manager.py:821} INFO - Searching for files in /opt/airflow/dags
[2026-09-15T20:05:39.115+0000] {manager.py:824} INFO - There are 1 files in /opt/airflow/dags
[2026-09-15T20:05:44.152+0000] {manager.py:821} INFO - Searching for files in /opt/airflow/dags
[2026-09-15T20:05:44.184+0000] {manager.py:824} INFO - There are 1 files in /opt/airflow/dags
[2026-09-15T20:05:49.226+0000] {manager.py:821} INFO - Searching for files in /opt/airflow/dags
[2026-09-15T20:05:49.267+0000] {manager.py:824} INFO - There are 1 files in /opt/airflow/dags
[2026-09-15T20:05:54.308+0000] {manager.py:821} INFO - Searching for files in /opt/airflow/dags
[2026-09-15T20:05:54.324+0000] {manager.py:824} INFO - There are 1 files in /opt/airflow/dags
[2026-09-15T20:05:59.357+0000] {manager.py:821} INFO - Searching for files in /opt/airflow/dags
[2026-09-15T20:05:59.377+0000] {manager.py:824} INFO - There are 1 files in /opt/airflow/dags
[2026-09-15T20:05:59.387+0000] {manager.py:997} INFO - 
================================================================================
DAG File Processing Stats

File Path                          PID    Runtime      # DAGs    # Errors  Last Runtime    Last Run               Last # of DB Queries
---------------------------------  -----  ---------  --------  ----------  --------------  -------------------  ----------------------
/opt/airflow/dags/waseet_daily.py                           1           0  0.15s           2026-09-15T20:05:32                      12
================================================================================
[2026-09-15T20:06:04.440+0000] {manager.py:821} INFO - Searching for files in /opt/airflow/dags
[2026-09-15T20:06:04.455+0000] {manager.py:824} INFO - There are 1 files in /opt/airflow/dags
[2026-09-15T20:06:09.496+0000] {manager.py:821} INFO - Searching for files in /opt/airflow/dags
[2026-09-15T20:06:09.525+0000] {manager.py:824} INFO - There are 1 files in /opt/airflow/dags
[2026-09-15T20:06:14.567+0000] {manager.py:821} INFO - Searching for files in /opt/airflow/dags
[2026-09-15T20:06:14.598+0000] {manager.py:824} INFO - There are 1 files in /opt/airflow/dags
[2026-09-15T20:06:19.638+0000] {manager.py:821} INFO - Searching for files in /opt/airflow/dags
[2026-09-15T20:06:19.654+0000] {manager.py:824} INFO - There are 1 files in /opt/airflow/dags
[2026-09-15T20:06:24.692+0000] {manager.py:821} INFO - Searching for files in /opt/airflow/dags
[2026-09-15T20:06:24.718+0000] {manager.py:824} INFO - There are 1 files in /opt/airflow/dags
[2026-09-15T20:06:29.762+0000] {manager.py:821} INFO - Searching for files in /opt/airflow/dags
[2026-09-15T20:06:29.797+0000] {manager.py:824} INFO - There are 1 files in /opt/airflow/dags
[2026-09-15T20:06:29.808+0000] {manager.py:997} INFO - 
================================================================================
DAG File Processing Stats

File Path                          PID    Runtime      # DAGs    # Errors  Last Runtime    Last Run               Last # of DB Queries
---------------------------------  -----  ---------  --------  ----------  --------------  -------------------  ----------------------
/opt/airflow/dags/waseet_daily.py                           1           0  0.13s           2026-09-15T20:06:02                      12
================================================================================
[2026-09-15T20:06:34.853+0000] {manager.py:821} INFO - Searching for files in /opt/airflow/dags
[2026-09-15T20:06:34.866+0000] {manager.py:824} INFO - There are 1 files in /opt/airflow/dags
[2026-09-15T20:06:39.908+0000] {manager.py:821} INFO - Searching for files in /opt/airflow/dags
[2026-09-15T20:06:39.927+0000] {manager.py:824} INFO - There are 1 files in /opt/airflow/dags
[2026-09-15T20:06:44.975+0000] {manager.py:821} INFO - Searching for files in /opt/airflow/dags
[2026-09-15T20:06:44.991+0000] {manager.py:824} INFO - There are 1 files in /opt/airflow/dags
[2026-09-15T20:06:50.036+0000] {manager.py:821} INFO - Searching for files in /opt/airflow/dags
[2026-09-15T20:06:50.055+0000] {manager.py:824} INFO - There are 1 files in /opt/airflow/dags
[2026-09-15T20:06:55.093+0000] {manager.py:821} INFO - Searching for files in /opt/airflow/dags
[2026-09-15T20:06:55.111+0000] {manager.py:824} INFO - There are 1 files in /opt/airflow/dags
[2026-09-15T20:07:00.155+0000] {manager.py:821} INFO - Searching for files in /opt/airflow/dags
[2026-09-15T20:07:00.178+0000] {manager.py:824} INFO - There are 1 files in /opt/airflow/dags
[2026-09-15T20:07:00.187+0000] {manager.py:997} INFO - 
================================================================================
DAG File Processing Stats

File Path                          PID    Runtime      # DAGs    # Errors  Last Runtime    Last Run               Last # of DB Queries
---------------------------------  -----  ---------  --------  ----------  --------------  -------------------  ----------------------
/opt/airflow/dags/waseet_daily.py                           1           0  0.12s           2026-09-15T20:06:32                      12
================================================================================
[2026-09-15T20:07:05.235+0000] {manager.py:821} INFO - Searching for files in /opt/airflow/dags
[2026-09-15T20:07:05.259+0000] {manager.py:824} INFO - There are 1 files in /opt/airflow/dags
[2026-09-15T20:07:10.294+0000] {manager.py:821} INFO - Searching for files in /opt/airflow/dags
[2026-09-15T20:07:10.342+0000] {manager.py:824} INFO - There are 1 files in /opt/airflow/dags
[2026-09-15T20:07:15.384+0000] {manager.py:821} INFO - Searching for files in /opt/airflow/dags
[2026-09-15T20:07:15.430+0000] {manager.py:824} INFO - There are 1 files in /opt/airflow/dags
[2026-09-15T20:07:20.470+0000] {manager.py:821} INFO - Searching for files in /opt/airflow/dags
[2026-09-15T20:07:20.484+0000] {manager.py:824} INFO - There are 1 files in /opt/airflow/dags
[2026-09-15T20:07:25.525+0000] {manager.py:821} INFO - Searching for files in /opt/airflow/dags
[2026-09-15T20:07:25.560+0000] {manager.py:824} INFO - There are 1 files in /opt/airflow/dags
[2026-09-15T20:07:30.610+0000] {manager.py:821} INFO - Searching for files in /opt/airflow/dags
[2026-09-15T20:07:30.630+0000] {manager.py:824} INFO - There are 1 files in /opt/airflow/dags
[2026-09-15T20:07:30.640+0000] {manager.py:997} INFO - 
================================================================================
DAG File Processing Stats

File Path                          PID    Runtime      # DAGs    # Errors  Last Runtime    Last Run               Last # of DB Queries
---------------------------------  -----  ---------  --------  ----------  --------------  -------------------  ----------------------
/opt/airflow/dags/waseet_daily.py                           1           0  0.11s           2026-09-15T20:07:03                      12
================================================================================
[2026-09-15T20:07:35.682+0000] {manager.py:821} INFO - Searching for files in /opt/airflow/dags
[2026-09-15T20:07:35.700+0000] {manager.py:824} INFO - There are 1 files in /opt/airflow/dags
[2026-09-15T20:07:40.734+0000] {manager.py:821} INFO - Searching for files in /opt/airflow/dags
[2026-09-15T20:07:40.766+0000] {manager.py:824} INFO - There are 1 files in /opt/airflow/dags
[2026-09-15T20:07:45.798+0000] {manager.py:821} INFO - Searching for files in /opt/airflow/dags
[2026-09-15T20:07:45.839+0000] {manager.py:824} INFO - There are 1 files in /opt/airflow/dags
[2026-09-15T20:07:50.880+0000] {manager.py:821} INFO - Searching for files in /opt/airflow/dags
[2026-09-15T20:07:50.912+0000] {manager.py:824} INFO - There are 1 files in /opt/airflow/dags
[2026-09-15T20:07:55.949+0000] {manager.py:821} INFO - Searching for files in /opt/airflow/dags
[2026-09-15T20:07:55.970+0000] {manager.py:824} INFO - There are 1 files in /opt/airflow/dags
[2026-09-15T20:08:01.016+0000] {manager.py:821} INFO - Searching for files in /opt/airflow/dags
[2026-09-15T20:08:01.037+0000] {manager.py:824} INFO - There are 1 files in /opt/airflow/dags
[2026-09-15T20:08:01.046+0000] {manager.py:997} INFO - 
================================================================================
DAG File Processing Stats

File Path                          PID    Runtime      # DAGs    # Errors  Last Runtime    Last Run               Last # of DB Queries
---------------------------------  -----  ---------  --------  ----------  --------------  -------------------  ----------------------
/opt/airflow/dags/waseet_daily.py                           1           0  0.11s           2026-09-15T20:07:33                      12
================================================================================
[2026-09-15T20:08:06.113+0000] {manager.py:821} INFO - Searching for files in /opt/airflow/dags
[2026-09-15T20:08:06.130+0000] {manager.py:824} INFO - There are 1 files in /opt/airflow/dags
[2026-09-15T20:08:11.170+0000] {manager.py:821} INFO - Searching for files in /opt/airflow/dags
[2026-09-15T20:08:11.208+0000] {manager.py:824} INFO - There are 1 files in /opt/airflow/dags
[2026-09-15T20:08:16.244+0000] {manager.py:821} INFO - Searching for files in /opt/airflow/dags
[2026-09-15T20:08:16.273+0000] {manager.py:824} INFO - There are 1 files in /opt/airflow/dags
[2026-09-15T20:08:21.314+0000] {manager.py:821} INFO - Searching for files in /opt/airflow/dags
[2026-09-15T20:08:21.340+0000] {manager.py:824} INFO - There are 1 files in /opt/airflow/dags
[2026-09-15T20:08:26.390+0000] {manager.py:821} INFO - Searching for files in /opt/airflow/dags
[2026-09-15T20:08:26.405+0000] {manager.py:824} INFO - There are 1 files in /opt/airflow/dags
[2026-09-15T20:08:31.438+0000] {manager.py:821} INFO - Searching for files in /opt/airflow/dags
[2026-09-15T20:08:31.474+0000] {manager.py:824} INFO - There are 1 files in /opt/airflow/dags
[2026-09-15T20:08:31.482+0000] {manager.py:997} INFO - 
================================================================================
DAG File Processing Stats

File Path                          PID    Runtime      # DAGs    # Errors  Last Runtime    Last Run               Last # of DB Queries
---------------------------------  -----  ---------  --------  ----------  --------------  -------------------  ----------------------
/opt/airflow/dags/waseet_daily.py                           1           0  0.13s           2026-09-15T20:08:04                      12
================================================================================
[2026-09-15T20:08:36.523+0000] {manager.py:821} INFO - Searching for files in /opt/airflow/dags
[2026-09-15T20:08:36.550+0000] {manager.py:824} INFO - There are 1 files in /opt/airflow/dags
[2026-09-15T20:08:41.589+0000] {manager.py:821} INFO - Searching for files in /opt/airflow/dags
[2026-09-15T20:08:41.615+0000] {manager.py:824} INFO - There are 1 files in /opt/airflow/dags
[2026-09-15T20:08:46.656+0000] {manager.py:821} INFO - Searching for files in /opt/airflow/dags
[2026-09-15T20:08:46.684+0000] {manager.py:824} INFO - There are 1 files in /opt/airflow/dags
[2026-09-15T20:08:51.722+0000] {manager.py:821} INFO - Searching for files in /opt/airflow/dags
[2026-09-15T20:08:51.736+0000] {manager.py:824} INFO - There are 1 files in /opt/airflow/dags
[2026-09-15T20:08:56.782+0000] {manager.py:821} INFO - Searching for files in /opt/airflow/dags
[2026-09-15T20:08:56.804+0000] {manager.py:824} INFO - There are 1 files in /opt/airflow/dags
[2026-09-15T20:09:01.859+0000] {manager.py:821} INFO - Searching for files in /opt/airflow/dags
[2026-09-15T20:09:01.893+0000] {manager.py:824} INFO - There are 1 files in /opt/airflow/dags
[2026-09-15T20:09:01.901+0000] {manager.py:997} INFO - 
================================================================================
DAG File Processing Stats

File Path                          PID    Runtime      # DAGs    # Errors  Last Runtime    Last Run               Last # of DB Queries
---------------------------------  -----  ---------  --------  ----------  --------------  -------------------  ----------------------
/opt/airflow/dags/waseet_daily.py                           1           0  0.12s           2026-09-15T20:08:34                      12
================================================================================
[2026-09-15T20:09:06.976+0000] {manager.py:821} INFO - Searching for files in /opt/airflow/dags
[2026-09-15T20:09:06.999+0000] {manager.py:824} INFO - There are 1 files in /opt/airflow/dags
[2026-09-15T20:09:12.058+0000] {manager.py:821} INFO - Searching for files in /opt/airflow/dags
[2026-09-15T20:09:12.095+0000] {manager.py:824} INFO - There are 1 files in /opt/airflow/dags
[2026-09-15T20:09:17.132+0000] {manager.py:821} INFO - Searching for files in /opt/airflow/dags
[2026-09-15T20:09:17.155+0000] {manager.py:824} INFO - There are 1 files in /opt/airflow/dags
[2026-09-15T20:09:22.200+0000] {manager.py:821} INFO - Searching for files in /opt/airflow/dags
[2026-09-15T20:09:22.220+0000] {manager.py:824} INFO - There are 1 files in /opt/airflow/dags
[2026-09-15T20:09:27.267+0000] {manager.py:821} INFO - Searching for files in /opt/airflow/dags
[2026-09-15T20:09:27.285+0000] {manager.py:824} INFO - There are 1 files in /opt/airflow/dags
[2026-09-15T20:09:32.324+0000] {manager.py:821} INFO - Searching for files in /opt/airflow/dags
[2026-09-15T20:09:32.353+0000] {manager.py:824} INFO - There are 1 files in /opt/airflow/dags
[2026-09-15T20:09:32.361+0000] {manager.py:997} INFO - 
================================================================================
DAG File Processing Stats

File Path                          PID    Runtime      # DAGs    # Errors  Last Runtime    Last Run               Last # of DB Queries
---------------------------------  -----  ---------  --------  ----------  --------------  -------------------  ----------------------
/opt/airflow/dags/waseet_daily.py                           1           0  0.13s           2026-09-15T20:09:05                      12
================================================================================
[2026-09-15T20:09:37.410+0000] {manager.py:821} INFO - Searching for files in /opt/airflow/dags
[2026-09-15T20:09:37.446+0000] {manager.py:824} INFO - There are 1 files in /opt/airflow/dags
[2026-09-15T20:09:42.488+0000] {manager.py:821} INFO - Searching for files in /opt/airflow/dags
[2026-09-15T20:09:42.509+0000] {manager.py:824} INFO - There are 1 files in /opt/airflow/dags
[2026-09-15T20:09:47.543+0000] {manager.py:821} INFO - Searching for files in /opt/airflow/dags
[2026-09-15T20:09:47.559+0000] {manager.py:824} INFO - There are 1 files in /opt/airflow/dags
[2026-09-15T20:09:52.593+0000] {manager.py:821} INFO - Searching for files in /opt/airflow/dags
[2026-09-15T20:09:52.625+0000] {manager.py:824} INFO - There are 1 files in /opt/airflow/dags
[2026-09-15T20:09:57.660+0000] {manager.py:821} INFO - Searching for files in /opt/airflow/dags
[2026-09-15T20:09:57.681+0000] {manager.py:824} INFO - There are 1 files in /opt/airflow/dags
[2026-09-15T20:10:02.723+0000] {manager.py:821} INFO - Searching for files in /opt/airflow/dags
[2026-09-15T20:10:02.750+0000] {manager.py:824} INFO - There are 1 files in /opt/airflow/dags
[2026-09-15T20:10:02.760+0000] {manager.py:997} INFO - 
================================================================================
DAG File Processing Stats

File Path                          PID    Runtime      # DAGs    # Errors  Last Runtime    Last Run               Last # of DB Queries
---------------------------------  -----  ---------  --------  ----------  --------------  -------------------  ----------------------
/opt/airflow/dags/waseet_daily.py                           1           0  0.12s           2026-09-15T20:09:35                      12
================================================================================
[2026-09-15T20:10:07.799+0000] {manager.py:821} INFO - Searching for files in /opt/airflow/dags
[2026-09-15T20:10:07.824+0000] {manager.py:824} INFO - There are 1 files in /opt/airflow/dags
[2026-09-15T20:10:12.863+0000] {manager.py:821} INFO - Searching for files in /opt/airflow/dags
[2026-09-15T20:10:12.896+0000] {manager.py:824} INFO - There are 1 files in /opt/airflow/dags
[2026-09-15T20:10:17.937+0000] {manager.py:821} INFO - Searching for files in /opt/airflow/dags
[2026-09-15T20:10:17.979+0000] {manager.py:824} INFO - There are 1 files in /opt/airflow/dags
[2026-09-15T20:10:23.032+0000] {manager.py:821} INFO - Searching for files in /opt/airflow/dags
[2026-09-15T20:10:23.051+0000] {manager.py:824} INFO - There are 1 files in /opt/airflow/dags
[2026-09-15T20:10:28.092+0000] {manager.py:821} INFO - Searching for files in /opt/airflow/dags
[2026-09-15T20:10:28.116+0000] {manager.py:824} INFO - There are 1 files in /opt/airflow/dags
[2026-09-15T20:10:33.161+0000] {manager.py:821} INFO - Searching for files in /opt/airflow/dags
[2026-09-15T20:10:33.175+0000] {manager.py:824} INFO - There are 1 files in /opt/airflow/dags
[2026-09-15T20:10:33.183+0000] {manager.py:997} INFO - 
================================================================================
DAG File Processing Stats

File Path                          PID    Runtime      # DAGs    # Errors  Last Runtime    Last Run               Last # of DB Queries
---------------------------------  -----  ---------  --------  ----------  --------------  -------------------  ----------------------
/opt/airflow/dags/waseet_daily.py                           1           0  0.11s           2026-09-15T20:10:05                      12
================================================================================
[2026-09-15T20:10:38.242+0000] {manager.py:821} INFO - Searching for files in /opt/airflow/dags
[2026-09-15T20:10:38.257+0000] {manager.py:824} INFO - There are 1 files in /opt/airflow/dags
[2026-09-15T20:10:43.293+0000] {manager.py:821} INFO - Searching for files in /opt/airflow/dags
[2026-09-15T20:10:43.312+0000] {manager.py:824} INFO - There are 1 files in /opt/airflow/dags
[2026-09-15T20:10:48.350+0000] {manager.py:821} INFO - Searching for files in /opt/airflow/dags
[2026-09-15T20:10:48.367+0000] {manager.py:824} INFO - There are 1 files in /opt/airflow/dags
[2026-09-15T20:10:53.403+0000] {manager.py:821} INFO - Searching for files in /opt/airflow/dags
[2026-09-15T20:10:53.437+0000] {manager.py:824} INFO - There are 1 files in /opt/airflow/dags
[2026-09-15T20:10:58.483+0000] {manager.py:821} INFO - Searching for files in /opt/airflow/dags
[2026-09-15T20:10:58.500+0000] {manager.py:824} INFO - There are 1 files in /opt/airflow/dags
[2026-09-15T20:11:03.546+0000] {manager.py:821} INFO - Searching for files in /opt/airflow/dags
[2026-09-15T20:11:03.561+0000] {manager.py:824} INFO - There are 1 files in /opt/airflow/dags
[2026-09-15T20:11:03.571+0000] {manager.py:997} INFO - 
================================================================================
DAG File Processing Stats

File Path                          PID    Runtime      # DAGs    # Errors  Last Runtime    Last Run               Last # of DB Queries
---------------------------------  -----  ---------  --------  ----------  --------------  -------------------  ----------------------
/opt/airflow/dags/waseet_daily.py                           1           0  0.13s           2026-09-15T20:10:36                      12
================================================================================
[2026-09-15T20:11:08.631+0000] {manager.py:821} INFO - Searching for files in /opt/airflow/dags
[2026-09-15T20:11:08.661+0000] {manager.py:824} INFO - There are 1 files in /opt/airflow/dags
[2026-09-15T20:11:13.700+0000] {manager.py:821} INFO - Searching for files in /opt/airflow/dags
[2026-09-15T20:11:13.723+0000] {manager.py:824} INFO - There are 1 files in /opt/airflow/dags
[2026-09-15T20:11:18.760+0000] {manager.py:821} INFO - Searching for files in /opt/airflow/dags
[2026-09-15T20:11:18.806+0000] {manager.py:824} INFO - There are 1 files in /opt/airflow/dags
[2026-09-15T20:11:23.859+0000] {manager.py:821} INFO - Searching for files in /opt/airflow/dags
[2026-09-15T20:11:23.898+0000] {manager.py:824} INFO - There are 1 files in /opt/airflow/dags
[2026-09-15T20:11:28.959+0000] {manager.py:821} INFO - Searching for files in /opt/airflow/dags
[2026-09-15T20:11:28.998+0000] {manager.py:824} INFO - There are 1 files in /opt/airflow/dags
[2026-09-15T20:11:34.058+0000] {manager.py:821} INFO - Searching for files in /opt/airflow/dags
[2026-09-15T20:11:34.079+0000] {manager.py:824} INFO - There are 1 files in /opt/airflow/dags
[2026-09-15T20:11:34.091+0000] {manager.py:997} INFO - 
================================================================================
DAG File Processing Stats

File Path                          PID    Runtime      # DAGs    # Errors  Last Runtime    Last Run               Last # of DB Queries
---------------------------------  -----  ---------  --------  ----------  --------------  -------------------  ----------------------
/opt/airflow/dags/waseet_daily.py                           1           0  0.14s           2026-09-15T20:11:06                      12
================================================================================
[2026-09-15T20:11:39.151+0000] {manager.py:821} INFO - Searching for files in /opt/airflow/dags
[2026-09-15T20:11:39.186+0000] {manager.py:824} INFO - There are 1 files in /opt/airflow/dags
[2026-09-15T20:11:44.241+0000] {manager.py:821} INFO - Searching for files in /opt/airflow/dags
[2026-09-15T20:11:44.273+0000] {manager.py:824} INFO - There are 1 files in /opt/airflow/dags
[2026-09-15T20:11:49.311+0000] {manager.py:821} INFO - Searching for files in /opt/airflow/dags
[2026-09-15T20:11:49.332+0000] {manager.py:824} INFO - There are 1 files in /opt/airflow/dags
[2026-09-15T20:11:54.372+0000] {manager.py:821} INFO - Searching for files in /opt/airflow/dags
[2026-09-15T20:11:54.394+0000] {manager.py:824} INFO - There are 1 files in /opt/airflow/dags
[2026-09-15T20:11:59.446+0000] {manager.py:821} INFO - Searching for files in /opt/airflow/dags
[2026-09-15T20:11:59.467+0000] {manager.py:824} INFO - There are 1 files in /opt/airflow/dags
[2026-09-15T20:12:04.507+0000] {manager.py:821} INFO - Searching for files in /opt/airflow/dags
[2026-09-15T20:12:04.525+0000] {manager.py:824} INFO - There are 1 files in /opt/airflow/dags
[2026-09-15T20:12:04.533+0000] {manager.py:997} INFO - 
================================================================================
DAG File Processing Stats

File Path                          PID    Runtime      # DAGs    # Errors  Last Runtime    Last Run               Last # of DB Queries
---------------------------------  -----  ---------  --------  ----------  --------------  -------------------  ----------------------
/opt/airflow/dags/waseet_daily.py                           1           0  0.14s           2026-09-15T20:11:37                      12
================================================================================
[2026-09-15T20:12:09.590+0000] {manager.py:821} INFO - Searching for files in /opt/airflow/dags
[2026-09-15T20:12:09.618+0000] {manager.py:824} INFO - There are 1 files in /opt/airflow/dags
[2026-09-15T20:12:14.660+0000] {manager.py:821} INFO - Searching for files in /opt/airflow/dags
[2026-09-15T20:12:14.679+0000] {manager.py:824} INFO - There are 1 files in /opt/airflow/dags
[2026-09-15T20:12:19.719+0000] {manager.py:821} INFO - Searching for files in /opt/airflow/dags
[2026-09-15T20:12:19.747+0000] {manager.py:824} INFO - There are 1 files in /opt/airflow/dags
[2026-09-15T20:12:24.787+0000] {manager.py:821} INFO - Searching for files in /opt/airflow/dags
[2026-09-15T20:12:24.811+0000] {manager.py:824} INFO - There are 1 files in /opt/airflow/dags
[2026-09-15T20:12:29.857+0000] {manager.py:821} INFO - Searching for files in /opt/airflow/dags
[2026-09-15T20:12:29.873+0000] {manager.py:824} INFO - There are 1 files in /opt/airflow/dags
[2026-09-15T20:12:34.915+0000] {manager.py:821} INFO - Searching for files in /opt/airflow/dags
[2026-09-15T20:12:34.941+0000] {manager.py:824} INFO - There are 1 files in /opt/airflow/dags
[2026-09-15T20:12:34.949+0000] {manager.py:997} INFO - 
================================================================================
DAG File Processing Stats

File Path                          PID    Runtime      # DAGs    # Errors  Last Runtime    Last Run               Last # of DB Queries
---------------------------------  -----  ---------  --------  ----------  --------------  -------------------  ----------------------
/opt/airflow/dags/waseet_daily.py                           1           0  0.14s           2026-09-15T20:12:07                      12
================================================================================
[2026-09-15T20:12:40.008+0000] {manager.py:821} INFO - Searching for files in /opt/airflow/dags
[2026-09-15T20:12:40.043+0000] {manager.py:824} INFO - There are 1 files in /opt/airflow/dags
[2026-09-15T20:12:45.082+0000] {manager.py:821} INFO - Searching for files in /opt/airflow/dags
[2026-09-15T20:12:45.112+0000] {manager.py:824} INFO - There are 1 files in /opt/airflow/dags
[2026-09-15T20:12:50.168+0000] {manager.py:821} INFO - Searching for files in /opt/airflow/dags
[2026-09-15T20:12:50.199+0000] {manager.py:824} INFO - There are 1 files in /opt/airflow/dags
[2026-09-15T20:12:55.241+0000] {manager.py:821} INFO - Searching for files in /opt/airflow/dags
[2026-09-15T20:12:55.265+0000] {manager.py:824} INFO - There are 1 files in /opt/airflow/dags
[2026-09-15T20:13:00.303+0000] {manager.py:821} INFO - Searching for files in /opt/airflow/dags
[2026-09-15T20:13:00.342+0000] {manager.py:824} INFO - There are 1 files in /opt/airflow/dags
[2026-09-15T20:13:05.383+0000] {manager.py:821} INFO - Searching for files in /opt/airflow/dags
[2026-09-15T20:13:05.428+0000] {manager.py:824} INFO - There are 1 files in /opt/airflow/dags
[2026-09-15T20:13:05.439+0000] {manager.py:997} INFO - 
================================================================================
DAG File Processing Stats

File Path                          PID    Runtime      # DAGs    # Errors  Last Runtime    Last Run               Last # of DB Queries
---------------------------------  -----  ---------  --------  ----------  --------------  -------------------  ----------------------
/opt/airflow/dags/waseet_daily.py                           1           0  0.14s           2026-09-15T20:12:38                      12
================================================================================
[2026-09-15T20:13:10.486+0000] {manager.py:821} INFO - Searching for files in /opt/airflow/dags
[2026-09-15T20:13:10.503+0000] {manager.py:824} INFO - There are 1 files in /opt/airflow/dags
[2026-09-15T20:13:15.540+0000] {manager.py:821} INFO - Searching for files in /opt/airflow/dags
[2026-09-15T20:13:15.574+0000] {manager.py:824} INFO - There are 1 files in /opt/airflow/dags
[2026-09-15T20:13:20.623+0000] {manager.py:821} INFO - Searching for files in /opt/airflow/dags
[2026-09-15T20:13:20.640+0000] {manager.py:824} INFO - There are 1 files in /opt/airflow/dags
[2026-09-15T20:13:25.675+0000] {manager.py:821} INFO - Searching for files in /opt/airflow/dags
[2026-09-15T20:13:25.693+0000] {manager.py:824} INFO - There are 1 files in /opt/airflow/dags
[2026-09-15T20:13:30.730+0000] {manager.py:821} INFO - Searching for files in /opt/airflow/dags
[2026-09-15T20:13:30.746+0000] {manager.py:824} INFO - There are 1 files in /opt/airflow/dags
[2026-09-15T20:13:35.783+0000] {manager.py:821} INFO - Searching for files in /opt/airflow/dags
[2026-09-15T20:13:35.817+0000] {manager.py:824} INFO - There are 1 files in /opt/airflow/dags
[2026-09-15T20:13:35.833+0000] {manager.py:997} INFO - 
================================================================================
DAG File Processing Stats

File Path                          PID    Runtime      # DAGs    # Errors  Last Runtime    Last Run               Last # of DB Queries
---------------------------------  -----  ---------  --------  ----------  --------------  -------------------  ----------------------
/opt/airflow/dags/waseet_daily.py                           1           0  0.13s           2026-09-15T20:13:08                      12
================================================================================
[2026-09-15T20:13:40.891+0000] {manager.py:821} INFO - Searching for files in /opt/airflow/dags
[2026-09-15T20:13:40.906+0000] {manager.py:824} INFO - There are 1 files in /opt/airflow/dags
[2026-09-15T20:13:45.943+0000] {manager.py:821} INFO - Searching for files in /opt/airflow/dags
[2026-09-15T20:13:45.979+0000] {manager.py:824} INFO - There are 1 files in /opt/airflow/dags
[2026-09-15T20:13:51.016+0000] {manager.py:821} INFO - Searching for files in /opt/airflow/dags
[2026-09-15T20:13:51.034+0000] {manager.py:824} INFO - There are 1 files in /opt/airflow/dags
[2026-09-15T20:13:56.075+0000] {manager.py:821} INFO - Searching for files in /opt/airflow/dags
[2026-09-15T20:13:56.113+0000] {manager.py:824} INFO - There are 1 files in /opt/airflow/dags
[2026-09-15T20:14:01.153+0000] {manager.py:821} INFO - Searching for files in /opt/airflow/dags
[2026-09-15T20:14:01.178+0000] {manager.py:824} INFO - There are 1 files in /opt/airflow/dags
[2026-09-15T20:14:06.225+0000] {manager.py:821} INFO - Searching for files in /opt/airflow/dags
[2026-09-15T20:14:06.253+0000] {manager.py:824} INFO - There are 1 files in /opt/airflow/dags
[2026-09-15T20:14:06.262+0000] {manager.py:997} INFO - 
================================================================================
DAG File Processing Stats

File Path                          PID    Runtime      # DAGs    # Errors  Last Runtime    Last Run               Last # of DB Queries
---------------------------------  -----  ---------  --------  ----------  --------------  -------------------  ----------------------
/opt/airflow/dags/waseet_daily.py                           1           0  0.13s           2026-09-15T20:13:38                      12
================================================================================
[2026-09-15T20:14:11.323+0000] {manager.py:821} INFO - Searching for files in /opt/airflow/dags
[2026-09-15T20:14:11.359+0000] {manager.py:824} INFO - There are 1 files in /opt/airflow/dags
[2026-09-15T20:14:16.396+0000] {manager.py:821} INFO - Searching for files in /opt/airflow/dags
[2026-09-15T20:14:16.420+0000] {manager.py:824} INFO - There are 1 files in /opt/airflow/dags
[2026-09-15T20:14:21.458+0000] {manager.py:821} INFO - Searching for files in /opt/airflow/dags
[2026-09-15T20:14:21.476+0000] {manager.py:824} INFO - There are 1 files in /opt/airflow/dags
[2026-09-15T20:14:26.510+0000] {manager.py:821} INFO - Searching for files in /opt/airflow/dags
[2026-09-15T20:14:26.526+0000] {manager.py:824} INFO - There are 1 files in /opt/airflow/dags
[2026-09-15T20:14:31.565+0000] {manager.py:821} INFO - Searching for files in /opt/airflow/dags
[2026-09-15T20:14:31.608+0000] {manager.py:824} INFO - There are 1 files in /opt/airflow/dags
[2026-09-15T20:14:36.653+0000] {manager.py:821} INFO - Searching for files in /opt/airflow/dags
[2026-09-15T20:14:36.687+0000] {manager.py:824} INFO - There are 1 files in /opt/airflow/dags
[2026-09-15T20:14:36.697+0000] {manager.py:997} INFO - 
================================================================================
DAG File Processing Stats

File Path                          PID    Runtime      # DAGs    # Errors  Last Runtime    Last Run               Last # of DB Queries
---------------------------------  -----  ---------  --------  ----------  --------------  -------------------  ----------------------
/opt/airflow/dags/waseet_daily.py                           1           0  0.13s           2026-09-15T20:14:09                      12
================================================================================
[2026-09-15T20:14:41.750+0000] {manager.py:821} INFO - Searching for files in /opt/airflow/dags
[2026-09-15T20:14:41.794+0000] {manager.py:824} INFO - There are 1 files in /opt/airflow/dags
[2026-09-15T20:14:46.830+0000] {manager.py:821} INFO - Searching for files in /opt/airflow/dags
[2026-09-15T20:14:46.847+0000] {manager.py:824} INFO - There are 1 files in /opt/airflow/dags
[2026-09-15T20:14:51.882+0000] {manager.py:821} INFO - Searching for files in /opt/airflow/dags
[2026-09-15T20:14:51.903+0000] {manager.py:824} INFO - There are 1 files in /opt/airflow/dags
[2026-09-15T20:14:56.942+0000] {manager.py:821} INFO - Searching for files in /opt/airflow/dags
[2026-09-15T20:14:56.968+0000] {manager.py:824} INFO - There are 1 files in /opt/airflow/dags
[2026-09-15T20:15:02.009+0000] {manager.py:821} INFO - Searching for files in /opt/airflow/dags
[2026-09-15T20:15:02.037+0000] {manager.py:824} INFO - There are 1 files in /opt/airflow/dags
[2026-09-15T20:15:07.073+0000] {manager.py:821} INFO - Searching for files in /opt/airflow/dags
[2026-09-15T20:15:07.091+0000] {manager.py:824} INFO - There are 1 files in /opt/airflow/dags
[2026-09-15T20:15:07.101+0000] {manager.py:997} INFO - 
================================================================================
DAG File Processing Stats

File Path                          PID    Runtime      # DAGs    # Errors  Last Runtime    Last Run               Last # of DB Queries
---------------------------------  -----  ---------  --------  ----------  --------------  -------------------  ----------------------
/opt/airflow/dags/waseet_daily.py                           1           0  0.15s           2026-09-15T20:14:39                      12
================================================================================
[2026-09-15T20:15:12.162+0000] {manager.py:821} INFO - Searching for files in /opt/airflow/dags
[2026-09-15T20:15:12.176+0000] {manager.py:824} INFO - There are 1 files in /opt/airflow/dags
[2026-09-15T20:15:17.219+0000] {manager.py:821} INFO - Searching for files in /opt/airflow/dags
[2026-09-15T20:15:17.256+0000] {manager.py:824} INFO - There are 1 files in /opt/airflow/dags
[2026-09-15T20:15:22.295+0000] {manager.py:821} INFO - Searching for files in /opt/airflow/dags
[2026-09-15T20:15:22.310+0000] {manager.py:824} INFO - There are 1 files in /opt/airflow/dags
[2026-09-15T20:15:27.351+0000] {manager.py:821} INFO - Searching for files in /opt/airflow/dags
[2026-09-15T20:15:27.382+0000] {manager.py:824} INFO - There are 1 files in /opt/airflow/dags
[2026-09-15T20:15:32.423+0000] {manager.py:821} INFO - Searching for files in /opt/airflow/dags
[2026-09-15T20:15:32.452+0000] {manager.py:824} INFO - There are 1 files in /opt/airflow/dags
[2026-09-15T20:15:37.488+0000] {manager.py:821} INFO - Searching for files in /opt/airflow/dags
[2026-09-15T20:15:37.510+0000] {manager.py:824} INFO - There are 1 files in /opt/airflow/dags
[2026-09-15T20:15:37.519+0000] {manager.py:997} INFO - 
================================================================================
DAG File Processing Stats

File Path                          PID    Runtime      # DAGs    # Errors  Last Runtime    Last Run               Last # of DB Queries
---------------------------------  -----  ---------  --------  ----------  --------------  -------------------  ----------------------
/opt/airflow/dags/waseet_daily.py                           1           0  0.15s           2026-09-15T20:15:10                      12
================================================================================
[2026-09-15T20:15:42.563+0000] {manager.py:821} INFO - Searching for files in /opt/airflow/dags
[2026-09-15T20:15:42.580+0000] {manager.py:824} INFO - There are 1 files in /opt/airflow/dags
[2026-09-15T20:15:47.620+0000] {manager.py:821} INFO - Searching for files in /opt/airflow/dags
[2026-09-15T20:15:47.642+0000] {manager.py:824} INFO - There are 1 files in /opt/airflow/dags
[2026-09-15T20:15:52.683+0000] {manager.py:821} INFO - Searching for files in /opt/airflow/dags
[2026-09-15T20:15:52.703+0000] {manager.py:824} INFO - There are 1 files in /opt/airflow/dags
[2026-09-15T20:15:57.742+0000] {manager.py:821} INFO - Searching for files in /opt/airflow/dags
[2026-09-15T20:15:57.762+0000] {manager.py:824} INFO - There are 1 files in /opt/airflow/dags
[2026-09-15T20:16:02.798+0000] {manager.py:821} INFO - Searching for files in /opt/airflow/dags
[2026-09-15T20:16:02.822+0000] {manager.py:824} INFO - There are 1 files in /opt/airflow/dags
[2026-09-15T20:16:07.856+0000] {manager.py:821} INFO - Searching for files in /opt/airflow/dags
[2026-09-15T20:16:07.875+0000] {manager.py:824} INFO - There are 1 files in /opt/airflow/dags
[2026-09-15T20:16:07.886+0000] {manager.py:997} INFO - 
================================================================================
DAG File Processing Stats

File Path                          PID    Runtime      # DAGs    # Errors  Last Runtime    Last Run               Last # of DB Queries
---------------------------------  -----  ---------  --------  ----------  --------------  -------------------  ----------------------
/opt/airflow/dags/waseet_daily.py                           1           0  0.11s           2026-09-15T20:15:40                      12
================================================================================
[2026-09-15T20:16:12.931+0000] {manager.py:821} INFO - Searching for files in /opt/airflow/dags
[2026-09-15T20:16:12.963+0000] {manager.py:824} INFO - There are 1 files in /opt/airflow/dags
[2026-09-15T20:16:17.999+0000] {manager.py:821} INFO - Searching for files in /opt/airflow/dags
[2026-09-15T20:16:18.012+0000] {manager.py:824} INFO - There are 1 files in /opt/airflow/dags
[2026-09-15T20:16:23.051+0000] {manager.py:821} INFO - Searching for files in /opt/airflow/dags
[2026-09-15T20:16:23.079+0000] {manager.py:824} INFO - There are 1 files in /opt/airflow/dags
[2026-09-15T20:16:28.123+0000] {manager.py:821} INFO - Searching for files in /opt/airflow/dags
[2026-09-15T20:16:28.155+0000] {manager.py:824} INFO - There are 1 files in /opt/airflow/dags
[2026-09-15T20:16:33.195+0000] {manager.py:821} INFO - Searching for files in /opt/airflow/dags
[2026-09-15T20:16:33.217+0000] {manager.py:824} INFO - There are 1 files in /opt/airflow/dags
[2026-09-15T20:16:38.254+0000] {manager.py:821} INFO - Searching for files in /opt/airflow/dags
[2026-09-15T20:16:38.275+0000] {manager.py:824} INFO - There are 1 files in /opt/airflow/dags
[2026-09-15T20:16:38.283+0000] {manager.py:997} INFO - 
================================================================================
DAG File Processing Stats

File Path                          PID    Runtime      # DAGs    # Errors  Last Runtime    Last Run               Last # of DB Queries
---------------------------------  -----  ---------  --------  ----------  --------------  -------------------  ----------------------
/opt/airflow/dags/waseet_daily.py                           1           0  0.12s           2026-09-15T20:16:11                      12
================================================================================
[2026-09-15T20:16:43.331+0000] {manager.py:821} INFO - Searching for files in /opt/airflow/dags
[2026-09-15T20:16:43.347+0000] {manager.py:824} INFO - There are 1 files in /opt/airflow/dags
[2026-09-15T20:16:48.386+0000] {manager.py:821} INFO - Searching for files in /opt/airflow/dags
[2026-09-15T20:16:48.413+0000] {manager.py:824} INFO - There are 1 files in /opt/airflow/dags
[2026-09-15T20:16:53.452+0000] {manager.py:821} INFO - Searching for files in /opt/airflow/dags
[2026-09-15T20:16:53.474+0000] {manager.py:824} INFO - There are 1 files in /opt/airflow/dags
[2026-09-15T20:16:58.512+0000] {manager.py:821} INFO - Searching for files in /opt/airflow/dags
[2026-09-15T20:16:58.537+0000] {manager.py:824} INFO - There are 1 files in /opt/airflow/dags
[2026-09-15T20:17:03.569+0000] {manager.py:821} INFO - Searching for files in /opt/airflow/dags
[2026-09-15T20:17:03.585+0000] {manager.py:824} INFO - There are 1 files in /opt/airflow/dags
[2026-09-15T20:17:08.626+0000] {manager.py:821} INFO - Searching for files in /opt/airflow/dags
[2026-09-15T20:17:08.653+0000] {manager.py:824} INFO - There are 1 files in /opt/airflow/dags
[2026-09-15T20:17:08.662+0000] {manager.py:997} INFO - 
================================================================================
DAG File Processing Stats

File Path                          PID    Runtime      # DAGs    # Errors  Last Runtime    Last Run               Last # of DB Queries
---------------------------------  -----  ---------  --------  ----------  --------------  -------------------  ----------------------
/opt/airflow/dags/waseet_daily.py                           1           0  0.12s           2026-09-15T20:16:41                      12
================================================================================
[2026-09-15T20:17:13.730+0000] {manager.py:821} INFO - Searching for files in /opt/airflow/dags
[2026-09-15T20:17:13.767+0000] {manager.py:824} INFO - There are 1 files in /opt/airflow/dags
[2026-09-15T20:17:18.813+0000] {manager.py:821} INFO - Searching for files in /opt/airflow/dags
[2026-09-15T20:17:18.832+0000] {manager.py:824} INFO - There are 1 files in /opt/airflow/dags
[2026-09-15T20:17:23.870+0000] {manager.py:821} INFO - Searching for files in /opt/airflow/dags
[2026-09-15T20:17:23.902+0000] {manager.py:824} INFO - There are 1 files in /opt/airflow/dags
[2026-09-15T20:17:28.934+0000] {manager.py:821} INFO - Searching for files in /opt/airflow/dags
[2026-09-15T20:17:28.954+0000] {manager.py:824} INFO - There are 1 files in /opt/airflow/dags
[2026-09-15T20:17:33.989+0000] {manager.py:821} INFO - Searching for files in /opt/airflow/dags
[2026-09-15T20:17:34.018+0000] {manager.py:824} INFO - There are 1 files in /opt/airflow/dags
[2026-09-15T20:17:39.056+0000] {manager.py:821} INFO - Searching for files in /opt/airflow/dags
[2026-09-15T20:17:39.081+0000] {manager.py:824} INFO - There are 1 files in /opt/airflow/dags
[2026-09-15T20:17:39.090+0000] {manager.py:997} INFO - 
================================================================================
DAG File Processing Stats

File Path                          PID    Runtime      # DAGs    # Errors  Last Runtime    Last Run               Last # of DB Queries
---------------------------------  -----  ---------  --------  ----------  --------------  -------------------  ----------------------
/opt/airflow/dags/waseet_daily.py                           1           0  0.16s           2026-09-15T20:17:11                      12
================================================================================
[2026-09-15T20:17:44.154+0000] {manager.py:821} INFO - Searching for files in /opt/airflow/dags
[2026-09-15T20:17:44.203+0000] {manager.py:824} INFO - There are 1 files in /opt/airflow/dags
[2026-09-15T20:17:49.249+0000] {manager.py:821} INFO - Searching for files in /opt/airflow/dags
[2026-09-15T20:17:49.274+0000] {manager.py:824} INFO - There are 1 files in /opt/airflow/dags
[2026-09-15T20:17:54.309+0000] {manager.py:821} INFO - Searching for files in /opt/airflow/dags
[2026-09-15T20:17:54.322+0000] {manager.py:824} INFO - There are 1 files in /opt/airflow/dags
[2026-09-15T20:17:59.359+0000] {manager.py:821} INFO - Searching for files in /opt/airflow/dags
[2026-09-15T20:17:59.382+0000] {manager.py:824} INFO - There are 1 files in /opt/airflow/dags
[2026-09-15T20:18:04.425+0000] {manager.py:821} INFO - Searching for files in /opt/airflow/dags
[2026-09-15T20:18:04.441+0000] {manager.py:824} INFO - There are 1 files in /opt/airflow/dags
[2026-09-15T20:18:09.474+0000] {manager.py:821} INFO - Searching for files in /opt/airflow/dags
[2026-09-15T20:18:09.488+0000] {manager.py:824} INFO - There are 1 files in /opt/airflow/dags
[2026-09-15T20:18:09.497+0000] {manager.py:997} INFO - 
================================================================================
DAG File Processing Stats

File Path                          PID    Runtime      # DAGs    # Errors  Last Runtime    Last Run               Last # of DB Queries
---------------------------------  -----  ---------  --------  ----------  --------------  -------------------  ----------------------
/opt/airflow/dags/waseet_daily.py                           1           0  0.15s           2026-09-15T20:17:42                      12
================================================================================
[2026-09-15T20:18:14.543+0000] {manager.py:821} INFO - Searching for files in /opt/airflow/dags
[2026-09-15T20:18:14.588+0000] {manager.py:824} INFO - There are 1 files in /opt/airflow/dags
[2026-09-15T20:18:19.634+0000] {manager.py:821} INFO - Searching for files in /opt/airflow/dags
[2026-09-15T20:18:19.654+0000] {manager.py:824} INFO - There are 1 files in /opt/airflow/dags
[2026-09-15T20:18:24.689+0000] {manager.py:821} INFO - Searching for files in /opt/airflow/dags
[2026-09-15T20:18:24.711+0000] {manager.py:824} INFO - There are 1 files in /opt/airflow/dags
[2026-09-15T20:18:29.748+0000] {manager.py:821} INFO - Searching for files in /opt/airflow/dags
[2026-09-15T20:18:29.764+0000] {manager.py:824} INFO - There are 1 files in /opt/airflow/dags
[2026-09-15T20:18:34.804+0000] {manager.py:821} INFO - Searching for files in /opt/airflow/dags
[2026-09-15T20:18:34.818+0000] {manager.py:824} INFO - There are 1 files in /opt/airflow/dags
[2026-09-15T20:18:39.853+0000] {manager.py:821} INFO - Searching for files in /opt/airflow/dags
[2026-09-15T20:18:39.876+0000] {manager.py:824} INFO - There are 1 files in /opt/airflow/dags
[2026-09-15T20:18:39.885+0000] {manager.py:997} INFO - 
================================================================================
DAG File Processing Stats

File Path                          PID    Runtime      # DAGs    # Errors  Last Runtime    Last Run               Last # of DB Queries
---------------------------------  -----  ---------  --------  ----------  --------------  -------------------  ----------------------
/opt/airflow/dags/waseet_daily.py                           1           0  0.15s           2026-09-15T20:18:12                      12
================================================================================
[2026-09-15T20:18:44.928+0000] {manager.py:821} INFO - Searching for files in /opt/airflow/dags
[2026-09-15T20:18:44.947+0000] {manager.py:824} INFO - There are 1 files in /opt/airflow/dags
[2026-09-15T20:18:49.990+0000] {manager.py:821} INFO - Searching for files in /opt/airflow/dags
[2026-09-15T20:18:50.011+0000] {manager.py:824} INFO - There are 1 files in /opt/airflow/dags
[2026-09-15T20:18:55.047+0000] {manager.py:821} INFO - Searching for files in /opt/airflow/dags
[2026-09-15T20:18:55.070+0000] {manager.py:824} INFO - There are 1 files in /opt/airflow/dags
[2026-09-15T20:19:00.106+0000] {manager.py:821} INFO - Searching for files in /opt/airflow/dags
[2026-09-15T20:19:00.124+0000] {manager.py:824} INFO - There are 1 files in /opt/airflow/dags
[2026-09-15T20:19:05.160+0000] {manager.py:821} INFO - Searching for files in /opt/airflow/dags
[2026-09-15T20:19:05.175+0000] {manager.py:824} INFO - There are 1 files in /opt/airflow/dags
[2026-09-15T20:19:10.210+0000] {manager.py:821} INFO - Searching for files in /opt/airflow/dags
[2026-09-15T20:19:10.236+0000] {manager.py:824} INFO - There are 1 files in /opt/airflow/dags
[2026-09-15T20:19:10.244+0000] {manager.py:997} INFO - 
================================================================================
DAG File Processing Stats

File Path                          PID    Runtime      # DAGs    # Errors  Last Runtime    Last Run               Last # of DB Queries
---------------------------------  -----  ---------  --------  ----------  --------------  -------------------  ----------------------
/opt/airflow/dags/waseet_daily.py                           1           0  0.12s           2026-09-15T20:18:43                      12
================================================================================
[2026-09-15T20:19:15.293+0000] {manager.py:821} INFO - Searching for files in /opt/airflow/dags
[2026-09-15T20:19:15.310+0000] {manager.py:824} INFO - There are 1 files in /opt/airflow/dags
[2026-09-15T20:19:20.349+0000] {manager.py:821} INFO - Searching for files in /opt/airflow/dags
[2026-09-15T20:19:20.372+0000] {manager.py:824} INFO - There are 1 files in /opt/airflow/dags
[2026-09-15T20:19:25.410+0000] {manager.py:821} INFO - Searching for files in /opt/airflow/dags
[2026-09-15T20:19:25.428+0000] {manager.py:824} INFO - There are 1 files in /opt/airflow/dags
[2026-09-15T20:19:30.463+0000] {manager.py:821} INFO - Searching for files in /opt/airflow/dags
[2026-09-15T20:19:30.478+0000] {manager.py:824} INFO - There are 1 files in /opt/airflow/dags
[2026-09-15T20:19:35.518+0000] {manager.py:821} INFO - Searching for files in /opt/airflow/dags
[2026-09-15T20:19:35.547+0000] {manager.py:824} INFO - There are 1 files in /opt/airflow/dags
[2026-09-15T20:19:40.583+0000] {manager.py:821} INFO - Searching for files in /opt/airflow/dags
[2026-09-15T20:19:40.601+0000] {manager.py:824} INFO - There are 1 files in /opt/airflow/dags
[2026-09-15T20:19:40.609+0000] {manager.py:997} INFO - 
================================================================================
DAG File Processing Stats

File Path                          PID    Runtime      # DAGs    # Errors  Last Runtime    Last Run               Last # of DB Queries
---------------------------------  -----  ---------  --------  ----------  --------------  -------------------  ----------------------
/opt/airflow/dags/waseet_daily.py                           1           0  0.11s           2026-09-15T20:19:13                      12
================================================================================
[2026-09-15T20:19:45.663+0000] {manager.py:821} INFO - Searching for files in /opt/airflow/dags
[2026-09-15T20:19:45.688+0000] {manager.py:824} INFO - There are 1 files in /opt/airflow/dags
[2026-09-15T20:19:50.727+0000] {manager.py:821} INFO - Searching for files in /opt/airflow/dags
[2026-09-15T20:19:50.765+0000] {manager.py:824} INFO - There are 1 files in /opt/airflow/dags
[2026-09-15T20:19:55.809+0000] {manager.py:821} INFO - Searching for files in /opt/airflow/dags
[2026-09-15T20:19:55.824+0000] {manager.py:824} INFO - There are 1 files in /opt/airflow/dags
[2026-09-15T20:20:00.870+0000] {manager.py:821} INFO - Searching for files in /opt/airflow/dags
[2026-09-15T20:20:00.886+0000] {manager.py:824} INFO - There are 1 files in /opt/airflow/dags
[2026-09-15T20:20:05.918+0000] {manager.py:821} INFO - Searching for files in /opt/airflow/dags
[2026-09-15T20:20:05.946+0000] {manager.py:824} INFO - There are 1 files in /opt/airflow/dags
[2026-09-15T20:20:10.993+0000] {manager.py:821} INFO - Searching for files in /opt/airflow/dags
[2026-09-15T20:20:11.007+0000] {manager.py:824} INFO - There are 1 files in /opt/airflow/dags
[2026-09-15T20:20:11.015+0000] {manager.py:997} INFO - 
================================================================================
DAG File Processing Stats

File Path                          PID    Runtime      # DAGs    # Errors  Last Runtime    Last Run               Last # of DB Queries
---------------------------------  -----  ---------  --------  ----------  --------------  -------------------  ----------------------
/opt/airflow/dags/waseet_daily.py                           1           0  0.16s           2026-09-15T20:19:43                      12
================================================================================
[2026-09-15T20:20:16.077+0000] {manager.py:821} INFO - Searching for files in /opt/airflow/dags
[2026-09-15T20:20:16.115+0000] {manager.py:824} INFO - There are 1 files in /opt/airflow/dags
[2026-09-15T20:20:21.154+0000] {manager.py:821} INFO - Searching for files in /opt/airflow/dags
[2026-09-15T20:20:21.166+0000] {manager.py:824} INFO - There are 1 files in /opt/airflow/dags
[2026-09-15T20:20:26.203+0000] {manager.py:821} INFO - Searching for files in /opt/airflow/dags
[2026-09-15T20:20:26.229+0000] {manager.py:824} INFO - There are 1 files in /opt/airflow/dags
[2026-09-15T20:20:31.265+0000] {manager.py:821} INFO - Searching for files in /opt/airflow/dags
[2026-09-15T20:20:31.280+0000] {manager.py:824} INFO - There are 1 files in /opt/airflow/dags
[2026-09-15T20:20:36.315+0000] {manager.py:821} INFO - Searching for files in /opt/airflow/dags
[2026-09-15T20:20:36.345+0000] {manager.py:824} INFO - There are 1 files in /opt/airflow/dags
[2026-09-15T20:20:41.383+0000] {manager.py:821} INFO - Searching for files in /opt/airflow/dags
[2026-09-15T20:20:41.431+0000] {manager.py:824} INFO - There are 1 files in /opt/airflow/dags
[2026-09-15T20:20:41.441+0000] {manager.py:997} INFO - 
================================================================================
DAG File Processing Stats

File Path                          PID    Runtime      # DAGs    # Errors  Last Runtime    Last Run               Last # of DB Queries
---------------------------------  -----  ---------  --------  ----------  --------------  -------------------  ----------------------
/opt/airflow/dags/waseet_daily.py                           1           0  0.14s           2026-09-15T20:20:14                      12
================================================================================
[2026-09-15T20:20:46.496+0000] {manager.py:821} INFO - Searching for files in /opt/airflow/dags
[2026-09-15T20:20:46.514+0000] {manager.py:824} INFO - There are 1 files in /opt/airflow/dags
[2026-09-15T20:20:51.550+0000] {manager.py:821} INFO - Searching for files in /opt/airflow/dags
[2026-09-15T20:20:51.591+0000] {manager.py:824} INFO - There are 1 files in /opt/airflow/dags
[2026-09-15T20:20:56.636+0000] {manager.py:821} INFO - Searching for files in /opt/airflow/dags
[2026-09-15T20:20:56.662+0000] {manager.py:824} INFO - There are 1 files in /opt/airflow/dags
[2026-09-15T20:21:01.700+0000] {manager.py:821} INFO - Searching for files in /opt/airflow/dags
[2026-09-15T20:21:01.723+0000] {manager.py:824} INFO - There are 1 files in /opt/airflow/dags
[2026-09-15T20:21:06.768+0000] {manager.py:821} INFO - Searching for files in /opt/airflow/dags
[2026-09-15T20:21:06.789+0000] {manager.py:824} INFO - There are 1 files in /opt/airflow/dags
[2026-09-15T20:21:11.829+0000] {manager.py:821} INFO - Searching for files in /opt/airflow/dags
[2026-09-15T20:21:11.868+0000] {manager.py:824} INFO - There are 1 files in /opt/airflow/dags
[2026-09-15T20:21:11.877+0000] {manager.py:997} INFO - 
================================================================================
DAG File Processing Stats

File Path                          PID    Runtime      # DAGs    # Errors  Last Runtime    Last Run               Last # of DB Queries
---------------------------------  -----  ---------  --------  ----------  --------------  -------------------  ----------------------
/opt/airflow/dags/waseet_daily.py                           1           0  0.16s           2026-09-15T20:20:44                      12
================================================================================
[2026-09-15T20:21:16.929+0000] {manager.py:821} INFO - Searching for files in /opt/airflow/dags
[2026-09-15T20:21:16.962+0000] {manager.py:824} INFO - There are 1 files in /opt/airflow/dags
[2026-09-15T20:21:22.010+0000] {manager.py:821} INFO - Searching for files in /opt/airflow/dags
[2026-09-15T20:21:22.051+0000] {manager.py:824} INFO - There are 1 files in /opt/airflow/dags
[2026-09-15T20:21:27.096+0000] {manager.py:821} INFO - Searching for files in /opt/airflow/dags
[2026-09-15T20:21:27.116+0000] {manager.py:824} INFO - There are 1 files in /opt/airflow/dags
[2026-09-15T20:21:32.153+0000] {manager.py:821} INFO - Searching for files in /opt/airflow/dags
[2026-09-15T20:21:32.184+0000] {manager.py:824} INFO - There are 1 files in /opt/airflow/dags
[2026-09-15T20:21:37.230+0000] {manager.py:821} INFO - Searching for files in /opt/airflow/dags
[2026-09-15T20:21:37.258+0000] {manager.py:824} INFO - There are 1 files in /opt/airflow/dags
[2026-09-15T20:21:42.300+0000] {manager.py:821} INFO - Searching for files in /opt/airflow/dags
[2026-09-15T20:21:42.320+0000] {manager.py:824} INFO - There are 1 files in /opt/airflow/dags
[2026-09-15T20:21:42.329+0000] {manager.py:997} INFO - 
================================================================================
DAG File Processing Stats

File Path                          PID    Runtime      # DAGs    # Errors  Last Runtime    Last Run               Last # of DB Queries
---------------------------------  -----  ---------  --------  ----------  --------------  -------------------  ----------------------
/opt/airflow/dags/waseet_daily.py                           1           0  0.13s           2026-09-15T20:21:15                      12
================================================================================
[2026-09-15T20:21:47.387+0000] {manager.py:821} INFO - Searching for files in /opt/airflow/dags
[2026-09-15T20:21:47.403+0000] {manager.py:824} INFO - There are 1 files in /opt/airflow/dags
[2026-09-15T20:21:52.442+0000] {manager.py:821} INFO - Searching for files in /opt/airflow/dags
[2026-09-15T20:21:52.457+0000] {manager.py:824} INFO - There are 1 files in /opt/airflow/dags
[2026-09-15T20:21:57.498+0000] {manager.py:821} INFO - Searching for files in /opt/airflow/dags
[2026-09-15T20:21:57.521+0000] {manager.py:824} INFO - There are 1 files in /opt/airflow/dags
[2026-09-15T20:22:02.563+0000] {manager.py:821} INFO - Searching for files in /opt/airflow/dags
[2026-09-15T20:22:02.617+0000] {manager.py:824} INFO - There are 1 files in /opt/airflow/dags
[2026-09-15T20:22:07.656+0000] {manager.py:821} INFO - Searching for files in /opt/airflow/dags
[2026-09-15T20:22:07.700+0000] {manager.py:824} INFO - There are 1 files in /opt/airflow/dags
[2026-09-15T20:22:12.743+0000] {manager.py:821} INFO - Searching for files in /opt/airflow/dags
[2026-09-15T20:22:12.794+0000] {manager.py:824} INFO - There are 1 files in /opt/airflow/dags
[2026-09-15T20:22:12.812+0000] {manager.py:997} INFO - 
================================================================================
DAG File Processing Stats

File Path                          PID    Runtime      # DAGs    # Errors  Last Runtime    Last Run               Last # of DB Queries
---------------------------------  -----  ---------  --------  ----------  --------------  -------------------  ----------------------
/opt/airflow/dags/waseet_daily.py                           1           0  0.19s           2026-09-15T20:21:45                      12
================================================================================
[2026-09-15T20:22:17.862+0000] {manager.py:821} INFO - Searching for files in /opt/airflow/dags
[2026-09-15T20:22:17.891+0000] {manager.py:824} INFO - There are 1 files in /opt/airflow/dags
[2026-09-15T20:22:22.930+0000] {manager.py:821} INFO - Searching for files in /opt/airflow/dags
[2026-09-15T20:22:22.976+0000] {manager.py:824} INFO - There are 1 files in /opt/airflow/dags
[2026-09-15T20:22:28.018+0000] {manager.py:821} INFO - Searching for files in /opt/airflow/dags
[2026-09-15T20:22:28.060+0000] {manager.py:824} INFO - There are 1 files in /opt/airflow/dags
[2026-09-15T20:22:33.102+0000] {manager.py:821} INFO - Searching for files in /opt/airflow/dags
[2026-09-15T20:22:33.118+0000] {manager.py:824} INFO - There are 1 files in /opt/airflow/dags
[2026-09-15T20:22:38.164+0000] {manager.py:821} INFO - Searching for files in /opt/airflow/dags
[2026-09-15T20:22:38.207+0000] {manager.py:824} INFO - There are 1 files in /opt/airflow/dags
[2026-09-15T20:22:43.251+0000] {manager.py:821} INFO - Searching for files in /opt/airflow/dags
[2026-09-15T20:22:43.287+0000] {manager.py:824} INFO - There are 1 files in /opt/airflow/dags
[2026-09-15T20:22:43.298+0000] {manager.py:997} INFO - 
================================================================================
DAG File Processing Stats

File Path                          PID    Runtime      # DAGs    # Errors  Last Runtime    Last Run               Last # of DB Queries
---------------------------------  -----  ---------  --------  ----------  --------------  -------------------  ----------------------
/opt/airflow/dags/waseet_daily.py                           1           0  0.14s           2026-09-15T20:22:15                      12
================================================================================
[2026-09-15T20:22:48.350+0000] {manager.py:821} INFO - Searching for files in /opt/airflow/dags
[2026-09-15T20:22:48.379+0000] {manager.py:824} INFO - There are 1 files in /opt/airflow/dags
[2026-09-15T20:22:53.423+0000] {manager.py:821} INFO - Searching for files in /opt/airflow/dags
[2026-09-15T20:22:53.458+0000] {manager.py:824} INFO - There are 1 files in /opt/airflow/dags
[2026-09-15T20:22:58.503+0000] {manager.py:821} INFO - Searching for files in /opt/airflow/dags
[2026-09-15T20:22:58.522+0000] {manager.py:824} INFO - There are 1 files in /opt/airflow/dags
[2026-09-15T20:23:03.563+0000] {manager.py:821} INFO - Searching for files in /opt/airflow/dags
[2026-09-15T20:23:03.583+0000] {manager.py:824} INFO - There are 1 files in /opt/airflow/dags
[2026-09-15T20:23:08.633+0000] {manager.py:821} INFO - Searching for files in /opt/airflow/dags
[2026-09-15T20:23:08.647+0000] {manager.py:824} INFO - There are 1 files in /opt/airflow/dags
[2026-09-15T20:23:13.693+0000] {manager.py:821} INFO - Searching for files in /opt/airflow/dags
[2026-09-15T20:23:13.729+0000] {manager.py:824} INFO - There are 1 files in /opt/airflow/dags
[2026-09-15T20:23:13.742+0000] {manager.py:997} INFO - 
================================================================================
DAG File Processing Stats

File Path                          PID    Runtime      # DAGs    # Errors  Last Runtime    Last Run               Last # of DB Queries
---------------------------------  -----  ---------  --------  ----------  --------------  -------------------  ----------------------
/opt/airflow/dags/waseet_daily.py                           1           0  0.15s           2026-09-15T20:22:46                      12
================================================================================
[2026-09-15T20:23:18.799+0000] {manager.py:821} INFO - Searching for files in /opt/airflow/dags
[2026-09-15T20:23:18.830+0000] {manager.py:824} INFO - There are 1 files in /opt/airflow/dags
[2026-09-15T20:23:23.869+0000] {manager.py:821} INFO - Searching for files in /opt/airflow/dags
[2026-09-15T20:23:23.885+0000] {manager.py:824} INFO - There are 1 files in /opt/airflow/dags
[2026-09-15T20:23:28.926+0000] {manager.py:821} INFO - Searching for files in /opt/airflow/dags
[2026-09-15T20:23:28.955+0000] {manager.py:824} INFO - There are 1 files in /opt/airflow/dags
[2026-09-15T20:23:33.991+0000] {manager.py:821} INFO - Searching for files in /opt/airflow/dags
[2026-09-15T20:23:34.031+0000] {manager.py:824} INFO - There are 1 files in /opt/airflow/dags
[2026-09-15T20:23:39.074+0000] {manager.py:821} INFO - Searching for files in /opt/airflow/dags
[2026-09-15T20:23:39.089+0000] {manager.py:824} INFO - There are 1 files in /opt/airflow/dags
[2026-09-15T20:23:44.126+0000] {manager.py:821} INFO - Searching for files in /opt/airflow/dags
[2026-09-15T20:23:44.151+0000] {manager.py:824} INFO - There are 1 files in /opt/airflow/dags
[2026-09-15T20:23:44.159+0000] {manager.py:997} INFO - 
================================================================================
DAG File Processing Stats

File Path                          PID    Runtime      # DAGs    # Errors  Last Runtime    Last Run               Last # of DB Queries
---------------------------------  -----  ---------  --------  ----------  --------------  -------------------  ----------------------
/opt/airflow/dags/waseet_daily.py                           1           0  0.13s           2026-09-15T20:23:16                      12
================================================================================
[2026-09-15T20:23:49.231+0000] {manager.py:821} INFO - Searching for files in /opt/airflow/dags
[2026-09-15T20:23:49.259+0000] {manager.py:824} INFO - There are 1 files in /opt/airflow/dags
[2026-09-15T20:23:54.298+0000] {manager.py:821} INFO - Searching for files in /opt/airflow/dags
[2026-09-15T20:23:54.313+0000] {manager.py:824} INFO - There are 1 files in /opt/airflow/dags
[2026-09-15T20:23:59.358+0000] {manager.py:821} INFO - Searching for files in /opt/airflow/dags
[2026-09-15T20:23:59.386+0000] {manager.py:824} INFO - There are 1 files in /opt/airflow/dags
[2026-09-15T20:24:04.427+0000] {manager.py:821} INFO - Searching for files in /opt/airflow/dags
[2026-09-15T20:24:04.479+0000] {manager.py:824} INFO - There are 1 files in /opt/airflow/dags
[2026-09-15T20:24:09.521+0000] {manager.py:821} INFO - Searching for files in /opt/airflow/dags
[2026-09-15T20:24:09.564+0000] {manager.py:824} INFO - There are 1 files in /opt/airflow/dags
[2026-09-15T20:24:14.601+0000] {manager.py:821} INFO - Searching for files in /opt/airflow/dags
[2026-09-15T20:24:14.623+0000] {manager.py:824} INFO - There are 1 files in /opt/airflow/dags
[2026-09-15T20:24:14.632+0000] {manager.py:997} INFO - 
================================================================================
DAG File Processing Stats

File Path                          PID    Runtime      # DAGs    # Errors  Last Runtime    Last Run               Last # of DB Queries
---------------------------------  -----  ---------  --------  ----------  --------------  -------------------  ----------------------
/opt/airflow/dags/waseet_daily.py                           1           0  0.13s           2026-09-15T20:23:47                      12
================================================================================
[2026-09-15T20:24:19.685+0000] {manager.py:821} INFO - Searching for files in /opt/airflow/dags
[2026-09-15T20:24:19.720+0000] {manager.py:824} INFO - There are 1 files in /opt/airflow/dags
[2026-09-15T20:24:24.763+0000] {manager.py:821} INFO - Searching for files in /opt/airflow/dags
[2026-09-15T20:24:24.790+0000] {manager.py:824} INFO - There are 1 files in /opt/airflow/dags
[2026-09-15T20:24:29.836+0000] {manager.py:821} INFO - Searching for files in /opt/airflow/dags
[2026-09-15T20:24:29.869+0000] {manager.py:824} INFO - There are 1 files in /opt/airflow/dags
[2026-09-15T20:24:34.910+0000] {manager.py:821} INFO - Searching for files in /opt/airflow/dags
[2026-09-15T20:24:34.955+0000] {manager.py:824} INFO - There are 1 files in /opt/airflow/dags
[2026-09-15T20:24:39.989+0000] {manager.py:821} INFO - Searching for files in /opt/airflow/dags
[2026-09-15T20:24:40.026+0000] {manager.py:824} INFO - There are 1 files in /opt/airflow/dags
[2026-09-15T20:24:45.066+0000] {manager.py:821} INFO - Searching for files in /opt/airflow/dags
[2026-09-15T20:24:45.109+0000] {manager.py:824} INFO - There are 1 files in /opt/airflow/dags
[2026-09-15T20:24:45.118+0000] {manager.py:997} INFO - 
================================================================================
DAG File Processing Stats

File Path                          PID    Runtime      # DAGs    # Errors  Last Runtime    Last Run               Last # of DB Queries
---------------------------------  -----  ---------  --------  ----------  --------------  -------------------  ----------------------
/opt/airflow/dags/waseet_daily.py                           1           0  0.12s           2026-09-15T20:24:17                      12
================================================================================
[2026-09-15T20:24:50.183+0000] {manager.py:821} INFO - Searching for files in /opt/airflow/dags
[2026-09-15T20:24:50.216+0000] {manager.py:824} INFO - There are 1 files in /opt/airflow/dags
[2026-09-15T20:24:55.252+0000] {manager.py:821} INFO - Searching for files in /opt/airflow/dags
[2026-09-15T20:24:55.286+0000] {manager.py:824} INFO - There are 1 files in /opt/airflow/dags
[2026-09-15T20:25:00.326+0000] {manager.py:821} INFO - Searching for files in /opt/airflow/dags
[2026-09-15T20:25:00.356+0000] {manager.py:824} INFO - There are 1 files in /opt/airflow/dags
[2026-09-15T20:25:05.399+0000] {manager.py:821} INFO - Searching for files in /opt/airflow/dags
[2026-09-15T20:25:05.437+0000] {manager.py:824} INFO - There are 1 files in /opt/airflow/dags
[2026-09-15T20:25:10.480+0000] {manager.py:821} INFO - Searching for files in /opt/airflow/dags
[2026-09-15T20:25:10.497+0000] {manager.py:824} INFO - There are 1 files in /opt/airflow/dags
[2026-09-15T20:25:15.535+0000] {manager.py:821} INFO - Searching for files in /opt/airflow/dags
[2026-09-15T20:25:15.550+0000] {manager.py:824} INFO - There are 1 files in /opt/airflow/dags
[2026-09-15T20:25:15.559+0000] {manager.py:997} INFO - 
================================================================================
DAG File Processing Stats

File Path                          PID    Runtime      # DAGs    # Errors  Last Runtime    Last Run               Last # of DB Queries
---------------------------------  -----  ---------  --------  ----------  --------------  -------------------  ----------------------
/opt/airflow/dags/waseet_daily.py                           1           0  0.18s           2026-09-15T20:24:48                      12
================================================================================
[2026-09-15T20:25:20.606+0000] {manager.py:821} INFO - Searching for files in /opt/airflow/dags
[2026-09-15T20:25:20.641+0000] {manager.py:824} INFO - There are 1 files in /opt/airflow/dags
[2026-09-15T20:25:25.677+0000] {manager.py:821} INFO - Searching for files in /opt/airflow/dags
[2026-09-15T20:25:25.708+0000] {manager.py:824} INFO - There are 1 files in /opt/airflow/dags
[2026-09-15T20:25:30.742+0000] {manager.py:821} INFO - Searching for files in /opt/airflow/dags
[2026-09-15T20:25:30.767+0000] {manager.py:824} INFO - There are 1 files in /opt/airflow/dags
[2026-09-15T20:25:35.805+0000] {manager.py:821} INFO - Searching for files in /opt/airflow/dags
[2026-09-15T20:25:35.835+0000] {manager.py:824} INFO - There are 1 files in /opt/airflow/dags
[2026-09-15T20:25:40.875+0000] {manager.py:821} INFO - Searching for files in /opt/airflow/dags
[2026-09-15T20:25:40.915+0000] {manager.py:824} INFO - There are 1 files in /opt/airflow/dags
[2026-09-15T20:25:45.955+0000] {manager.py:821} INFO - Searching for files in /opt/airflow/dags
[2026-09-15T20:25:45.996+0000] {manager.py:824} INFO - There are 1 files in /opt/airflow/dags
[2026-09-15T20:25:46.007+0000] {manager.py:997} INFO - 
================================================================================
DAG File Processing Stats

File Path                          PID    Runtime      # DAGs    # Errors  Last Runtime    Last Run               Last # of DB Queries
---------------------------------  -----  ---------  --------  ----------  --------------  -------------------  ----------------------
/opt/airflow/dags/waseet_daily.py                           1           0  0.13s           2026-09-15T20:25:18                      12
================================================================================
[2026-09-15T20:25:51.052+0000] {manager.py:821} INFO - Searching for files in /opt/airflow/dags
[2026-09-15T20:25:51.098+0000] {manager.py:824} INFO - There are 1 files in /opt/airflow/dags
[2026-09-15T20:25:56.158+0000] {manager.py:821} INFO - Searching for files in /opt/airflow/dags
[2026-09-15T20:25:56.196+0000] {manager.py:824} INFO - There are 1 files in /opt/airflow/dags
[2026-09-15T20:26:01.238+0000] {manager.py:821} INFO - Searching for files in /opt/airflow/dags
[2026-09-15T20:26:01.253+0000] {manager.py:824} INFO - There are 1 files in /opt/airflow/dags
[2026-09-15T20:26:06.288+0000] {manager.py:821} INFO - Searching for files in /opt/airflow/dags
[2026-09-15T20:26:06.324+0000] {manager.py:824} INFO - There are 1 files in /opt/airflow/dags
[2026-09-15T20:26:11.364+0000] {manager.py:821} INFO - Searching for files in /opt/airflow/dags
[2026-09-15T20:26:11.395+0000] {manager.py:824} INFO - There are 1 files in /opt/airflow/dags
[2026-09-15T20:26:16.441+0000] {manager.py:821} INFO - Searching for files in /opt/airflow/dags
[2026-09-15T20:26:16.465+0000] {manager.py:824} INFO - There are 1 files in /opt/airflow/dags
[2026-09-15T20:26:16.474+0000] {manager.py:997} INFO - 
================================================================================
DAG File Processing Stats

File Path                          PID    Runtime      # DAGs    # Errors  Last Runtime    Last Run               Last # of DB Queries
---------------------------------  -----  ---------  --------  ----------  --------------  -------------------  ----------------------
/opt/airflow/dags/waseet_daily.py                           1           0  0.11s           2026-09-15T20:25:49                      12
================================================================================
[2026-09-15T20:26:21.536+0000] {manager.py:821} INFO - Searching for files in /opt/airflow/dags
[2026-09-15T20:26:21.552+0000] {manager.py:824} INFO - There are 1 files in /opt/airflow/dags
[2026-09-15T20:26:26.593+0000] {manager.py:821} INFO - Searching for files in /opt/airflow/dags
[2026-09-15T20:26:26.621+0000] {manager.py:824} INFO - There are 1 files in /opt/airflow/dags
[2026-09-15T20:26:31.668+0000] {manager.py:821} INFO - Searching for files in /opt/airflow/dags
[2026-09-15T20:26:31.699+0000] {manager.py:824} INFO - There are 1 files in /opt/airflow/dags
[2026-09-15T20:26:36.743+0000] {manager.py:821} INFO - Searching for files in /opt/airflow/dags
[2026-09-15T20:26:36.792+0000] {manager.py:824} INFO - There are 1 files in /opt/airflow/dags
[2026-09-15T20:26:41.830+0000] {manager.py:821} INFO - Searching for files in /opt/airflow/dags
[2026-09-15T20:26:41.847+0000] {manager.py:824} INFO - There are 1 files in /opt/airflow/dags
[2026-09-15T20:26:46.881+0000] {manager.py:821} INFO - Searching for files in /opt/airflow/dags
[2026-09-15T20:26:46.915+0000] {manager.py:824} INFO - There are 1 files in /opt/airflow/dags
[2026-09-15T20:26:46.924+0000] {manager.py:997} INFO - 
================================================================================
DAG File Processing Stats

File Path                          PID    Runtime      # DAGs    # Errors  Last Runtime    Last Run               Last # of DB Queries
---------------------------------  -----  ---------  --------  ----------  --------------  -------------------  ----------------------
/opt/airflow/dags/waseet_daily.py                           1           0  0.14s           2026-09-15T20:26:19                      12
================================================================================
[2026-09-15T20:26:51.978+0000] {manager.py:821} INFO - Searching for files in /opt/airflow/dags
[2026-09-15T20:26:51.996+0000] {manager.py:824} INFO - There are 1 files in /opt/airflow/dags
[2026-09-15T20:26:57.035+0000] {manager.py:821} INFO - Searching for files in /opt/airflow/dags
[2026-09-15T20:26:57.067+0000] {manager.py:824} INFO - There are 1 files in /opt/airflow/dags
[2026-09-15T20:27:02.106+0000] {manager.py:821} INFO - Searching for files in /opt/airflow/dags
[2026-09-15T20:27:02.151+0000] {manager.py:824} INFO - There are 1 files in /opt/airflow/dags
[2026-09-15T20:27:07.193+0000] {manager.py:821} INFO - Searching for files in /opt/airflow/dags
[2026-09-15T20:27:07.222+0000] {manager.py:824} INFO - There are 1 files in /opt/airflow/dags
[2026-09-15T20:27:12.272+0000] {manager.py:821} INFO - Searching for files in /opt/airflow/dags
[2026-09-15T20:27:12.305+0000] {manager.py:824} INFO - There are 1 files in /opt/airflow/dags
[2026-09-15T20:27:17.348+0000] {manager.py:821} INFO - Searching for files in /opt/airflow/dags
[2026-09-15T20:27:17.380+0000] {manager.py:824} INFO - There are 1 files in /opt/airflow/dags
[2026-09-15T20:27:17.389+0000] {manager.py:997} INFO - 
================================================================================
DAG File Processing Stats

File Path                          PID    Runtime      # DAGs    # Errors  Last Runtime    Last Run               Last # of DB Queries
---------------------------------  -----  ---------  --------  ----------  --------------  -------------------  ----------------------
/opt/airflow/dags/waseet_daily.py                           1           0  0.12s           2026-09-15T20:26:50                      12
================================================================================
[2026-09-15T20:27:22.455+0000] {manager.py:821} INFO - Searching for files in /opt/airflow/dags
[2026-09-15T20:27:22.499+0000] {manager.py:824} INFO - There are 1 files in /opt/airflow/dags
[2026-09-15T20:27:27.546+0000] {manager.py:821} INFO - Searching for files in /opt/airflow/dags
[2026-09-15T20:27:27.578+0000] {manager.py:824} INFO - There are 1 files in /opt/airflow/dags
[2026-09-15T20:27:32.646+0000] {manager.py:821} INFO - Searching for files in /opt/airflow/dags
[2026-09-15T20:27:32.664+0000] {manager.py:824} INFO - There are 1 files in /opt/airflow/dags
[2026-09-15T20:27:37.702+0000] {manager.py:821} INFO - Searching for files in /opt/airflow/dags
[2026-09-15T20:27:37.726+0000] {manager.py:824} INFO - There are 1 files in /opt/airflow/dags
[2026-09-15T20:27:42.766+0000] {manager.py:821} INFO - Searching for files in /opt/airflow/dags
[2026-09-15T20:27:42.796+0000] {manager.py:824} INFO - There are 1 files in /opt/airflow/dags
[2026-09-15T20:27:47.844+0000] {manager.py:821} INFO - Searching for files in /opt/airflow/dags
[2026-09-15T20:27:47.865+0000] {manager.py:824} INFO - There are 1 files in /opt/airflow/dags
[2026-09-15T20:27:47.875+0000] {manager.py:997} INFO - 
================================================================================
DAG File Processing Stats

File Path                          PID    Runtime      # DAGs    # Errors  Last Runtime    Last Run               Last # of DB Queries
---------------------------------  -----  ---------  --------  ----------  --------------  -------------------  ----------------------
/opt/airflow/dags/waseet_daily.py                           1           0  0.17s           2026-09-15T20:27:20                      12
================================================================================
[2026-09-15T20:27:52.928+0000] {manager.py:821} INFO - Searching for files in /opt/airflow/dags
[2026-09-15T20:27:52.963+0000] {manager.py:824} INFO - There are 1 files in /opt/airflow/dags
[2026-09-15T20:27:58.009+0000] {manager.py:821} INFO - Searching for files in /opt/airflow/dags
[2026-09-15T20:27:58.027+0000] {manager.py:824} INFO - There are 1 files in /opt/airflow/dags
[2026-09-15T20:28:03.066+0000] {manager.py:821} INFO - Searching for files in /opt/airflow/dags
[2026-09-15T20:28:03.099+0000] {manager.py:824} INFO - There are 1 files in /opt/airflow/dags
[2026-09-15T20:28:08.142+0000] {manager.py:821} INFO - Searching for files in /opt/airflow/dags
[2026-09-15T20:28:08.162+0000] {manager.py:824} INFO - There are 1 files in /opt/airflow/dags
[2026-09-15T20:28:13.202+0000] {manager.py:821} INFO - Searching for files in /opt/airflow/dags
[2026-09-15T20:28:13.219+0000] {manager.py:824} INFO - There are 1 files in /opt/airflow/dags
[2026-09-15T20:28:18.269+0000] {manager.py:821} INFO - Searching for files in /opt/airflow/dags
[2026-09-15T20:28:18.293+0000] {manager.py:824} INFO - There are 1 files in /opt/airflow/dags
[2026-09-15T20:28:18.302+0000] {manager.py:997} INFO - 
================================================================================
DAG File Processing Stats

File Path                          PID    Runtime      # DAGs    # Errors  Last Runtime    Last Run               Last # of DB Queries
---------------------------------  -----  ---------  --------  ----------  --------------  -------------------  ----------------------
/opt/airflow/dags/waseet_daily.py                           1           0  0.13s           2026-09-15T20:27:51                      12
================================================================================
[2026-09-15T20:28:23.353+0000] {manager.py:821} INFO - Searching for files in /opt/airflow/dags
[2026-09-15T20:28:23.372+0000] {manager.py:824} INFO - There are 1 files in /opt/airflow/dags
[2026-09-15T20:28:28.412+0000] {manager.py:821} INFO - Searching for files in /opt/airflow/dags
[2026-09-15T20:28:28.442+0000] {manager.py:824} INFO - There are 1 files in /opt/airflow/dags
[2026-09-15T20:28:33.490+0000] {manager.py:821} INFO - Searching for files in /opt/airflow/dags
[2026-09-15T20:28:33.524+0000] {manager.py:824} INFO - There are 1 files in /opt/airflow/dags
[2026-09-15T20:28:38.572+0000] {manager.py:821} INFO - Searching for files in /opt/airflow/dags
[2026-09-15T20:28:38.587+0000] {manager.py:824} INFO - There are 1 files in /opt/airflow/dags
[2026-09-15T20:28:43.639+0000] {manager.py:821} INFO - Searching for files in /opt/airflow/dags
[2026-09-15T20:28:43.654+0000] {manager.py:824} INFO - There are 1 files in /opt/airflow/dags
[2026-09-15T20:28:48.699+0000] {manager.py:821} INFO - Searching for files in /opt/airflow/dags
[2026-09-15T20:28:48.723+0000] {manager.py:824} INFO - There are 1 files in /opt/airflow/dags
[2026-09-15T20:28:48.734+0000] {manager.py:997} INFO - 
================================================================================
DAG File Processing Stats

File Path                          PID    Runtime      # DAGs    # Errors  Last Runtime    Last Run               Last # of DB Queries
---------------------------------  -----  ---------  --------  ----------  --------------  -------------------  ----------------------
/opt/airflow/dags/waseet_daily.py                           1           0  0.12s           2026-09-15T20:28:21                      12
================================================================================
[2026-09-15T20:28:53.801+0000] {manager.py:821} INFO - Searching for files in /opt/airflow/dags
[2026-09-15T20:28:53.832+0000] {manager.py:824} INFO - There are 1 files in /opt/airflow/dags
[2026-09-15T20:28:58.872+0000] {manager.py:821} INFO - Searching for files in /opt/airflow/dags
[2026-09-15T20:28:58.899+0000] {manager.py:824} INFO - There are 1 files in /opt/airflow/dags
[2026-09-15T20:29:03.937+0000] {manager.py:821} INFO - Searching for files in /opt/airflow/dags
[2026-09-15T20:29:03.952+0000] {manager.py:824} INFO - There are 1 files in /opt/airflow/dags
[2026-09-15T20:29:09.006+0000] {manager.py:821} INFO - Searching for files in /opt/airflow/dags
[2026-09-15T20:29:09.042+0000] {manager.py:824} INFO - There are 1 files in /opt/airflow/dags
[2026-09-15T20:29:14.080+0000] {manager.py:821} INFO - Searching for files in /opt/airflow/dags
[2026-09-15T20:29:14.116+0000] {manager.py:824} INFO - There are 1 files in /opt/airflow/dags
[2026-09-15T20:29:19.174+0000] {manager.py:821} INFO - Searching for files in /opt/airflow/dags
[2026-09-15T20:29:19.218+0000] {manager.py:824} INFO - There are 1 files in /opt/airflow/dags
[2026-09-15T20:29:19.231+0000] {manager.py:997} INFO - 
================================================================================
DAG File Processing Stats

File Path                          PID    Runtime      # DAGs    # Errors  Last Runtime    Last Run               Last # of DB Queries
---------------------------------  -----  ---------  --------  ----------  --------------  -------------------  ----------------------
/opt/airflow/dags/waseet_daily.py                           1           0  0.15s           2026-09-15T20:28:51                      12
================================================================================
[2026-09-15T20:29:24.291+0000] {manager.py:821} INFO - Searching for files in /opt/airflow/dags
[2026-09-15T20:29:24.327+0000] {manager.py:824} INFO - There are 1 files in /opt/airflow/dags
[2026-09-15T20:29:29.372+0000] {manager.py:821} INFO - Searching for files in /opt/airflow/dags
[2026-09-15T20:29:29.388+0000] {manager.py:824} INFO - There are 1 files in /opt/airflow/dags
[2026-09-15T20:29:34.425+0000] {manager.py:821} INFO - Searching for files in /opt/airflow/dags
[2026-09-15T20:29:34.457+0000] {manager.py:824} INFO - There are 1 files in /opt/airflow/dags
[2026-09-15T20:29:39.504+0000] {manager.py:821} INFO - Searching for files in /opt/airflow/dags
[2026-09-15T20:29:39.542+0000] {manager.py:824} INFO - There are 1 files in /opt/airflow/dags
[2026-09-15T20:29:44.584+0000] {manager.py:821} INFO - Searching for files in /opt/airflow/dags
[2026-09-15T20:29:44.622+0000] {manager.py:824} INFO - There are 1 files in /opt/airflow/dags
[2026-09-15T20:29:49.664+0000] {manager.py:821} INFO - Searching for files in /opt/airflow/dags
[2026-09-15T20:29:49.691+0000] {manager.py:824} INFO - There are 1 files in /opt/airflow/dags
[2026-09-15T20:29:49.701+0000] {manager.py:997} INFO - 
================================================================================
DAG File Processing Stats

File Path                          PID    Runtime      # DAGs    # Errors  Last Runtime    Last Run               Last # of DB Queries
---------------------------------  -----  ---------  --------  ----------  --------------  -------------------  ----------------------
/opt/airflow/dags/waseet_daily.py                           1           0  0.15s           2026-09-15T20:29:22                      12
================================================================================
[2026-09-15T20:29:54.763+0000] {manager.py:821} INFO - Searching for files in /opt/airflow/dags
[2026-09-15T20:29:54.778+0000] {manager.py:824} INFO - There are 1 files in /opt/airflow/dags
[2026-09-15T20:29:59.821+0000] {manager.py:821} INFO - Searching for files in /opt/airflow/dags
[2026-09-15T20:29:59.854+0000] {manager.py:824} INFO - There are 1 files in /opt/airflow/dags
[2026-09-15T20:30:04.918+0000] {manager.py:821} INFO - Searching for files in /opt/airflow/dags
[2026-09-15T20:30:04.952+0000] {manager.py:824} INFO - There are 1 files in /opt/airflow/dags
[2026-09-15T20:30:09.999+0000] {manager.py:821} INFO - Searching for files in /opt/airflow/dags
[2026-09-15T20:30:10.040+0000] {manager.py:824} INFO - There are 1 files in /opt/airflow/dags
[2026-09-15T20:30:15.096+0000] {manager.py:821} INFO - Searching for files in /opt/airflow/dags
[2026-09-15T20:30:15.118+0000] {manager.py:824} INFO - There are 1 files in /opt/airflow/dags
[2026-09-15T20:30:20.169+0000] {manager.py:821} INFO - Searching for files in /opt/airflow/dags
[2026-09-15T20:30:20.197+0000] {manager.py:824} INFO - There are 1 files in /opt/airflow/dags
[2026-09-15T20:30:20.206+0000] {manager.py:997} INFO - 
================================================================================
DAG File Processing Stats

File Path                          PID    Runtime      # DAGs    # Errors  Last Runtime    Last Run               Last # of DB Queries
---------------------------------  -----  ---------  --------  ----------  --------------  -------------------  ----------------------
/opt/airflow/dags/waseet_daily.py                           1           0  0.14s           2026-09-15T20:29:52                      12
================================================================================
[2026-09-15T20:30:25.264+0000] {manager.py:821} INFO - Searching for files in /opt/airflow/dags
[2026-09-15T20:30:25.296+0000] {manager.py:824} INFO - There are 1 files in /opt/airflow/dags
[2026-09-15T20:30:30.335+0000] {manager.py:821} INFO - Searching for files in /opt/airflow/dags
[2026-09-15T20:30:30.355+0000] {manager.py:824} INFO - There are 1 files in /opt/airflow/dags
[2026-09-15T20:30:35.388+0000] {manager.py:821} INFO - Searching for files in /opt/airflow/dags
[2026-09-15T20:30:35.402+0000] {manager.py:824} INFO - There are 1 files in /opt/airflow/dags
[2026-09-15T20:30:40.440+0000] {manager.py:821} INFO - Searching for files in /opt/airflow/dags
[2026-09-15T20:30:40.459+0000] {manager.py:824} INFO - There are 1 files in /opt/airflow/dags
[2026-09-15T20:30:45.498+0000] {manager.py:821} INFO - Searching for files in /opt/airflow/dags
[2026-09-15T20:30:45.533+0000] {manager.py:824} INFO - There are 1 files in /opt/airflow/dags
[2026-09-15T20:30:50.581+0000] {manager.py:821} INFO - Searching for files in /opt/airflow/dags
[2026-09-15T20:30:50.618+0000] {manager.py:824} INFO - There are 1 files in /opt/airflow/dags
[2026-09-15T20:30:50.627+0000] {manager.py:997} INFO - 
================================================================================
DAG File Processing Stats

File Path                          PID    Runtime      # DAGs    # Errors  Last Runtime    Last Run               Last # of DB Queries
---------------------------------  -----  ---------  --------  ----------  --------------  -------------------  ----------------------
/opt/airflow/dags/waseet_daily.py                           1           0  0.12s           2026-09-15T20:30:23                      12
================================================================================
[2026-09-15T20:30:55.691+0000] {manager.py:821} INFO - Searching for files in /opt/airflow/dags
[2026-09-15T20:30:55.726+0000] {manager.py:824} INFO - There are 1 files in /opt/airflow/dags
[2026-09-15T20:31:00.774+0000] {manager.py:821} INFO - Searching for files in /opt/airflow/dags
[2026-09-15T20:31:00.790+0000] {manager.py:824} INFO - There are 1 files in /opt/airflow/dags
[2026-09-15T20:31:05.835+0000] {manager.py:821} INFO - Searching for files in /opt/airflow/dags
[2026-09-15T20:31:05.849+0000] {manager.py:824} INFO - There are 1 files in /opt/airflow/dags
[2026-09-15T20:31:10.898+0000] {manager.py:821} INFO - Searching for files in /opt/airflow/dags
[2026-09-15T20:31:10.925+0000] {manager.py:824} INFO - There are 1 files in /opt/airflow/dags
[2026-09-15T20:31:15.978+0000] {manager.py:821} INFO - Searching for files in /opt/airflow/dags
[2026-09-15T20:31:15.994+0000] {manager.py:824} INFO - There are 1 files in /opt/airflow/dags
[2026-09-15T20:31:21.036+0000] {manager.py:821} INFO - Searching for files in /opt/airflow/dags
[2026-09-15T20:31:21.082+0000] {manager.py:824} INFO - There are 1 files in /opt/airflow/dags
[2026-09-15T20:31:21.092+0000] {manager.py:997} INFO - 
================================================================================
DAG File Processing Stats

File Path                          PID    Runtime      # DAGs    # Errors  Last Runtime    Last Run               Last # of DB Queries
---------------------------------  -----  ---------  --------  ----------  --------------  -------------------  ----------------------
/opt/airflow/dags/waseet_daily.py                           1           0  0.12s           2026-09-15T20:30:53                      12
================================================================================
[2026-09-15T20:31:26.134+0000] {manager.py:821} INFO - Searching for files in /opt/airflow/dags
[2026-09-15T20:31:26.173+0000] {manager.py:824} INFO - There are 1 files in /opt/airflow/dags
[2026-09-15T20:31:31.226+0000] {manager.py:821} INFO - Searching for files in /opt/airflow/dags
[2026-09-15T20:31:31.250+0000] {manager.py:824} INFO - There are 1 files in /opt/airflow/dags
[2026-09-15T20:31:36.291+0000] {manager.py:821} INFO - Searching for files in /opt/airflow/dags
[2026-09-15T20:31:36.323+0000] {manager.py:824} INFO - There are 1 files in /opt/airflow/dags
[2026-09-15T20:31:41.362+0000] {manager.py:821} INFO - Searching for files in /opt/airflow/dags
[2026-09-15T20:31:41.393+0000] {manager.py:824} INFO - There are 1 files in /opt/airflow/dags
[2026-09-15T20:31:46.437+0000] {manager.py:821} INFO - Searching for files in /opt/airflow/dags
[2026-09-15T20:31:46.466+0000] {manager.py:824} INFO - There are 1 files in /opt/airflow/dags
[2026-09-15T20:31:51.513+0000] {manager.py:821} INFO - Searching for files in /opt/airflow/dags
[2026-09-15T20:31:51.530+0000] {manager.py:824} INFO - There are 1 files in /opt/airflow/dags
[2026-09-15T20:31:51.537+0000] {manager.py:997} INFO - 
================================================================================
DAG File Processing Stats

File Path                          PID    Runtime      # DAGs    # Errors  Last Runtime    Last Run               Last # of DB Queries
---------------------------------  -----  ---------  --------  ----------  --------------  -------------------  ----------------------
/opt/airflow/dags/waseet_daily.py                           1           0  0.11s           2026-09-15T20:31:24                      12
================================================================================
[2026-09-15T20:31:56.581+0000] {manager.py:821} INFO - Searching for files in /opt/airflow/dags
[2026-09-15T20:31:56.599+0000] {manager.py:824} INFO - There are 1 files in /opt/airflow/dags
[2026-09-15T20:32:01.637+0000] {manager.py:821} INFO - Searching for files in /opt/airflow/dags
[2026-09-15T20:32:01.654+0000] {manager.py:824} INFO - There are 1 files in /opt/airflow/dags
[2026-09-15T20:32:06.685+0000] {manager.py:821} INFO - Searching for files in /opt/airflow/dags
[2026-09-15T20:32:06.727+0000] {manager.py:824} INFO - There are 1 files in /opt/airflow/dags
[2026-09-15T20:32:11.776+0000] {manager.py:821} INFO - Searching for files in /opt/airflow/dags
[2026-09-15T20:32:11.820+0000] {manager.py:824} INFO - There are 1 files in /opt/airflow/dags
[2026-09-15T20:32:16.870+0000] {manager.py:821} INFO - Searching for files in /opt/airflow/dags
[2026-09-15T20:32:16.884+0000] {manager.py:824} INFO - There are 1 files in /opt/airflow/dags
[2026-09-15T20:32:21.938+0000] {manager.py:821} INFO - Searching for files in /opt/airflow/dags
[2026-09-15T20:32:21.976+0000] {manager.py:824} INFO - There are 1 files in /opt/airflow/dags
[2026-09-15T20:32:21.986+0000] {manager.py:997} INFO - 
================================================================================
DAG File Processing Stats

File Path                          PID    Runtime      # DAGs    # Errors  Last Runtime    Last Run               Last # of DB Queries
---------------------------------  -----  ---------  --------  ----------  --------------  -------------------  ----------------------
/opt/airflow/dags/waseet_daily.py                           1           0  0.11s           2026-09-15T20:31:54                      12
================================================================================
[2026-09-15T20:32:27.049+0000] {manager.py:821} INFO - Searching for files in /opt/airflow/dags
[2026-09-15T20:32:27.066+0000] {manager.py:824} INFO - There are 1 files in /opt/airflow/dags
[2026-09-15T20:32:32.110+0000] {manager.py:821} INFO - Searching for files in /opt/airflow/dags
[2026-09-15T20:32:32.145+0000] {manager.py:824} INFO - There are 1 files in /opt/airflow/dags
[2026-09-15T20:32:37.184+0000] {manager.py:821} INFO - Searching for files in /opt/airflow/dags
[2026-09-15T20:32:37.209+0000] {manager.py:824} INFO - There are 1 files in /opt/airflow/dags
[2026-09-15T20:32:42.270+0000] {manager.py:821} INFO - Searching for files in /opt/airflow/dags
[2026-09-15T20:32:42.299+0000] {manager.py:824} INFO - There are 1 files in /opt/airflow/dags
[2026-09-15T20:32:47.343+0000] {manager.py:821} INFO - Searching for files in /opt/airflow/dags
[2026-09-15T20:32:47.370+0000] {manager.py:824} INFO - There are 1 files in /opt/airflow/dags
[2026-09-15T20:32:52.411+0000] {manager.py:821} INFO - Searching for files in /opt/airflow/dags
[2026-09-15T20:32:52.443+0000] {manager.py:824} INFO - There are 1 files in /opt/airflow/dags
[2026-09-15T20:32:52.451+0000] {manager.py:997} INFO - 
================================================================================
DAG File Processing Stats

File Path                          PID    Runtime      # DAGs    # Errors  Last Runtime    Last Run               Last # of DB Queries
---------------------------------  -----  ---------  --------  ----------  --------------  -------------------  ----------------------
/opt/airflow/dags/waseet_daily.py                           1           0  0.11s           2026-09-15T20:32:25                      12
================================================================================
[2026-09-15T20:32:57.503+0000] {manager.py:821} INFO - Searching for files in /opt/airflow/dags
[2026-09-15T20:32:57.527+0000] {manager.py:824} INFO - There are 1 files in /opt/airflow/dags
[2026-09-15T20:33:02.566+0000] {manager.py:821} INFO - Searching for files in /opt/airflow/dags
[2026-09-15T20:33:02.580+0000] {manager.py:824} INFO - There are 1 files in /opt/airflow/dags
[2026-09-15T20:33:07.609+0000] {manager.py:821} INFO - Searching for files in /opt/airflow/dags
[2026-09-15T20:33:07.627+0000] {manager.py:824} INFO - There are 1 files in /opt/airflow/dags
[2026-09-15T20:33:12.658+0000] {manager.py:821} INFO - Searching for files in /opt/airflow/dags
[2026-09-15T20:33:12.685+0000] {manager.py:824} INFO - There are 1 files in /opt/airflow/dags
[2026-09-15T20:33:17.721+0000] {manager.py:821} INFO - Searching for files in /opt/airflow/dags
[2026-09-15T20:33:17.757+0000] {manager.py:824} INFO - There are 1 files in /opt/airflow/dags
[2026-09-15T20:33:22.800+0000] {manager.py:821} INFO - Searching for files in /opt/airflow/dags
[2026-09-15T20:33:22.829+0000] {manager.py:824} INFO - There are 1 files in /opt/airflow/dags
[2026-09-15T20:33:22.838+0000] {manager.py:997} INFO - 
================================================================================
DAG File Processing Stats

File Path                          PID    Runtime      # DAGs    # Errors  Last Runtime    Last Run               Last # of DB Queries
---------------------------------  -----  ---------  --------  ----------  --------------  -------------------  ----------------------
/opt/airflow/dags/waseet_daily.py                           1           0  0.11s           2026-09-15T20:32:55                      12
================================================================================
[2026-09-15T20:33:27.884+0000] {manager.py:821} INFO - Searching for files in /opt/airflow/dags
[2026-09-15T20:33:27.899+0000] {manager.py:824} INFO - There are 1 files in /opt/airflow/dags
[2026-09-15T20:33:32.958+0000] {manager.py:821} INFO - Searching for files in /opt/airflow/dags
[2026-09-15T20:33:32.977+0000] {manager.py:824} INFO - There are 1 files in /opt/airflow/dags
[2026-09-15T20:33:38.016+0000] {manager.py:821} INFO - Searching for files in /opt/airflow/dags
[2026-09-15T20:33:38.053+0000] {manager.py:824} INFO - There are 1 files in /opt/airflow/dags
[2026-09-15T20:33:43.093+0000] {manager.py:821} INFO - Searching for files in /opt/airflow/dags
[2026-09-15T20:33:43.118+0000] {manager.py:824} INFO - There are 1 files in /opt/airflow/dags
[2026-09-15T20:33:48.156+0000] {manager.py:821} INFO - Searching for files in /opt/airflow/dags
[2026-09-15T20:33:48.192+0000] {manager.py:824} INFO - There are 1 files in /opt/airflow/dags
[2026-09-15T20:33:53.231+0000] {manager.py:821} INFO - Searching for files in /opt/airflow/dags
[2026-09-15T20:33:53.267+0000] {manager.py:824} INFO - There are 1 files in /opt/airflow/dags
[2026-09-15T20:33:53.276+0000] {manager.py:997} INFO - 
================================================================================
DAG File Processing Stats

File Path                          PID    Runtime      # DAGs    # Errors  Last Runtime    Last Run               Last # of DB Queries
---------------------------------  -----  ---------  --------  ----------  --------------  -------------------  ----------------------
/opt/airflow/dags/waseet_daily.py                           1           0  0.15s           2026-09-15T20:33:26                      12
================================================================================
[2026-09-15T20:33:58.335+0000] {manager.py:821} INFO - Searching for files in /opt/airflow/dags
[2026-09-15T20:33:58.363+0000] {manager.py:824} INFO - There are 1 files in /opt/airflow/dags
[2026-09-15T20:34:03.410+0000] {manager.py:821} INFO - Searching for files in /opt/airflow/dags
[2026-09-15T20:34:03.423+0000] {manager.py:824} INFO - There are 1 files in /opt/airflow/dags
[2026-09-15T20:34:08.459+0000] {manager.py:821} INFO - Searching for files in /opt/airflow/dags
[2026-09-15T20:34:08.483+0000] {manager.py:824} INFO - There are 1 files in /opt/airflow/dags
[2026-09-15T20:34:13.521+0000] {manager.py:821} INFO - Searching for files in /opt/airflow/dags
[2026-09-15T20:34:13.548+0000] {manager.py:824} INFO - There are 1 files in /opt/airflow/dags
[2026-09-15T20:34:18.592+0000] {manager.py:821} INFO - Searching for files in /opt/airflow/dags
[2026-09-15T20:34:18.612+0000] {manager.py:824} INFO - There are 1 files in /opt/airflow/dags
[2026-09-15T20:34:23.652+0000] {manager.py:821} INFO - Searching for files in /opt/airflow/dags
[2026-09-15T20:34:23.694+0000] {manager.py:824} INFO - There are 1 files in /opt/airflow/dags
[2026-09-15T20:34:23.702+0000] {manager.py:997} INFO - 
================================================================================
DAG File Processing Stats

File Path                          PID    Runtime      # DAGs    # Errors  Last Runtime    Last Run               Last # of DB Queries
---------------------------------  -----  ---------  --------  ----------  --------------  -------------------  ----------------------
/opt/airflow/dags/waseet_daily.py                           1           0  0.14s           2026-09-15T20:33:56                      12
================================================================================
[2026-09-15T20:34:28.758+0000] {manager.py:821} INFO - Searching for files in /opt/airflow/dags
[2026-09-15T20:34:28.801+0000] {manager.py:824} INFO - There are 1 files in /opt/airflow/dags
[2026-09-15T20:34:33.840+0000] {manager.py:821} INFO - Searching for files in /opt/airflow/dags
[2026-09-15T20:34:33.855+0000] {manager.py:824} INFO - There are 1 files in /opt/airflow/dags
[2026-09-15T20:34:38.892+0000] {manager.py:821} INFO - Searching for files in /opt/airflow/dags
[2026-09-15T20:34:38.911+0000] {manager.py:824} INFO - There are 1 files in /opt/airflow/dags
[2026-09-15T20:34:43.951+0000] {manager.py:821} INFO - Searching for files in /opt/airflow/dags
[2026-09-15T20:34:43.976+0000] {manager.py:824} INFO - There are 1 files in /opt/airflow/dags
[2026-09-15T20:34:49.010+0000] {manager.py:821} INFO - Searching for files in /opt/airflow/dags
[2026-09-15T20:34:49.045+0000] {manager.py:824} INFO - There are 1 files in /opt/airflow/dags
[2026-09-15T20:34:54.084+0000] {manager.py:821} INFO - Searching for files in /opt/airflow/dags
[2026-09-15T20:34:54.106+0000] {manager.py:824} INFO - There are 1 files in /opt/airflow/dags
[2026-09-15T20:34:54.115+0000] {manager.py:997} INFO - 
================================================================================
DAG File Processing Stats

File Path                          PID    Runtime      # DAGs    # Errors  Last Runtime    Last Run               Last # of DB Queries
---------------------------------  -----  ---------  --------  ----------  --------------  -------------------  ----------------------
/opt/airflow/dags/waseet_daily.py                           1           0  0.12s           2026-09-15T20:34:26                      12
================================================================================
[2026-09-15T20:34:59.166+0000] {manager.py:821} INFO - Searching for files in /opt/airflow/dags
[2026-09-15T20:34:59.188+0000] {manager.py:824} INFO - There are 1 files in /opt/airflow/dags
[2026-09-15T20:35:04.222+0000] {manager.py:821} INFO - Searching for files in /opt/airflow/dags
[2026-09-15T20:35:04.253+0000] {manager.py:824} INFO - There are 1 files in /opt/airflow/dags
[2026-09-15T20:35:09.289+0000] {manager.py:821} INFO - Searching for files in /opt/airflow/dags
[2026-09-15T20:35:09.306+0000] {manager.py:824} INFO - There are 1 files in /opt/airflow/dags
[2026-09-15T20:35:14.346+0000] {manager.py:821} INFO - Searching for files in /opt/airflow/dags
[2026-09-15T20:35:14.367+0000] {manager.py:824} INFO - There are 1 files in /opt/airflow/dags
[2026-09-15T20:35:19.403+0000] {manager.py:821} INFO - Searching for files in /opt/airflow/dags
[2026-09-15T20:35:19.435+0000] {manager.py:824} INFO - There are 1 files in /opt/airflow/dags
[2026-09-15T20:35:24.479+0000] {manager.py:821} INFO - Searching for files in /opt/airflow/dags
[2026-09-15T20:35:24.508+0000] {manager.py:824} INFO - There are 1 files in /opt/airflow/dags
[2026-09-15T20:35:24.519+0000] {manager.py:997} INFO - 
================================================================================
DAG File Processing Stats

File Path                          PID    Runtime      # DAGs    # Errors  Last Runtime    Last Run               Last # of DB Queries
---------------------------------  -----  ---------  --------  ----------  --------------  -------------------  ----------------------
/opt/airflow/dags/waseet_daily.py                           1           0  0.12s           2026-09-15T20:34:57                      12
================================================================================
[2026-09-15T20:35:29.563+0000] {manager.py:821} INFO - Searching for files in /opt/airflow/dags
[2026-09-15T20:35:29.579+0000] {manager.py:824} INFO - There are 1 files in /opt/airflow/dags
[2026-09-15T20:35:34.619+0000] {manager.py:821} INFO - Searching for files in /opt/airflow/dags
[2026-09-15T20:35:34.655+0000] {manager.py:824} INFO - There are 1 files in /opt/airflow/dags
[2026-09-15T20:35:39.693+0000] {manager.py:821} INFO - Searching for files in /opt/airflow/dags
[2026-09-15T20:35:39.710+0000] {manager.py:824} INFO - There are 1 files in /opt/airflow/dags
[2026-09-15T20:35:44.749+0000] {manager.py:821} INFO - Searching for files in /opt/airflow/dags
[2026-09-15T20:35:44.785+0000] {manager.py:824} INFO - There are 1 files in /opt/airflow/dags
[2026-09-15T20:35:49.823+0000] {manager.py:821} INFO - Searching for files in /opt/airflow/dags
[2026-09-15T20:35:49.857+0000] {manager.py:824} INFO - There are 1 files in /opt/airflow/dags
[2026-09-15T20:35:54.894+0000] {manager.py:821} INFO - Searching for files in /opt/airflow/dags
[2026-09-15T20:35:54.946+0000] {manager.py:824} INFO - There are 1 files in /opt/airflow/dags
[2026-09-15T20:35:54.955+0000] {manager.py:997} INFO - 
================================================================================
DAG File Processing Stats

File Path                          PID    Runtime      # DAGs    # Errors  Last Runtime    Last Run               Last # of DB Queries
---------------------------------  -----  ---------  --------  ----------  --------------  -------------------  ----------------------
/opt/airflow/dags/waseet_daily.py                           1           0  0.13s           2026-09-15T20:35:27                      12
================================================================================
[2026-09-15T20:36:00.015+0000] {manager.py:821} INFO - Searching for files in /opt/airflow/dags
[2026-09-15T20:36:00.036+0000] {manager.py:824} INFO - There are 1 files in /opt/airflow/dags
[2026-09-15T20:36:05.084+0000] {manager.py:821} INFO - Searching for files in /opt/airflow/dags
[2026-09-15T20:36:05.113+0000] {manager.py:824} INFO - There are 1 files in /opt/airflow/dags
[2026-09-15T20:36:10.154+0000] {manager.py:821} INFO - Searching for files in /opt/airflow/dags
[2026-09-15T20:36:10.181+0000] {manager.py:824} INFO - There are 1 files in /opt/airflow/dags
[2026-09-15T20:36:15.221+0000] {manager.py:821} INFO - Searching for files in /opt/airflow/dags
[2026-09-15T20:36:15.248+0000] {manager.py:824} INFO - There are 1 files in /opt/airflow/dags
[2026-09-15T20:36:20.286+0000] {manager.py:821} INFO - Searching for files in /opt/airflow/dags
[2026-09-15T20:36:20.310+0000] {manager.py:824} INFO - There are 1 files in /opt/airflow/dags
[2026-09-15T20:36:25.356+0000] {manager.py:821} INFO - Searching for files in /opt/airflow/dags
[2026-09-15T20:36:25.389+0000] {manager.py:824} INFO - There are 1 files in /opt/airflow/dags
[2026-09-15T20:36:25.401+0000] {manager.py:997} INFO - 
================================================================================
DAG File Processing Stats

File Path                          PID    Runtime      # DAGs    # Errors  Last Runtime    Last Run               Last # of DB Queries
---------------------------------  -----  ---------  --------  ----------  --------------  -------------------  ----------------------
/opt/airflow/dags/waseet_daily.py                           1           0  0.15s           2026-09-15T20:35:58                      12
================================================================================
[2026-09-15T20:36:30.449+0000] {manager.py:821} INFO - Searching for files in /opt/airflow/dags
[2026-09-15T20:36:30.485+0000] {manager.py:824} INFO - There are 1 files in /opt/airflow/dags
[2026-09-15T20:36:35.522+0000] {manager.py:821} INFO - Searching for files in /opt/airflow/dags
[2026-09-15T20:36:35.548+0000] {manager.py:824} INFO - There are 1 files in /opt/airflow/dags
[2026-09-15T20:36:40.591+0000] {manager.py:821} INFO - Searching for files in /opt/airflow/dags
[2026-09-15T20:36:40.620+0000] {manager.py:824} INFO - There are 1 files in /opt/airflow/dags
[2026-09-15T20:36:45.659+0000] {manager.py:821} INFO - Searching for files in /opt/airflow/dags
[2026-09-15T20:36:45.680+0000] {manager.py:824} INFO - There are 1 files in /opt/airflow/dags
[2026-09-15T20:36:50.737+0000] {manager.py:821} INFO - Searching for files in /opt/airflow/dags
[2026-09-15T20:36:50.766+0000] {manager.py:824} INFO - There are 1 files in /opt/airflow/dags
[2026-09-15T20:36:55.807+0000] {manager.py:821} INFO - Searching for files in /opt/airflow/dags
[2026-09-15T20:36:55.823+0000] {manager.py:824} INFO - There are 1 files in /opt/airflow/dags
[2026-09-15T20:36:55.831+0000] {manager.py:997} INFO - 
================================================================================
DAG File Processing Stats

File Path                          PID    Runtime      # DAGs    # Errors  Last Runtime    Last Run               Last # of DB Queries
---------------------------------  -----  ---------  --------  ----------  --------------  -------------------  ----------------------
/opt/airflow/dags/waseet_daily.py                           1           0  0.10s           2026-09-15T20:36:28                      12
================================================================================
[2026-09-15T20:37:00.881+0000] {manager.py:821} INFO - Searching for files in /opt/airflow/dags
[2026-09-15T20:37:00.912+0000] {manager.py:824} INFO - There are 1 files in /opt/airflow/dags
[2026-09-15T20:37:05.944+0000] {manager.py:821} INFO - Searching for files in /opt/airflow/dags
[2026-09-15T20:37:05.978+0000] {manager.py:824} INFO - There are 1 files in /opt/airflow/dags
[2026-09-15T20:37:11.016+0000] {manager.py:821} INFO - Searching for files in /opt/airflow/dags
[2026-09-15T20:37:11.049+0000] {manager.py:824} INFO - There are 1 files in /opt/airflow/dags
[2026-09-15T20:37:16.091+0000] {manager.py:821} INFO - Searching for files in /opt/airflow/dags
[2026-09-15T20:37:16.117+0000] {manager.py:824} INFO - There are 1 files in /opt/airflow/dags
[2026-09-15T20:37:21.157+0000] {manager.py:821} INFO - Searching for files in /opt/airflow/dags
[2026-09-15T20:37:21.186+0000] {manager.py:824} INFO - There are 1 files in /opt/airflow/dags
[2026-09-15T20:37:26.229+0000] {manager.py:821} INFO - Searching for files in /opt/airflow/dags
[2026-09-15T20:37:26.264+0000] {manager.py:824} INFO - There are 1 files in /opt/airflow/dags
[2026-09-15T20:37:26.273+0000] {manager.py:997} INFO - 
================================================================================
DAG File Processing Stats

File Path                          PID    Runtime      # DAGs    # Errors  Last Runtime    Last Run               Last # of DB Queries
---------------------------------  -----  ---------  --------  ----------  --------------  -------------------  ----------------------
/opt/airflow/dags/waseet_daily.py                           1           0  0.13s           2026-09-15T20:36:58                      12
================================================================================
[2026-09-15T20:37:31.322+0000] {manager.py:821} INFO - Searching for files in /opt/airflow/dags
[2026-09-15T20:37:31.337+0000] {manager.py:824} INFO - There are 1 files in /opt/airflow/dags
[2026-09-15T20:37:36.377+0000] {manager.py:821} INFO - Searching for files in /opt/airflow/dags
[2026-09-15T20:37:36.407+0000] {manager.py:824} INFO - There are 1 files in /opt/airflow/dags
[2026-09-15T20:37:41.450+0000] {manager.py:821} INFO - Searching for files in /opt/airflow/dags
[2026-09-15T20:37:41.475+0000] {manager.py:824} INFO - There are 1 files in /opt/airflow/dags
[2026-09-15T20:37:46.516+0000] {manager.py:821} INFO - Searching for files in /opt/airflow/dags
[2026-09-15T20:37:46.550+0000] {manager.py:824} INFO - There are 1 files in /opt/airflow/dags
[2026-09-15T20:37:51.599+0000] {manager.py:821} INFO - Searching for files in /opt/airflow/dags
[2026-09-15T20:37:51.620+0000] {manager.py:824} INFO - There are 1 files in /opt/airflow/dags
[2026-09-15T20:37:56.659+0000] {manager.py:821} INFO - Searching for files in /opt/airflow/dags
[2026-09-15T20:37:56.691+0000] {manager.py:824} INFO - There are 1 files in /opt/airflow/dags
[2026-09-15T20:37:56.701+0000] {manager.py:997} INFO - 
================================================================================
DAG File Processing Stats

File Path                          PID    Runtime      # DAGs    # Errors  Last Runtime    Last Run               Last # of DB Queries
---------------------------------  -----  ---------  --------  ----------  --------------  -------------------  ----------------------
/opt/airflow/dags/waseet_daily.py                           1           0  0.11s           2026-09-15T20:37:29                      12
================================================================================
[2026-09-15T20:38:01.771+0000] {manager.py:821} INFO - Searching for files in /opt/airflow/dags
[2026-09-15T20:38:01.809+0000] {manager.py:824} INFO - There are 1 files in /opt/airflow/dags
[2026-09-15T20:38:06.847+0000] {manager.py:821} INFO - Searching for files in /opt/airflow/dags
[2026-09-15T20:38:06.861+0000] {manager.py:824} INFO - There are 1 files in /opt/airflow/dags
[2026-09-15T20:38:11.898+0000] {manager.py:821} INFO - Searching for files in /opt/airflow/dags
[2026-09-15T20:38:11.919+0000] {manager.py:824} INFO - There are 1 files in /opt/airflow/dags
[2026-09-15T20:38:16.964+0000] {manager.py:821} INFO - Searching for files in /opt/airflow/dags
[2026-09-15T20:38:16.989+0000] {manager.py:824} INFO - There are 1 files in /opt/airflow/dags
[2026-09-15T20:38:22.045+0000] {manager.py:821} INFO - Searching for files in /opt/airflow/dags
[2026-09-15T20:38:22.072+0000] {manager.py:824} INFO - There are 1 files in /opt/airflow/dags
[2026-09-15T20:38:27.106+0000] {manager.py:821} INFO - Searching for files in /opt/airflow/dags
[2026-09-15T20:38:27.122+0000] {manager.py:824} INFO - There are 1 files in /opt/airflow/dags
[2026-09-15T20:38:27.132+0000] {manager.py:997} INFO - 
================================================================================
DAG File Processing Stats

File Path                          PID    Runtime      # DAGs    # Errors  Last Runtime    Last Run               Last # of DB Queries
---------------------------------  -----  ---------  --------  ----------  --------------  -------------------  ----------------------
/opt/airflow/dags/waseet_daily.py                           1           0  0.12s           2026-09-15T20:37:59                      12
================================================================================
[2026-09-15T20:38:32.181+0000] {manager.py:821} INFO - Searching for files in /opt/airflow/dags
[2026-09-15T20:38:32.208+0000] {manager.py:824} INFO - There are 1 files in /opt/airflow/dags
[2026-09-15T20:38:37.248+0000] {manager.py:821} INFO - Searching for files in /opt/airflow/dags
[2026-09-15T20:38:37.280+0000] {manager.py:824} INFO - There are 1 files in /opt/airflow/dags
[2026-09-15T20:38:42.319+0000] {manager.py:821} INFO - Searching for files in /opt/airflow/dags
[2026-09-15T20:38:42.347+0000] {manager.py:824} INFO - There are 1 files in /opt/airflow/dags
[2026-09-15T20:38:47.391+0000] {manager.py:821} INFO - Searching for files in /opt/airflow/dags
[2026-09-15T20:38:47.412+0000] {manager.py:824} INFO - There are 1 files in /opt/airflow/dags
[2026-09-15T20:38:52.451+0000] {manager.py:821} INFO - Searching for files in /opt/airflow/dags
[2026-09-15T20:38:52.469+0000] {manager.py:824} INFO - There are 1 files in /opt/airflow/dags
[2026-09-15T20:38:57.505+0000] {manager.py:821} INFO - Searching for files in /opt/airflow/dags
[2026-09-15T20:38:57.533+0000] {manager.py:824} INFO - There are 1 files in /opt/airflow/dags
[2026-09-15T20:38:57.543+0000] {manager.py:997} INFO - 
================================================================================
DAG File Processing Stats

File Path                          PID    Runtime      # DAGs    # Errors  Last Runtime    Last Run               Last # of DB Queries
---------------------------------  -----  ---------  --------  ----------  --------------  -------------------  ----------------------
/opt/airflow/dags/waseet_daily.py                           1           0  0.13s           2026-09-15T20:38:30                      12
================================================================================
[2026-09-15T20:39:02.615+0000] {manager.py:821} INFO - Searching for files in /opt/airflow/dags
[2026-09-15T20:39:02.635+0000] {manager.py:824} INFO - There are 1 files in /opt/airflow/dags
[2026-09-15T20:39:07.681+0000] {manager.py:821} INFO - Searching for files in /opt/airflow/dags
[2026-09-15T20:39:07.725+0000] {manager.py:824} INFO - There are 1 files in /opt/airflow/dags
[2026-09-15T20:39:12.762+0000] {manager.py:821} INFO - Searching for files in /opt/airflow/dags
[2026-09-15T20:39:12.800+0000] {manager.py:824} INFO - There are 1 files in /opt/airflow/dags
[2026-09-15T20:39:17.836+0000] {manager.py:821} INFO - Searching for files in /opt/airflow/dags
[2026-09-15T20:39:17.852+0000] {manager.py:824} INFO - There are 1 files in /opt/airflow/dags
[2026-09-15T20:39:22.903+0000] {manager.py:821} INFO - Searching for files in /opt/airflow/dags
[2026-09-15T20:39:22.938+0000] {manager.py:824} INFO - There are 1 files in /opt/airflow/dags
[2026-09-15T20:39:27.975+0000] {manager.py:821} INFO - Searching for files in /opt/airflow/dags
[2026-09-15T20:39:28.007+0000] {manager.py:824} INFO - There are 1 files in /opt/airflow/dags
[2026-09-15T20:39:28.017+0000] {manager.py:997} INFO - 
================================================================================
DAG File Processing Stats

File Path                          PID    Runtime      # DAGs    # Errors  Last Runtime    Last Run               Last # of DB Queries
---------------------------------  -----  ---------  --------  ----------  --------------  -------------------  ----------------------
/opt/airflow/dags/waseet_daily.py                           1           0  0.15s           2026-09-15T20:39:00                      12
================================================================================
[2026-09-15T20:39:33.066+0000] {manager.py:821} INFO - Searching for files in /opt/airflow/dags
[2026-09-15T20:39:33.092+0000] {manager.py:824} INFO - There are 1 files in /opt/airflow/dags
[2026-09-15T20:39:38.131+0000] {manager.py:821} INFO - Searching for files in /opt/airflow/dags
[2026-09-15T20:39:38.149+0000] {manager.py:824} INFO - There are 1 files in /opt/airflow/dags
[2026-09-15T20:39:43.191+0000] {manager.py:821} INFO - Searching for files in /opt/airflow/dags
[2026-09-15T20:39:43.228+0000] {manager.py:824} INFO - There are 1 files in /opt/airflow/dags
[2026-09-15T20:39:48.265+0000] {manager.py:821} INFO - Searching for files in /opt/airflow/dags
[2026-09-15T20:39:48.294+0000] {manager.py:824} INFO - There are 1 files in /opt/airflow/dags
[2026-09-15T20:39:53.332+0000] {manager.py:821} INFO - Searching for files in /opt/airflow/dags
[2026-09-15T20:39:53.352+0000] {manager.py:824} INFO - There are 1 files in /opt/airflow/dags
[2026-09-15T20:39:58.389+0000] {manager.py:821} INFO - Searching for files in /opt/airflow/dags
[2026-09-15T20:39:58.418+0000] {manager.py:824} INFO - There are 1 files in /opt/airflow/dags
[2026-09-15T20:39:58.426+0000] {manager.py:997} INFO - 
================================================================================
DAG File Processing Stats

File Path                          PID    Runtime      # DAGs    # Errors  Last Runtime    Last Run               Last # of DB Queries
---------------------------------  -----  ---------  --------  ----------  --------------  -------------------  ----------------------
/opt/airflow/dags/waseet_daily.py                           1           0  0.13s           2026-09-15T20:39:31                      12
================================================================================
[2026-09-15T20:40:03.478+0000] {manager.py:821} INFO - Searching for files in /opt/airflow/dags
[2026-09-15T20:40:03.508+0000] {manager.py:824} INFO - There are 1 files in /opt/airflow/dags
[2026-09-15T20:40:08.545+0000] {manager.py:821} INFO - Searching for files in /opt/airflow/dags
[2026-09-15T20:40:08.578+0000] {manager.py:824} INFO - There are 1 files in /opt/airflow/dags
[2026-09-15T20:40:13.612+0000] {manager.py:821} INFO - Searching for files in /opt/airflow/dags
[2026-09-15T20:40:13.628+0000] {manager.py:824} INFO - There are 1 files in /opt/airflow/dags
[2026-09-15T20:40:18.661+0000] {manager.py:821} INFO - Searching for files in /opt/airflow/dags
[2026-09-15T20:40:18.686+0000] {manager.py:824} INFO - There are 1 files in /opt/airflow/dags
[2026-09-15T20:40:23.719+0000] {manager.py:821} INFO - Searching for files in /opt/airflow/dags
[2026-09-15T20:40:23.735+0000] {manager.py:824} INFO - There are 1 files in /opt/airflow/dags
[2026-09-15T20:40:28.774+0000] {manager.py:821} INFO - Searching for files in /opt/airflow/dags
[2026-09-15T20:40:28.820+0000] {manager.py:824} INFO - There are 1 files in /opt/airflow/dags
[2026-09-15T20:40:28.830+0000] {manager.py:997} INFO - 
================================================================================
DAG File Processing Stats

File Path                          PID    Runtime      # DAGs    # Errors  Last Runtime    Last Run               Last # of DB Queries
---------------------------------  -----  ---------  --------  ----------  --------------  -------------------  ----------------------
/opt/airflow/dags/waseet_daily.py                           1           0  0.12s           2026-09-15T20:40:01                      12
================================================================================
[2026-09-15T20:40:33.881+0000] {manager.py:821} INFO - Searching for files in /opt/airflow/dags
[2026-09-15T20:40:33.909+0000] {manager.py:824} INFO - There are 1 files in /opt/airflow/dags
[2026-09-15T20:40:38.944+0000] {manager.py:821} INFO - Searching for files in /opt/airflow/dags
[2026-09-15T20:40:38.987+0000] {manager.py:824} INFO - There are 1 files in /opt/airflow/dags
[2026-09-15T20:40:44.025+0000] {manager.py:821} INFO - Searching for files in /opt/airflow/dags
[2026-09-15T20:40:44.059+0000] {manager.py:824} INFO - There are 1 files in /opt/airflow/dags
[2026-09-15T20:40:49.099+0000] {manager.py:821} INFO - Searching for files in /opt/airflow/dags
[2026-09-15T20:40:49.125+0000] {manager.py:824} INFO - There are 1 files in /opt/airflow/dags
[2026-09-15T20:40:54.164+0000] {manager.py:821} INFO - Searching for files in /opt/airflow/dags
[2026-09-15T20:40:54.183+0000] {manager.py:824} INFO - There are 1 files in /opt/airflow/dags
[2026-09-15T20:40:59.219+0000] {manager.py:821} INFO - Searching for files in /opt/airflow/dags
[2026-09-15T20:40:59.248+0000] {manager.py:824} INFO - There are 1 files in /opt/airflow/dags
[2026-09-15T20:40:59.257+0000] {manager.py:997} INFO - 
================================================================================
DAG File Processing Stats

File Path                          PID    Runtime      # DAGs    # Errors  Last Runtime    Last Run               Last # of DB Queries
---------------------------------  -----  ---------  --------  ----------  --------------  -------------------  ----------------------
/opt/airflow/dags/waseet_daily.py                           1           0  0.17s           2026-09-15T20:40:32                      12
================================================================================
[2026-09-15T20:41:04.315+0000] {manager.py:821} INFO - Searching for files in /opt/airflow/dags
[2026-09-15T20:41:04.360+0000] {manager.py:824} INFO - There are 1 files in /opt/airflow/dags
[2026-09-15T20:41:09.401+0000] {manager.py:821} INFO - Searching for files in /opt/airflow/dags
[2026-09-15T20:41:09.436+0000] {manager.py:824} INFO - There are 1 files in /opt/airflow/dags
[2026-09-15T20:41:14.472+0000] {manager.py:821} INFO - Searching for files in /opt/airflow/dags
[2026-09-15T20:41:14.503+0000] {manager.py:824} INFO - There are 1 files in /opt/airflow/dags
[2026-09-15T20:41:19.541+0000] {manager.py:821} INFO - Searching for files in /opt/airflow/dags
[2026-09-15T20:41:19.564+0000] {manager.py:824} INFO - There are 1 files in /opt/airflow/dags
[2026-09-15T20:41:24.599+0000] {manager.py:821} INFO - Searching for files in /opt/airflow/dags
[2026-09-15T20:41:24.627+0000] {manager.py:824} INFO - There are 1 files in /opt/airflow/dags
[2026-09-15T20:41:29.666+0000] {manager.py:821} INFO - Searching for files in /opt/airflow/dags
[2026-09-15T20:41:29.683+0000] {manager.py:824} INFO - There are 1 files in /opt/airflow/dags
[2026-09-15T20:41:29.691+0000] {manager.py:997} INFO - 
================================================================================
DAG File Processing Stats

File Path                          PID    Runtime      # DAGs    # Errors  Last Runtime    Last Run               Last # of DB Queries
---------------------------------  -----  ---------  --------  ----------  --------------  -------------------  ----------------------
/opt/airflow/dags/waseet_daily.py                           1           0  0.15s           2026-09-15T20:41:02                      12
================================================================================
[2026-09-15T20:41:34.745+0000] {manager.py:821} INFO - Searching for files in /opt/airflow/dags
[2026-09-15T20:41:34.777+0000] {manager.py:824} INFO - There are 1 files in /opt/airflow/dags
[2026-09-15T20:41:39.816+0000] {manager.py:821} INFO - Searching for files in /opt/airflow/dags
[2026-09-15T20:41:39.847+0000] {manager.py:824} INFO - There are 1 files in /opt/airflow/dags
[2026-09-15T20:41:44.884+0000] {manager.py:821} INFO - Searching for files in /opt/airflow/dags
[2026-09-15T20:41:44.905+0000] {manager.py:824} INFO - There are 1 files in /opt/airflow/dags
[2026-09-15T20:41:49.943+0000] {manager.py:821} INFO - Searching for files in /opt/airflow/dags
[2026-09-15T20:41:49.959+0000] {manager.py:824} INFO - There are 1 files in /opt/airflow/dags
[2026-09-15T20:41:54.993+0000] {manager.py:821} INFO - Searching for files in /opt/airflow/dags
[2026-09-15T20:41:55.015+0000] {manager.py:824} INFO - There are 1 files in /opt/airflow/dags
[2026-09-15T20:42:00.053+0000] {manager.py:821} INFO - Searching for files in /opt/airflow/dags
[2026-09-15T20:42:00.072+0000] {manager.py:824} INFO - There are 1 files in /opt/airflow/dags
[2026-09-15T20:42:00.080+0000] {manager.py:997} INFO - 
================================================================================
DAG File Processing Stats

File Path                          PID    Runtime      # DAGs    # Errors  Last Runtime    Last Run               Last # of DB Queries
---------------------------------  -----  ---------  --------  ----------  --------------  -------------------  ----------------------
/opt/airflow/dags/waseet_daily.py                           1           0  0.13s           2026-09-15T20:41:32                      12
================================================================================
[2026-09-15T20:42:05.131+0000] {manager.py:821} INFO - Searching for files in /opt/airflow/dags
[2026-09-15T20:42:05.145+0000] {manager.py:824} INFO - There are 1 files in /opt/airflow/dags
[2026-09-15T20:42:10.180+0000] {manager.py:821} INFO - Searching for files in /opt/airflow/dags
[2026-09-15T20:42:10.201+0000] {manager.py:824} INFO - There are 1 files in /opt/airflow/dags
[2026-09-15T20:42:15.243+0000] {manager.py:821} INFO - Searching for files in /opt/airflow/dags
[2026-09-15T20:42:15.273+0000] {manager.py:824} INFO - There are 1 files in /opt/airflow/dags
[2026-09-15T20:42:20.310+0000] {manager.py:821} INFO - Searching for files in /opt/airflow/dags
[2026-09-15T20:42:20.333+0000] {manager.py:824} INFO - There are 1 files in /opt/airflow/dags
[2026-09-15T20:42:25.380+0000] {manager.py:821} INFO - Searching for files in /opt/airflow/dags
[2026-09-15T20:42:25.418+0000] {manager.py:824} INFO - There are 1 files in /opt/airflow/dags
[2026-09-15T20:42:30.462+0000] {manager.py:821} INFO - Searching for files in /opt/airflow/dags
[2026-09-15T20:42:30.491+0000] {manager.py:824} INFO - There are 1 files in /opt/airflow/dags
[2026-09-15T20:42:30.498+0000] {manager.py:997} INFO - 
================================================================================
DAG File Processing Stats

File Path                          PID    Runtime      # DAGs    # Errors  Last Runtime    Last Run               Last # of DB Queries
---------------------------------  -----  ---------  --------  ----------  --------------  -------------------  ----------------------
/opt/airflow/dags/waseet_daily.py                           1           0  0.14s           2026-09-15T20:42:03                      12
================================================================================
[2026-09-15T20:42:35.547+0000] {manager.py:821} INFO - Searching for files in /opt/airflow/dags
[2026-09-15T20:42:35.565+0000] {manager.py:824} INFO - There are 1 files in /opt/airflow/dags
[2026-09-15T20:42:40.613+0000] {manager.py:821} INFO - Searching for files in /opt/airflow/dags
[2026-09-15T20:42:40.634+0000] {manager.py:824} INFO - There are 1 files in /opt/airflow/dags
[2026-09-15T20:42:45.673+0000] {manager.py:821} INFO - Searching for files in /opt/airflow/dags
[2026-09-15T20:42:45.691+0000] {manager.py:824} INFO - There are 1 files in /opt/airflow/dags
[2026-09-15T20:42:50.740+0000] {manager.py:821} INFO - Searching for files in /opt/airflow/dags
[2026-09-15T20:42:50.765+0000] {manager.py:824} INFO - There are 1 files in /opt/airflow/dags
[2026-09-15T20:42:55.814+0000] {manager.py:821} INFO - Searching for files in /opt/airflow/dags
[2026-09-15T20:42:55.841+0000] {manager.py:824} INFO - There are 1 files in /opt/airflow/dags
[2026-09-15T20:43:00.882+0000] {manager.py:821} INFO - Searching for files in /opt/airflow/dags
[2026-09-15T20:43:00.911+0000] {manager.py:824} INFO - There are 1 files in /opt/airflow/dags
[2026-09-15T20:43:00.920+0000] {manager.py:997} INFO - 
================================================================================
DAG File Processing Stats

File Path                          PID    Runtime      # DAGs    # Errors  Last Runtime    Last Run               Last # of DB Queries
---------------------------------  -----  ---------  --------  ----------  --------------  -------------------  ----------------------
/opt/airflow/dags/waseet_daily.py                           1           0  0.15s           2026-09-15T20:42:33                      12
================================================================================
[2026-09-15T20:43:05.976+0000] {manager.py:821} INFO - Searching for files in /opt/airflow/dags
[2026-09-15T20:43:05.998+0000] {manager.py:824} INFO - There are 1 files in /opt/airflow/dags
[2026-09-15T20:43:11.040+0000] {manager.py:821} INFO - Searching for files in /opt/airflow/dags
[2026-09-15T20:43:11.077+0000] {manager.py:824} INFO - There are 1 files in /opt/airflow/dags
[2026-09-15T20:43:16.115+0000] {manager.py:821} INFO - Searching for files in /opt/airflow/dags
[2026-09-15T20:43:16.128+0000] {manager.py:824} INFO - There are 1 files in /opt/airflow/dags
[2026-09-15T20:43:21.171+0000] {manager.py:821} INFO - Searching for files in /opt/airflow/dags
[2026-09-15T20:43:21.187+0000] {manager.py:824} INFO - There are 1 files in /opt/airflow/dags
[2026-09-15T20:43:26.228+0000] {manager.py:821} INFO - Searching for files in /opt/airflow/dags
[2026-09-15T20:43:26.243+0000] {manager.py:824} INFO - There are 1 files in /opt/airflow/dags
[2026-09-15T20:43:31.286+0000] {manager.py:821} INFO - Searching for files in /opt/airflow/dags
[2026-09-15T20:43:31.325+0000] {manager.py:824} INFO - There are 1 files in /opt/airflow/dags
[2026-09-15T20:43:31.335+0000] {manager.py:997} INFO - 
================================================================================
DAG File Processing Stats

File Path                          PID    Runtime      # DAGs    # Errors  Last Runtime    Last Run               Last # of DB Queries
---------------------------------  -----  ---------  --------  ----------  --------------  -------------------  ----------------------
/opt/airflow/dags/waseet_daily.py                           1           0  0.13s           2026-09-15T20:43:04                      12
================================================================================
[2026-09-15T20:43:36.412+0000] {manager.py:821} INFO - Searching for files in /opt/airflow/dags
[2026-09-15T20:43:36.451+0000] {manager.py:824} INFO - There are 1 files in /opt/airflow/dags
[2026-09-15T20:43:41.490+0000] {manager.py:821} INFO - Searching for files in /opt/airflow/dags
[2026-09-15T20:43:41.514+0000] {manager.py:824} INFO - There are 1 files in /opt/airflow/dags
[2026-09-15T20:43:46.558+0000] {manager.py:821} INFO - Searching for files in /opt/airflow/dags
[2026-09-15T20:43:46.578+0000] {manager.py:824} INFO - There are 1 files in /opt/airflow/dags
[2026-09-15T20:43:51.613+0000] {manager.py:821} INFO - Searching for files in /opt/airflow/dags
[2026-09-15T20:43:51.629+0000] {manager.py:824} INFO - There are 1 files in /opt/airflow/dags
[2026-09-15T20:43:56.667+0000] {manager.py:821} INFO - Searching for files in /opt/airflow/dags
[2026-09-15T20:43:56.682+0000] {manager.py:824} INFO - There are 1 files in /opt/airflow/dags
[2026-09-15T20:44:01.715+0000] {manager.py:821} INFO - Searching for files in /opt/airflow/dags
[2026-09-15T20:44:01.731+0000] {manager.py:824} INFO - There are 1 files in /opt/airflow/dags
[2026-09-15T20:44:01.741+0000] {manager.py:997} INFO - 
================================================================================
DAG File Processing Stats

File Path                          PID    Runtime      # DAGs    # Errors  Last Runtime    Last Run               Last # of DB Queries
---------------------------------  -----  ---------  --------  ----------  --------------  -------------------  ----------------------
/opt/airflow/dags/waseet_daily.py                           1           0  0.13s           2026-09-15T20:43:34                      12
================================================================================
[2026-09-15T20:44:06.789+0000] {manager.py:821} INFO - Searching for files in /opt/airflow/dags
[2026-09-15T20:44:06.809+0000] {manager.py:824} INFO - There are 1 files in /opt/airflow/dags
[2026-09-15T20:44:11.850+0000] {manager.py:821} INFO - Searching for files in /opt/airflow/dags
[2026-09-15T20:44:11.869+0000] {manager.py:824} INFO - There are 1 files in /opt/airflow/dags
[2026-09-15T20:44:16.902+0000] {manager.py:821} INFO - Searching for files in /opt/airflow/dags
[2026-09-15T20:44:16.915+0000] {manager.py:824} INFO - There are 1 files in /opt/airflow/dags
[2026-09-15T20:44:21.954+0000] {manager.py:821} INFO - Searching for files in /opt/airflow/dags
[2026-09-15T20:44:21.987+0000] {manager.py:824} INFO - There are 1 files in /opt/airflow/dags
[2026-09-15T20:44:27.029+0000] {manager.py:821} INFO - Searching for files in /opt/airflow/dags
[2026-09-15T20:44:27.073+0000] {manager.py:824} INFO - There are 1 files in /opt/airflow/dags
[2026-09-15T20:44:32.111+0000] {manager.py:821} INFO - Searching for files in /opt/airflow/dags
[2026-09-15T20:44:32.126+0000] {manager.py:824} INFO - There are 1 files in /opt/airflow/dags
[2026-09-15T20:44:32.135+0000] {manager.py:997} INFO - 
================================================================================
DAG File Processing Stats

File Path                          PID    Runtime      # DAGs    # Errors  Last Runtime    Last Run               Last # of DB Queries
---------------------------------  -----  ---------  --------  ----------  --------------  -------------------  ----------------------
/opt/airflow/dags/waseet_daily.py                           1           0  0.13s           2026-09-15T20:44:04                      12
================================================================================
[2026-09-15T20:44:37.191+0000] {manager.py:821} INFO - Searching for files in /opt/airflow/dags
[2026-09-15T20:44:37.207+0000] {manager.py:824} INFO - There are 1 files in /opt/airflow/dags
[2026-09-15T20:44:42.242+0000] {manager.py:821} INFO - Searching for files in /opt/airflow/dags
[2026-09-15T20:44:42.261+0000] {manager.py:824} INFO - There are 1 files in /opt/airflow/dags
[2026-09-15T20:44:47.296+0000] {manager.py:821} INFO - Searching for files in /opt/airflow/dags
[2026-09-15T20:44:47.319+0000] {manager.py:824} INFO - There are 1 files in /opt/airflow/dags
[2026-09-15T20:44:52.362+0000] {manager.py:821} INFO - Searching for files in /opt/airflow/dags
[2026-09-15T20:44:52.382+0000] {manager.py:824} INFO - There are 1 files in /opt/airflow/dags
[2026-09-15T20:44:57.423+0000] {manager.py:821} INFO - Searching for files in /opt/airflow/dags
[2026-09-15T20:44:57.462+0000] {manager.py:824} INFO - There are 1 files in /opt/airflow/dags
[2026-09-15T20:45:02.501+0000] {manager.py:821} INFO - Searching for files in /opt/airflow/dags
[2026-09-15T20:45:02.523+0000] {manager.py:824} INFO - There are 1 files in /opt/airflow/dags
[2026-09-15T20:45:02.532+0000] {manager.py:997} INFO - 
================================================================================
DAG File Processing Stats

File Path                          PID    Runtime      # DAGs    # Errors  Last Runtime    Last Run               Last # of DB Queries
---------------------------------  -----  ---------  --------  ----------  --------------  -------------------  ----------------------
/opt/airflow/dags/waseet_daily.py                           1           0  0.13s           2026-09-15T20:44:35                      12
================================================================================
[2026-09-15T20:45:07.602+0000] {manager.py:821} INFO - Searching for files in /opt/airflow/dags
[2026-09-15T20:45:07.653+0000] {manager.py:824} INFO - There are 1 files in /opt/airflow/dags
[2026-09-15T20:45:12.694+0000] {manager.py:821} INFO - Searching for files in /opt/airflow/dags
[2026-09-15T20:45:12.732+0000] {manager.py:824} INFO - There are 1 files in /opt/airflow/dags
[2026-09-15T20:45:17.776+0000] {manager.py:821} INFO - Searching for files in /opt/airflow/dags
[2026-09-15T20:45:17.819+0000] {manager.py:824} INFO - There are 1 files in /opt/airflow/dags
[2026-09-15T20:45:22.858+0000] {manager.py:821} INFO - Searching for files in /opt/airflow/dags
[2026-09-15T20:45:22.875+0000] {manager.py:824} INFO - There are 1 files in /opt/airflow/dags
[2026-09-15T20:45:27.914+0000] {manager.py:821} INFO - Searching for files in /opt/airflow/dags
[2026-09-15T20:45:27.935+0000] {manager.py:824} INFO - There are 1 files in /opt/airflow/dags
[2026-09-15T20:45:32.972+0000] {manager.py:821} INFO - Searching for files in /opt/airflow/dags
[2026-09-15T20:45:33.007+0000] {manager.py:824} INFO - There are 1 files in /opt/airflow/dags
[2026-09-15T20:45:33.017+0000] {manager.py:997} INFO - 
================================================================================
DAG File Processing Stats

File Path                          PID    Runtime      # DAGs    # Errors  Last Runtime    Last Run               Last # of DB Queries
---------------------------------  -----  ---------  --------  ----------  --------------  -------------------  ----------------------
/opt/airflow/dags/waseet_daily.py                           1           0  0.16s           2026-09-15T20:45:05                      12
================================================================================
[2026-09-15T20:45:38.081+0000] {manager.py:821} INFO - Searching for files in /opt/airflow/dags
[2026-09-15T20:45:38.126+0000] {manager.py:824} INFO - There are 1 files in /opt/airflow/dags
[2026-09-15T20:45:43.160+0000] {manager.py:821} INFO - Searching for files in /opt/airflow/dags
[2026-09-15T20:45:43.175+0000] {manager.py:824} INFO - There are 1 files in /opt/airflow/dags
[2026-09-15T20:45:48.212+0000] {manager.py:821} INFO - Searching for files in /opt/airflow/dags
[2026-09-15T20:45:48.248+0000] {manager.py:824} INFO - There are 1 files in /opt/airflow/dags
[2026-09-15T20:45:53.290+0000] {manager.py:821} INFO - Searching for files in /opt/airflow/dags
[2026-09-15T20:45:53.304+0000] {manager.py:824} INFO - There are 1 files in /opt/airflow/dags
[2026-09-15T20:45:58.337+0000] {manager.py:821} INFO - Searching for files in /opt/airflow/dags
[2026-09-15T20:45:58.395+0000] {manager.py:824} INFO - There are 1 files in /opt/airflow/dags
[2026-09-15T20:46:03.101+0000] {manager.py:997} INFO - 
================================================================================
DAG File Processing Stats

File Path                          PID    Runtime      # DAGs    # Errors  Last Runtime    Last Run               Last # of DB Queries
---------------------------------  -----  ---------  --------  ----------  --------------  -------------------  ----------------------
/opt/airflow/dags/waseet_daily.py                           1           0  0.86s           2026-09-15T20:45:36                      12
================================================================================
[2026-09-15T20:46:03.436+0000] {manager.py:821} INFO - Searching for files in /opt/airflow/dags
[2026-09-15T20:46:03.468+0000] {manager.py:824} INFO - There are 1 files in /opt/airflow/dags
[2026-09-15T20:46:09.146+0000] {manager.py:821} INFO - Searching for files in /opt/airflow/dags
[2026-09-15T20:46:09.188+0000] {manager.py:824} INFO - There are 1 files in /opt/airflow/dags
[2026-09-15T20:46:14.224+0000] {manager.py:821} INFO - Searching for files in /opt/airflow/dags
[2026-09-15T20:46:14.254+0000] {manager.py:824} INFO - There are 1 files in /opt/airflow/dags
[2026-09-15T20:46:19.292+0000] {manager.py:821} INFO - Searching for files in /opt/airflow/dags
[2026-09-15T20:46:19.334+0000] {manager.py:824} INFO - There are 1 files in /opt/airflow/dags
[2026-09-15T20:46:24.379+0000] {manager.py:821} INFO - Searching for files in /opt/airflow/dags
[2026-09-15T20:46:24.409+0000] {manager.py:824} INFO - There are 1 files in /opt/airflow/dags
[2026-09-15T20:46:29.445+0000] {manager.py:821} INFO - Searching for files in /opt/airflow/dags
[2026-09-15T20:46:29.459+0000] {manager.py:824} INFO - There are 1 files in /opt/airflow/dags
[2026-09-15T20:46:33.495+0000] {manager.py:997} INFO - 
================================================================================
DAG File Processing Stats

File Path                          PID    Runtime      # DAGs    # Errors  Last Runtime    Last Run               Last # of DB Queries
---------------------------------  -----  ---------  --------  ----------  --------------  -------------------  ----------------------
/opt/airflow/dags/waseet_daily.py                           1           0  0.16s           2026-09-15T20:46:07                      12
================================================================================
[2026-09-15T20:46:34.501+0000] {manager.py:821} INFO - Searching for files in /opt/airflow/dags
[2026-09-15T20:46:34.516+0000] {manager.py:824} INFO - There are 1 files in /opt/airflow/dags
[2026-09-15T20:46:39.581+0000] {manager.py:821} INFO - Searching for files in /opt/airflow/dags
[2026-09-15T20:46:39.607+0000] {manager.py:824} INFO - There are 1 files in /opt/airflow/dags
[2026-09-15T20:46:44.652+0000] {manager.py:821} INFO - Searching for files in /opt/airflow/dags
[2026-09-15T20:46:44.675+0000] {manager.py:824} INFO - There are 1 files in /opt/airflow/dags
[2026-09-15T20:46:49.715+0000] {manager.py:821} INFO - Searching for files in /opt/airflow/dags
[2026-09-15T20:46:49.746+0000] {manager.py:824} INFO - There are 1 files in /opt/airflow/dags
[2026-09-15T20:46:54.793+0000] {manager.py:821} INFO - Searching for files in /opt/airflow/dags
[2026-09-15T20:46:54.816+0000] {manager.py:824} INFO - There are 1 files in /opt/airflow/dags
[2026-09-15T20:46:59.854+0000] {manager.py:821} INFO - Searching for files in /opt/airflow/dags
[2026-09-15T20:46:59.878+0000] {manager.py:824} INFO - There are 1 files in /opt/airflow/dags
[2026-09-15T20:47:03.911+0000] {manager.py:997} INFO - 
================================================================================
DAG File Processing Stats

File Path                          PID    Runtime      # DAGs    # Errors  Last Runtime    Last Run               Last # of DB Queries
---------------------------------  -----  ---------  --------  ----------  --------------  -------------------  ----------------------
/opt/airflow/dags/waseet_daily.py                           1           0  0.21s           2026-09-15T20:46:37                      12
================================================================================
[2026-09-15T20:47:04.915+0000] {manager.py:821} INFO - Searching for files in /opt/airflow/dags
[2026-09-15T20:47:04.933+0000] {manager.py:824} INFO - There are 1 files in /opt/airflow/dags
[2026-09-15T20:47:09.984+0000] {manager.py:821} INFO - Searching for files in /opt/airflow/dags
[2026-09-15T20:47:10.012+0000] {manager.py:824} INFO - There are 1 files in /opt/airflow/dags
[2026-09-15T20:47:15.064+0000] {manager.py:821} INFO - Searching for files in /opt/airflow/dags
[2026-09-15T20:47:15.105+0000] {manager.py:824} INFO - There are 1 files in /opt/airflow/dags
[2026-09-15T20:47:20.147+0000] {manager.py:821} INFO - Searching for files in /opt/airflow/dags
[2026-09-15T20:47:20.166+0000] {manager.py:824} INFO - There are 1 files in /opt/airflow/dags
[2026-09-15T20:47:25.203+0000] {manager.py:821} INFO - Searching for files in /opt/airflow/dags
[2026-09-15T20:47:25.238+0000] {manager.py:824} INFO - There are 1 files in /opt/airflow/dags
[2026-09-15T20:47:30.278+0000] {manager.py:821} INFO - Searching for files in /opt/airflow/dags
[2026-09-15T20:47:30.300+0000] {manager.py:824} INFO - There are 1 files in /opt/airflow/dags
[2026-09-15T20:47:34.343+0000] {manager.py:997} INFO - 
================================================================================
DAG File Processing Stats

File Path                          PID    Runtime      # DAGs    # Errors  Last Runtime    Last Run               Last # of DB Queries
---------------------------------  -----  ---------  --------  ----------  --------------  -------------------  ----------------------
/opt/airflow/dags/waseet_daily.py                           1           0  0.35s           2026-09-15T20:47:08                      12
================================================================================
[2026-09-15T20:47:35.347+0000] {manager.py:821} INFO - Searching for files in /opt/airflow/dags
[2026-09-15T20:47:35.395+0000] {manager.py:824} INFO - There are 1 files in /opt/airflow/dags
[2026-09-15T20:47:40.507+0000] {manager.py:821} INFO - Searching for files in /opt/airflow/dags
[2026-09-15T20:47:40.548+0000] {manager.py:824} INFO - There are 1 files in /opt/airflow/dags
[2026-09-15T20:47:45.588+0000] {manager.py:821} INFO - Searching for files in /opt/airflow/dags
[2026-09-15T20:47:45.621+0000] {manager.py:824} INFO - There are 1 files in /opt/airflow/dags
[2026-09-15T20:47:50.670+0000] {manager.py:821} INFO - Searching for files in /opt/airflow/dags
[2026-09-15T20:47:50.693+0000] {manager.py:824} INFO - There are 1 files in /opt/airflow/dags
[2026-09-15T20:47:55.739+0000] {manager.py:821} INFO - Searching for files in /opt/airflow/dags
[2026-09-15T20:47:55.772+0000] {manager.py:824} INFO - There are 1 files in /opt/airflow/dags
[2026-09-15T20:48:00.811+0000] {manager.py:821} INFO - Searching for files in /opt/airflow/dags
[2026-09-15T20:48:00.846+0000] {manager.py:824} INFO - There are 1 files in /opt/airflow/dags
[2026-09-15T20:48:04.879+0000] {manager.py:997} INFO - 
================================================================================
DAG File Processing Stats

File Path                          PID    Runtime      # DAGs    # Errors  Last Runtime    Last Run               Last # of DB Queries
---------------------------------  -----  ---------  --------  ----------  --------------  -------------------  ----------------------
/opt/airflow/dags/waseet_daily.py                           1           0  0.17s           2026-09-15T20:47:38                      12
================================================================================
[2026-09-15T20:48:05.881+0000] {manager.py:821} INFO - Searching for files in /opt/airflow/dags
[2026-09-15T20:48:05.923+0000] {manager.py:824} INFO - There are 1 files in /opt/airflow/dags
[2026-09-15T20:48:10.997+0000] {manager.py:821} INFO - Searching for files in /opt/airflow/dags
[2026-09-15T20:48:11.023+0000] {manager.py:824} INFO - There are 1 files in /opt/airflow/dags
[2026-09-15T20:48:16.062+0000] {manager.py:821} INFO - Searching for files in /opt/airflow/dags
[2026-09-15T20:48:16.095+0000] {manager.py:824} INFO - There are 1 files in /opt/airflow/dags
[2026-09-15T20:48:21.139+0000] {manager.py:821} INFO - Searching for files in /opt/airflow/dags
[2026-09-15T20:48:21.179+0000] {manager.py:824} INFO - There are 1 files in /opt/airflow/dags
[2026-09-15T20:48:26.217+0000] {manager.py:821} INFO - Searching for files in /opt/airflow/dags
[2026-09-15T20:48:26.245+0000] {manager.py:824} INFO - There are 1 files in /opt/airflow/dags
[2026-09-15T20:48:31.279+0000] {manager.py:821} INFO - Searching for files in /opt/airflow/dags
[2026-09-15T20:48:31.313+0000] {manager.py:824} INFO - There are 1 files in /opt/airflow/dags
[2026-09-15T20:48:35.350+0000] {manager.py:997} INFO - 
================================================================================
DAG File Processing Stats

File Path                          PID    Runtime      # DAGs    # Errors  Last Runtime    Last Run               Last # of DB Queries
---------------------------------  -----  ---------  --------  ----------  --------------  -------------------  ----------------------
/opt/airflow/dags/waseet_daily.py                           1           0  0.15s           2026-09-15T20:48:09                      12
================================================================================
[2026-09-15T20:48:36.352+0000] {manager.py:821} INFO - Searching for files in /opt/airflow/dags
[2026-09-15T20:48:36.370+0000] {manager.py:824} INFO - There are 1 files in /opt/airflow/dags
[2026-09-15T20:48:41.426+0000] {manager.py:821} INFO - Searching for files in /opt/airflow/dags
[2026-09-15T20:48:41.470+0000] {manager.py:824} INFO - There are 1 files in /opt/airflow/dags
[2026-09-15T20:48:46.513+0000] {manager.py:821} INFO - Searching for files in /opt/airflow/dags
[2026-09-15T20:48:46.542+0000] {manager.py:824} INFO - There are 1 files in /opt/airflow/dags
[2026-09-15T20:48:51.586+0000] {manager.py:821} INFO - Searching for files in /opt/airflow/dags
[2026-09-15T20:48:51.631+0000] {manager.py:824} INFO - There are 1 files in /opt/airflow/dags
[2026-09-15T20:48:56.671+0000] {manager.py:821} INFO - Searching for files in /opt/airflow/dags
[2026-09-15T20:48:56.689+0000] {manager.py:824} INFO - There are 1 files in /opt/airflow/dags
[2026-09-15T20:49:01.725+0000] {manager.py:821} INFO - Searching for files in /opt/airflow/dags
[2026-09-15T20:49:01.768+0000] {manager.py:824} INFO - There are 1 files in /opt/airflow/dags
[2026-09-15T20:49:05.801+0000] {manager.py:997} INFO - 
================================================================================
DAG File Processing Stats

File Path                          PID    Runtime      # DAGs    # Errors  Last Runtime    Last Run               Last # of DB Queries
---------------------------------  -----  ---------  --------  ----------  --------------  -------------------  ----------------------
/opt/airflow/dags/waseet_daily.py                           1           0  0.15s           2026-09-15T20:48:39                      12
================================================================================
[2026-09-15T20:49:06.806+0000] {manager.py:821} INFO - Searching for files in /opt/airflow/dags
[2026-09-15T20:49:06.834+0000] {manager.py:824} INFO - There are 1 files in /opt/airflow/dags
[2026-09-15T20:49:11.894+0000] {manager.py:821} INFO - Searching for files in /opt/airflow/dags
[2026-09-15T20:49:11.918+0000] {manager.py:824} INFO - There are 1 files in /opt/airflow/dags
[2026-09-15T20:49:16.954+0000] {manager.py:821} INFO - Searching for files in /opt/airflow/dags
[2026-09-15T20:49:16.987+0000] {manager.py:824} INFO - There are 1 files in /opt/airflow/dags
[2026-09-15T20:49:22.026+0000] {manager.py:821} INFO - Searching for files in /opt/airflow/dags
[2026-09-15T20:49:22.066+0000] {manager.py:824} INFO - There are 1 files in /opt/airflow/dags
[2026-09-15T20:49:27.109+0000] {manager.py:821} INFO - Searching for files in /opt/airflow/dags
[2026-09-15T20:49:27.125+0000] {manager.py:824} INFO - There are 1 files in /opt/airflow/dags
[2026-09-15T20:49:32.173+0000] {manager.py:821} INFO - Searching for files in /opt/airflow/dags
[2026-09-15T20:49:32.217+0000] {manager.py:824} INFO - There are 1 files in /opt/airflow/dags
[2026-09-15T20:49:36.261+0000] {manager.py:997} INFO - 
================================================================================
DAG File Processing Stats

File Path                          PID    Runtime      # DAGs    # Errors  Last Runtime    Last Run               Last # of DB Queries
---------------------------------  -----  ---------  --------  ----------  --------------  -------------------  ----------------------
/opt/airflow/dags/waseet_daily.py                           1           0  0.13s           2026-09-15T20:49:10                      12
================================================================================
[2026-09-15T20:49:37.268+0000] {manager.py:821} INFO - Searching for files in /opt/airflow/dags
[2026-09-15T20:49:37.283+0000] {manager.py:824} INFO - There are 1 files in /opt/airflow/dags
[2026-09-15T20:49:42.339+0000] {manager.py:821} INFO - Searching for files in /opt/airflow/dags
[2026-09-15T20:49:42.353+0000] {manager.py:824} INFO - There are 1 files in /opt/airflow/dags
[2026-09-15T20:49:47.412+0000] {manager.py:821} INFO - Searching for files in /opt/airflow/dags
[2026-09-15T20:49:47.426+0000] {manager.py:824} INFO - There are 1 files in /opt/airflow/dags
[2026-09-15T20:49:52.464+0000] {manager.py:821} INFO - Searching for files in /opt/airflow/dags
[2026-09-15T20:49:52.486+0000] {manager.py:824} INFO - There are 1 files in /opt/airflow/dags
[2026-09-15T20:49:57.523+0000] {manager.py:821} INFO - Searching for files in /opt/airflow/dags
[2026-09-15T20:49:57.570+0000] {manager.py:824} INFO - There are 1 files in /opt/airflow/dags
[2026-09-15T20:50:02.618+0000] {manager.py:821} INFO - Searching for files in /opt/airflow/dags
[2026-09-15T20:50:02.637+0000] {manager.py:824} INFO - There are 1 files in /opt/airflow/dags
[2026-09-15T20:50:06.685+0000] {manager.py:997} INFO - 
================================================================================
DAG File Processing Stats

File Path                          PID    Runtime      # DAGs    # Errors  Last Runtime    Last Run               Last # of DB Queries
---------------------------------  -----  ---------  --------  ----------  --------------  -------------------  ----------------------
/opt/airflow/dags/waseet_daily.py                           1           0  0.13s           2026-09-15T20:49:40                      12
================================================================================
[2026-09-15T20:50:07.691+0000] {manager.py:821} INFO - Searching for files in /opt/airflow/dags
[2026-09-15T20:50:07.707+0000] {manager.py:824} INFO - There are 1 files in /opt/airflow/dags
[2026-09-15T20:50:12.789+0000] {manager.py:821} INFO - Searching for files in /opt/airflow/dags
[2026-09-15T20:50:12.803+0000] {manager.py:824} INFO - There are 1 files in /opt/airflow/dags
