[2026-09-15T16:42:15.496+0000] {processor.py:186} INFO - Started process (PID=257) to work on /opt/airflow/dags/waseet_daily.py
[2026-09-15T16:42:15.497+0000] {processor.py:914} INFO - Processing file /opt/airflow/dags/waseet_daily.py for tasks to queue
[2026-09-15T16:42:15.499+0000] {logging_mixin.py:190} INFO - [2026-09-15T16:42:15.498+0000] {dagbag.py:588} INFO - Filling up the DagBag from /opt/airflow/dags/waseet_daily.py
[2026-09-15T16:42:15.521+0000] {processor.py:925} INFO - DAG(s) 'waseet_daily' retrieved from /opt/airflow/dags/waseet_daily.py
[2026-09-15T16:42:15.610+0000] {logging_mixin.py:190} INFO - [2026-09-15T16:42:15.609+0000] {override.py:1912} INFO - Created Permission View: can delete on DAG:waseet_daily
[2026-09-15T16:42:15.619+0000] {logging_mixin.py:190} INFO - [2026-09-15T16:42:15.619+0000] {override.py:1912} INFO - Created Permission View: can read on DAG:waseet_daily
[2026-09-15T16:42:15.625+0000] {logging_mixin.py:190} INFO - [2026-09-15T16:42:15.625+0000] {override.py:1912} INFO - Created Permission View: can edit on DAG:waseet_daily
[2026-09-15T16:42:15.634+0000] {logging_mixin.py:190} INFO - [2026-09-15T16:42:15.634+0000] {override.py:1912} INFO - Created Permission View: can create on DAG Run:waseet_daily
[2026-09-15T16:42:15.641+0000] {logging_mixin.py:190} INFO - [2026-09-15T16:42:15.641+0000] {override.py:1912} INFO - Created Permission View: can delete on DAG Run:waseet_daily
[2026-09-15T16:42:15.647+0000] {logging_mixin.py:190} INFO - [2026-09-15T16:42:15.647+0000] {override.py:1912} INFO - Created Permission View: can read on DAG Run:waseet_daily
[2026-09-15T16:42:15.653+0000] {logging_mixin.py:190} INFO - [2026-09-15T16:42:15.653+0000] {override.py:1912} INFO - Created Permission View: menu access on DAG Run:waseet_daily
[2026-09-15T16:42:15.654+0000] {logging_mixin.py:190} INFO - [2026-09-15T16:42:15.654+0000] {dag.py:3239} INFO - Sync 1 DAGs
[2026-09-15T16:42:15.663+0000] {logging_mixin.py:190} INFO - [2026-09-15T16:42:15.663+0000] {dag.py:3262} INFO - Creating ORM DAG for waseet_daily
[2026-09-15T16:42:15.672+0000] {logging_mixin.py:190} INFO - [2026-09-15T16:42:15.672+0000] {dag.py:4180} INFO - Setting next_dagrun for waseet_daily to 2026-09-14 00:00:00+00:00, run_after=2026-09-15 00:00:00+00:00
[2026-09-15T16:42:15.686+0000] {processor.py:208} INFO - Processing /opt/airflow/dags/waseet_daily.py took 0.194 seconds
[2026-09-15T16:42:45.891+0000] {processor.py:186} INFO - Started process (PID=294) to work on /opt/airflow/dags/waseet_daily.py
[2026-09-15T16:42:45.892+0000] {processor.py:914} INFO - Processing file /opt/airflow/dags/waseet_daily.py for tasks to queue
[2026-09-15T16:42:45.895+0000] {logging_mixin.py:190} INFO - [2026-09-15T16:42:45.895+0000] {dagbag.py:588} INFO - Filling up the DagBag from /opt/airflow/dags/waseet_daily.py
[2026-09-15T16:42:45.913+0000] {processor.py:925} INFO - DAG(s) 'waseet_daily' retrieved from /opt/airflow/dags/waseet_daily.py
[2026-09-15T16:42:45.934+0000] {logging_mixin.py:190} INFO - [2026-09-15T16:42:45.934+0000] {dag.py:3239} INFO - Sync 1 DAGs
[2026-09-15T16:42:45.955+0000] {logging_mixin.py:190} INFO - [2026-09-15T16:42:45.955+0000] {dag.py:4180} INFO - Setting next_dagrun for waseet_daily to 2026-09-14 00:00:00+00:00, run_after=2026-09-15 00:00:00+00:00
[2026-09-15T16:42:45.971+0000] {processor.py:208} INFO - Processing /opt/airflow/dags/waseet_daily.py took 0.085 seconds
[2026-09-15T16:43:16.317+0000] {processor.py:186} INFO - Started process (PID=299) to work on /opt/airflow/dags/waseet_daily.py
[2026-09-15T16:43:16.318+0000] {processor.py:914} INFO - Processing file /opt/airflow/dags/waseet_daily.py for tasks to queue
[2026-09-15T16:43:16.320+0000] {logging_mixin.py:190} INFO - [2026-09-15T16:43:16.320+0000] {dagbag.py:588} INFO - Filling up the DagBag from /opt/airflow/dags/waseet_daily.py
[2026-09-15T16:43:16.337+0000] {processor.py:925} INFO - DAG(s) 'waseet_daily' retrieved from /opt/airflow/dags/waseet_daily.py
[2026-09-15T16:43:16.361+0000] {logging_mixin.py:190} INFO - [2026-09-15T16:43:16.361+0000] {dag.py:3239} INFO - Sync 1 DAGs
[2026-09-15T16:43:16.378+0000] {logging_mixin.py:190} INFO - [2026-09-15T16:43:16.378+0000] {dag.py:4180} INFO - Setting next_dagrun for waseet_daily to 2026-09-14 00:00:00+00:00, run_after=2026-09-15 00:00:00+00:00
[2026-09-15T16:43:16.394+0000] {processor.py:208} INFO - Processing /opt/airflow/dags/waseet_daily.py took 0.081 seconds
[2026-09-15T16:43:46.755+0000] {processor.py:186} INFO - Started process (PID=304) to work on /opt/airflow/dags/waseet_daily.py
[2026-09-15T16:43:46.756+0000] {processor.py:914} INFO - Processing file /opt/airflow/dags/waseet_daily.py for tasks to queue
[2026-09-15T16:43:46.758+0000] {logging_mixin.py:190} INFO - [2026-09-15T16:43:46.757+0000] {dagbag.py:588} INFO - Filling up the DagBag from /opt/airflow/dags/waseet_daily.py
[2026-09-15T16:43:46.777+0000] {processor.py:925} INFO - DAG(s) 'waseet_daily' retrieved from /opt/airflow/dags/waseet_daily.py
[2026-09-15T16:43:46.797+0000] {logging_mixin.py:190} INFO - [2026-09-15T16:43:46.797+0000] {dag.py:3239} INFO - Sync 1 DAGs
[2026-09-15T16:43:46.815+0000] {logging_mixin.py:190} INFO - [2026-09-15T16:43:46.815+0000] {dag.py:4180} INFO - Setting next_dagrun for waseet_daily to 2026-09-14 00:00:00+00:00, run_after=2026-09-15 00:00:00+00:00
[2026-09-15T16:43:46.847+0000] {processor.py:208} INFO - Processing /opt/airflow/dags/waseet_daily.py took 0.096 seconds
[2026-09-15T16:44:17.118+0000] {processor.py:186} INFO - Started process (PID=309) to work on /opt/airflow/dags/waseet_daily.py
[2026-09-15T16:44:17.120+0000] {processor.py:914} INFO - Processing file /opt/airflow/dags/waseet_daily.py for tasks to queue
[2026-09-15T16:44:17.123+0000] {logging_mixin.py:190} INFO - [2026-09-15T16:44:17.123+0000] {dagbag.py:588} INFO - Filling up the DagBag from /opt/airflow/dags/waseet_daily.py
[2026-09-15T16:44:17.144+0000] {processor.py:925} INFO - DAG(s) 'waseet_daily' retrieved from /opt/airflow/dags/waseet_daily.py
[2026-09-15T16:44:17.165+0000] {logging_mixin.py:190} INFO - [2026-09-15T16:44:17.164+0000] {dag.py:3239} INFO - Sync 1 DAGs
[2026-09-15T16:44:17.184+0000] {logging_mixin.py:190} INFO - [2026-09-15T16:44:17.184+0000] {dag.py:4180} INFO - Setting next_dagrun for waseet_daily to 2026-09-14 00:00:00+00:00, run_after=2026-09-15 00:00:00+00:00
[2026-09-15T16:44:17.216+0000] {processor.py:208} INFO - Processing /opt/airflow/dags/waseet_daily.py took 0.102 seconds
[2026-09-15T16:44:47.557+0000] {processor.py:186} INFO - Started process (PID=314) to work on /opt/airflow/dags/waseet_daily.py
[2026-09-15T16:44:47.558+0000] {processor.py:914} INFO - Processing file /opt/airflow/dags/waseet_daily.py for tasks to queue
[2026-09-15T16:44:47.561+0000] {logging_mixin.py:190} INFO - [2026-09-15T16:44:47.560+0000] {dagbag.py:588} INFO - Filling up the DagBag from /opt/airflow/dags/waseet_daily.py
[2026-09-15T16:44:47.576+0000] {processor.py:925} INFO - DAG(s) 'waseet_daily' retrieved from /opt/airflow/dags/waseet_daily.py
[2026-09-15T16:44:47.599+0000] {logging_mixin.py:190} INFO - [2026-09-15T16:44:47.598+0000] {dag.py:3239} INFO - Sync 1 DAGs
[2026-09-15T16:44:47.618+0000] {logging_mixin.py:190} INFO - [2026-09-15T16:44:47.618+0000] {dag.py:4180} INFO - Setting next_dagrun for waseet_daily to 2026-09-14 00:00:00+00:00, run_after=2026-09-15 00:00:00+00:00
[2026-09-15T16:44:47.638+0000] {processor.py:208} INFO - Processing /opt/airflow/dags/waseet_daily.py took 0.085 seconds
[2026-09-15T16:45:17.954+0000] {processor.py:186} INFO - Started process (PID=319) to work on /opt/airflow/dags/waseet_daily.py
[2026-09-15T16:45:17.955+0000] {processor.py:914} INFO - Processing file /opt/airflow/dags/waseet_daily.py for tasks to queue
[2026-09-15T16:45:17.957+0000] {logging_mixin.py:190} INFO - [2026-09-15T16:45:17.957+0000] {dagbag.py:588} INFO - Filling up the DagBag from /opt/airflow/dags/waseet_daily.py
[2026-09-15T16:45:17.973+0000] {processor.py:925} INFO - DAG(s) 'waseet_daily' retrieved from /opt/airflow/dags/waseet_daily.py
[2026-09-15T16:45:17.992+0000] {logging_mixin.py:190} INFO - [2026-09-15T16:45:17.992+0000] {dag.py:3239} INFO - Sync 1 DAGs
[2026-09-15T16:45:18.009+0000] {logging_mixin.py:190} INFO - [2026-09-15T16:45:18.009+0000] {dag.py:4180} INFO - Setting next_dagrun for waseet_daily to 2026-09-14 00:00:00+00:00, run_after=2026-09-15 00:00:00+00:00
[2026-09-15T16:45:18.042+0000] {processor.py:208} INFO - Processing /opt/airflow/dags/waseet_daily.py took 0.091 seconds
[2026-09-15T16:45:48.462+0000] {processor.py:186} INFO - Started process (PID=324) to work on /opt/airflow/dags/waseet_daily.py
[2026-09-15T16:45:48.463+0000] {processor.py:914} INFO - Processing file /opt/airflow/dags/waseet_daily.py for tasks to queue
[2026-09-15T16:45:48.465+0000] {logging_mixin.py:190} INFO - [2026-09-15T16:45:48.465+0000] {dagbag.py:588} INFO - Filling up the DagBag from /opt/airflow/dags/waseet_daily.py
[2026-09-15T16:45:48.480+0000] {processor.py:925} INFO - DAG(s) 'waseet_daily' retrieved from /opt/airflow/dags/waseet_daily.py
[2026-09-15T16:45:48.499+0000] {logging_mixin.py:190} INFO - [2026-09-15T16:45:48.499+0000] {dag.py:3239} INFO - Sync 1 DAGs
[2026-09-15T16:45:48.516+0000] {logging_mixin.py:190} INFO - [2026-09-15T16:45:48.516+0000] {dag.py:4180} INFO - Setting next_dagrun for waseet_daily to 2026-09-14 00:00:00+00:00, run_after=2026-09-15 00:00:00+00:00
[2026-09-15T16:45:48.533+0000] {processor.py:208} INFO - Processing /opt/airflow/dags/waseet_daily.py took 0.075 seconds
[2026-09-15T16:46:18.921+0000] {processor.py:186} INFO - Started process (PID=329) to work on /opt/airflow/dags/waseet_daily.py
[2026-09-15T16:46:18.922+0000] {processor.py:914} INFO - Processing file /opt/airflow/dags/waseet_daily.py for tasks to queue
[2026-09-15T16:46:18.924+0000] {logging_mixin.py:190} INFO - [2026-09-15T16:46:18.924+0000] {dagbag.py:588} INFO - Filling up the DagBag from /opt/airflow/dags/waseet_daily.py
[2026-09-15T16:46:18.938+0000] {processor.py:925} INFO - DAG(s) 'waseet_daily' retrieved from /opt/airflow/dags/waseet_daily.py
[2026-09-15T16:46:18.955+0000] {logging_mixin.py:190} INFO - [2026-09-15T16:46:18.955+0000] {dag.py:3239} INFO - Sync 1 DAGs
[2026-09-15T16:46:18.972+0000] {logging_mixin.py:190} INFO - [2026-09-15T16:46:18.972+0000] {dag.py:4180} INFO - Setting next_dagrun for waseet_daily to 2026-09-14 00:00:00+00:00, run_after=2026-09-15 00:00:00+00:00
[2026-09-15T16:46:19.002+0000] {processor.py:208} INFO - Processing /opt/airflow/dags/waseet_daily.py took 0.084 seconds
[2026-09-15T16:46:49.365+0000] {processor.py:186} INFO - Started process (PID=334) to work on /opt/airflow/dags/waseet_daily.py
[2026-09-15T16:46:49.367+0000] {processor.py:914} INFO - Processing file /opt/airflow/dags/waseet_daily.py for tasks to queue
[2026-09-15T16:46:49.368+0000] {logging_mixin.py:190} INFO - [2026-09-15T16:46:49.368+0000] {dagbag.py:588} INFO - Filling up the DagBag from /opt/airflow/dags/waseet_daily.py
[2026-09-15T16:46:49.384+0000] {processor.py:925} INFO - DAG(s) 'waseet_daily' retrieved from /opt/airflow/dags/waseet_daily.py
[2026-09-15T16:46:49.402+0000] {logging_mixin.py:190} INFO - [2026-09-15T16:46:49.402+0000] {dag.py:3239} INFO - Sync 1 DAGs
[2026-09-15T16:46:49.420+0000] {logging_mixin.py:190} INFO - [2026-09-15T16:46:49.420+0000] {dag.py:4180} INFO - Setting next_dagrun for waseet_daily to 2026-09-14 00:00:00+00:00, run_after=2026-09-15 00:00:00+00:00
[2026-09-15T16:46:49.437+0000] {processor.py:208} INFO - Processing /opt/airflow/dags/waseet_daily.py took 0.075 seconds
[2026-09-15T16:47:19.825+0000] {processor.py:186} INFO - Started process (PID=339) to work on /opt/airflow/dags/waseet_daily.py
[2026-09-15T16:47:19.826+0000] {processor.py:914} INFO - Processing file /opt/airflow/dags/waseet_daily.py for tasks to queue
[2026-09-15T16:47:19.828+0000] {logging_mixin.py:190} INFO - [2026-09-15T16:47:19.828+0000] {dagbag.py:588} INFO - Filling up the DagBag from /opt/airflow/dags/waseet_daily.py
[2026-09-15T16:47:19.843+0000] {processor.py:925} INFO - DAG(s) 'waseet_daily' retrieved from /opt/airflow/dags/waseet_daily.py
[2026-09-15T16:47:19.861+0000] {logging_mixin.py:190} INFO - [2026-09-15T16:47:19.861+0000] {dag.py:3239} INFO - Sync 1 DAGs
[2026-09-15T16:47:19.879+0000] {logging_mixin.py:190} INFO - [2026-09-15T16:47:19.879+0000] {dag.py:4180} INFO - Setting next_dagrun for waseet_daily to 2026-09-14 00:00:00+00:00, run_after=2026-09-15 00:00:00+00:00
[2026-09-15T16:47:19.920+0000] {processor.py:208} INFO - Processing /opt/airflow/dags/waseet_daily.py took 0.098 seconds
[2026-09-15T16:47:50.227+0000] {processor.py:186} INFO - Started process (PID=345) to work on /opt/airflow/dags/waseet_daily.py
[2026-09-15T16:47:50.228+0000] {processor.py:914} INFO - Processing file /opt/airflow/dags/waseet_daily.py for tasks to queue
[2026-09-15T16:47:50.231+0000] {logging_mixin.py:190} INFO - [2026-09-15T16:47:50.230+0000] {dagbag.py:588} INFO - Filling up the DagBag from /opt/airflow/dags/waseet_daily.py
[2026-09-15T16:47:50.247+0000] {processor.py:925} INFO - DAG(s) 'waseet_daily' retrieved from /opt/airflow/dags/waseet_daily.py
[2026-09-15T16:47:50.268+0000] {logging_mixin.py:190} INFO - [2026-09-15T16:47:50.268+0000] {dag.py:3239} INFO - Sync 1 DAGs
[2026-09-15T16:47:50.289+0000] {logging_mixin.py:190} INFO - [2026-09-15T16:47:50.288+0000] {dag.py:4180} INFO - Setting next_dagrun for waseet_daily to 2026-09-14 00:00:00+00:00, run_after=2026-09-15 00:00:00+00:00
[2026-09-15T16:47:50.323+0000] {processor.py:208} INFO - Processing /opt/airflow/dags/waseet_daily.py took 0.099 seconds
[2026-09-15T16:48:20.655+0000] {processor.py:186} INFO - Started process (PID=350) to work on /opt/airflow/dags/waseet_daily.py
[2026-09-15T16:48:20.656+0000] {processor.py:914} INFO - Processing file /opt/airflow/dags/waseet_daily.py for tasks to queue
[2026-09-15T16:48:20.658+0000] {logging_mixin.py:190} INFO - [2026-09-15T16:48:20.658+0000] {dagbag.py:588} INFO - Filling up the DagBag from /opt/airflow/dags/waseet_daily.py
[2026-09-15T16:48:20.677+0000] {processor.py:925} INFO - DAG(s) 'waseet_daily' retrieved from /opt/airflow/dags/waseet_daily.py
[2026-09-15T16:48:20.698+0000] {logging_mixin.py:190} INFO - [2026-09-15T16:48:20.698+0000] {dag.py:3239} INFO - Sync 1 DAGs
[2026-09-15T16:48:20.715+0000] {logging_mixin.py:190} INFO - [2026-09-15T16:48:20.715+0000] {dag.py:4180} INFO - Setting next_dagrun for waseet_daily to 2026-09-14 00:00:00+00:00, run_after=2026-09-15 00:00:00+00:00
[2026-09-15T16:48:20.732+0000] {processor.py:208} INFO - Processing /opt/airflow/dags/waseet_daily.py took 0.081 seconds
[2026-09-15T16:48:51.096+0000] {processor.py:186} INFO - Started process (PID=355) to work on /opt/airflow/dags/waseet_daily.py
[2026-09-15T16:48:51.096+0000] {processor.py:914} INFO - Processing file /opt/airflow/dags/waseet_daily.py for tasks to queue
[2026-09-15T16:48:51.099+0000] {logging_mixin.py:190} INFO - [2026-09-15T16:48:51.099+0000] {dagbag.py:588} INFO - Filling up the DagBag from /opt/airflow/dags/waseet_daily.py
[2026-09-15T16:48:51.117+0000] {processor.py:925} INFO - DAG(s) 'waseet_daily' retrieved from /opt/airflow/dags/waseet_daily.py
[2026-09-15T16:48:51.136+0000] {logging_mixin.py:190} INFO - [2026-09-15T16:48:51.136+0000] {dag.py:3239} INFO - Sync 1 DAGs
[2026-09-15T16:48:51.154+0000] {logging_mixin.py:190} INFO - [2026-09-15T16:48:51.153+0000] {dag.py:4180} INFO - Setting next_dagrun for waseet_daily to 2026-09-14 00:00:00+00:00, run_after=2026-09-15 00:00:00+00:00
[2026-09-15T16:48:51.171+0000] {processor.py:208} INFO - Processing /opt/airflow/dags/waseet_daily.py took 0.080 seconds
[2026-09-15T16:49:21.481+0000] {processor.py:186} INFO - Started process (PID=360) to work on /opt/airflow/dags/waseet_daily.py
[2026-09-15T16:49:21.482+0000] {processor.py:914} INFO - Processing file /opt/airflow/dags/waseet_daily.py for tasks to queue
[2026-09-15T16:49:21.484+0000] {logging_mixin.py:190} INFO - [2026-09-15T16:49:21.483+0000] {dagbag.py:588} INFO - Filling up the DagBag from /opt/airflow/dags/waseet_daily.py
[2026-09-15T16:49:21.497+0000] {processor.py:925} INFO - DAG(s) 'waseet_daily' retrieved from /opt/airflow/dags/waseet_daily.py
[2026-09-15T16:49:21.517+0000] {logging_mixin.py:190} INFO - [2026-09-15T16:49:21.517+0000] {dag.py:3239} INFO - Sync 1 DAGs
[2026-09-15T16:49:21.534+0000] {logging_mixin.py:190} INFO - [2026-09-15T16:49:21.534+0000] {dag.py:4180} INFO - Setting next_dagrun for waseet_daily to 2026-09-14 00:00:00+00:00, run_after=2026-09-15 00:00:00+00:00
[2026-09-15T16:49:21.550+0000] {processor.py:208} INFO - Processing /opt/airflow/dags/waseet_daily.py took 0.074 seconds
[2026-09-15T16:49:51.918+0000] {processor.py:186} INFO - Started process (PID=365) to work on /opt/airflow/dags/waseet_daily.py
[2026-09-15T16:49:51.919+0000] {processor.py:914} INFO - Processing file /opt/airflow/dags/waseet_daily.py for tasks to queue
[2026-09-15T16:49:51.921+0000] {logging_mixin.py:190} INFO - [2026-09-15T16:49:51.920+0000] {dagbag.py:588} INFO - Filling up the DagBag from /opt/airflow/dags/waseet_daily.py
[2026-09-15T16:49:51.935+0000] {processor.py:925} INFO - DAG(s) 'waseet_daily' retrieved from /opt/airflow/dags/waseet_daily.py
[2026-09-15T16:49:51.954+0000] {logging_mixin.py:190} INFO - [2026-09-15T16:49:51.954+0000] {dag.py:3239} INFO - Sync 1 DAGs
[2026-09-15T16:49:51.972+0000] {logging_mixin.py:190} INFO - [2026-09-15T16:49:51.972+0000] {dag.py:4180} INFO - Setting next_dagrun for waseet_daily to 2026-09-14 00:00:00+00:00, run_after=2026-09-15 00:00:00+00:00
[2026-09-15T16:49:51.988+0000] {processor.py:208} INFO - Processing /opt/airflow/dags/waseet_daily.py took 0.073 seconds
[2026-09-15T16:50:22.338+0000] {processor.py:186} INFO - Started process (PID=371) to work on /opt/airflow/dags/waseet_daily.py
[2026-09-15T16:50:22.339+0000] {processor.py:914} INFO - Processing file /opt/airflow/dags/waseet_daily.py for tasks to queue
[2026-09-15T16:50:22.341+0000] {logging_mixin.py:190} INFO - [2026-09-15T16:50:22.341+0000] {dagbag.py:588} INFO - Filling up the DagBag from /opt/airflow/dags/waseet_daily.py
[2026-09-15T16:50:22.357+0000] {processor.py:925} INFO - DAG(s) 'waseet_daily' retrieved from /opt/airflow/dags/waseet_daily.py
[2026-09-15T16:50:22.375+0000] {logging_mixin.py:190} INFO - [2026-09-15T16:50:22.375+0000] {dag.py:3239} INFO - Sync 1 DAGs
[2026-09-15T16:50:22.393+0000] {logging_mixin.py:190} INFO - [2026-09-15T16:50:22.392+0000] {dag.py:4180} INFO - Setting next_dagrun for waseet_daily to 2026-09-14 00:00:00+00:00, run_after=2026-09-15 00:00:00+00:00
[2026-09-15T16:50:22.409+0000] {processor.py:208} INFO - Processing /opt/airflow/dags/waseet_daily.py took 0.076 seconds
[2026-09-15T16:50:52.734+0000] {processor.py:186} INFO - Started process (PID=383) to work on /opt/airflow/dags/waseet_daily.py
[2026-09-15T16:50:52.735+0000] {processor.py:914} INFO - Processing file /opt/airflow/dags/waseet_daily.py for tasks to queue
[2026-09-15T16:50:52.737+0000] {logging_mixin.py:190} INFO - [2026-09-15T16:50:52.737+0000] {dagbag.py:588} INFO - Filling up the DagBag from /opt/airflow/dags/waseet_daily.py
[2026-09-15T16:50:52.751+0000] {processor.py:925} INFO - DAG(s) 'waseet_daily' retrieved from /opt/airflow/dags/waseet_daily.py
[2026-09-15T16:50:52.772+0000] {logging_mixin.py:190} INFO - [2026-09-15T16:50:52.772+0000] {dag.py:3239} INFO - Sync 1 DAGs
[2026-09-15T16:50:52.789+0000] {logging_mixin.py:190} INFO - [2026-09-15T16:50:52.789+0000] {dag.py:4180} INFO - Setting next_dagrun for waseet_daily to 2026-09-14 00:00:00+00:00, run_after=2026-09-15 00:00:00+00:00
[2026-09-15T16:50:52.814+0000] {processor.py:208} INFO - Processing /opt/airflow/dags/waseet_daily.py took 0.084 seconds
[2026-09-15T16:51:23.161+0000] {processor.py:186} INFO - Started process (PID=388) to work on /opt/airflow/dags/waseet_daily.py
[2026-09-15T16:51:23.162+0000] {processor.py:914} INFO - Processing file /opt/airflow/dags/waseet_daily.py for tasks to queue
[2026-09-15T16:51:23.164+0000] {logging_mixin.py:190} INFO - [2026-09-15T16:51:23.164+0000] {dagbag.py:588} INFO - Filling up the DagBag from /opt/airflow/dags/waseet_daily.py
[2026-09-15T16:51:23.185+0000] {processor.py:925} INFO - DAG(s) 'waseet_daily' retrieved from /opt/airflow/dags/waseet_daily.py
[2026-09-15T16:51:23.204+0000] {logging_mixin.py:190} INFO - [2026-09-15T16:51:23.204+0000] {dag.py:3239} INFO - Sync 1 DAGs
[2026-09-15T16:51:23.221+0000] {logging_mixin.py:190} INFO - [2026-09-15T16:51:23.221+0000] {dag.py:4180} INFO - Setting next_dagrun for waseet_daily to 2026-09-14 00:00:00+00:00, run_after=2026-09-15 00:00:00+00:00
[2026-09-15T16:51:23.253+0000] {processor.py:208} INFO - Processing /opt/airflow/dags/waseet_daily.py took 0.096 seconds
[2026-09-15T16:51:53.608+0000] {processor.py:186} INFO - Started process (PID=394) to work on /opt/airflow/dags/waseet_daily.py
[2026-09-15T16:51:53.610+0000] {processor.py:914} INFO - Processing file /opt/airflow/dags/waseet_daily.py for tasks to queue
[2026-09-15T16:51:53.613+0000] {logging_mixin.py:190} INFO - [2026-09-15T16:51:53.612+0000] {dagbag.py:588} INFO - Filling up the DagBag from /opt/airflow/dags/waseet_daily.py
[2026-09-15T16:51:53.633+0000] {processor.py:925} INFO - DAG(s) 'waseet_daily' retrieved from /opt/airflow/dags/waseet_daily.py
[2026-09-15T16:51:53.653+0000] {logging_mixin.py:190} INFO - [2026-09-15T16:51:53.653+0000] {dag.py:3239} INFO - Sync 1 DAGs
[2026-09-15T16:51:53.671+0000] {logging_mixin.py:190} INFO - [2026-09-15T16:51:53.671+0000] {dag.py:4180} INFO - Setting next_dagrun for waseet_daily to 2026-09-14 00:00:00+00:00, run_after=2026-09-15 00:00:00+00:00
[2026-09-15T16:51:53.689+0000] {processor.py:208} INFO - Processing /opt/airflow/dags/waseet_daily.py took 0.085 seconds
[2026-09-15T16:52:23.978+0000] {processor.py:186} INFO - Started process (PID=399) to work on /opt/airflow/dags/waseet_daily.py
[2026-09-15T16:52:23.980+0000] {processor.py:914} INFO - Processing file /opt/airflow/dags/waseet_daily.py for tasks to queue
[2026-09-15T16:52:23.983+0000] {logging_mixin.py:190} INFO - [2026-09-15T16:52:23.983+0000] {dagbag.py:588} INFO - Filling up the DagBag from /opt/airflow/dags/waseet_daily.py
[2026-09-15T16:52:24.003+0000] {processor.py:925} INFO - DAG(s) 'waseet_daily' retrieved from /opt/airflow/dags/waseet_daily.py
[2026-09-15T16:52:24.024+0000] {logging_mixin.py:190} INFO - [2026-09-15T16:52:24.024+0000] {dag.py:3239} INFO - Sync 1 DAGs
[2026-09-15T16:52:24.043+0000] {logging_mixin.py:190} INFO - [2026-09-15T16:52:24.042+0000] {dag.py:4180} INFO - Setting next_dagrun for waseet_daily to 2026-09-14 00:00:00+00:00, run_after=2026-09-15 00:00:00+00:00
[2026-09-15T16:52:24.060+0000] {processor.py:208} INFO - Processing /opt/airflow/dags/waseet_daily.py took 0.086 seconds
[2026-09-15T16:52:54.417+0000] {processor.py:186} INFO - Started process (PID=404) to work on /opt/airflow/dags/waseet_daily.py
[2026-09-15T16:52:54.419+0000] {processor.py:914} INFO - Processing file /opt/airflow/dags/waseet_daily.py for tasks to queue
[2026-09-15T16:52:54.422+0000] {logging_mixin.py:190} INFO - [2026-09-15T16:52:54.421+0000] {dagbag.py:588} INFO - Filling up the DagBag from /opt/airflow/dags/waseet_daily.py
[2026-09-15T16:52:54.448+0000] {processor.py:925} INFO - DAG(s) 'waseet_daily' retrieved from /opt/airflow/dags/waseet_daily.py
[2026-09-15T16:52:54.477+0000] {logging_mixin.py:190} INFO - [2026-09-15T16:52:54.477+0000] {dag.py:3239} INFO - Sync 1 DAGs
[2026-09-15T16:52:54.500+0000] {logging_mixin.py:190} INFO - [2026-09-15T16:52:54.500+0000] {dag.py:4180} INFO - Setting next_dagrun for waseet_daily to 2026-09-14 00:00:00+00:00, run_after=2026-09-15 00:00:00+00:00
[2026-09-15T16:52:54.522+0000] {processor.py:208} INFO - Processing /opt/airflow/dags/waseet_daily.py took 0.118 seconds
[2026-09-15T16:53:24.790+0000] {processor.py:186} INFO - Started process (PID=409) to work on /opt/airflow/dags/waseet_daily.py
[2026-09-15T16:53:24.791+0000] {processor.py:914} INFO - Processing file /opt/airflow/dags/waseet_daily.py for tasks to queue
[2026-09-15T16:53:24.793+0000] {logging_mixin.py:190} INFO - [2026-09-15T16:53:24.793+0000] {dagbag.py:588} INFO - Filling up the DagBag from /opt/airflow/dags/waseet_daily.py
[2026-09-15T16:53:24.815+0000] {processor.py:925} INFO - DAG(s) 'waseet_daily' retrieved from /opt/airflow/dags/waseet_daily.py
[2026-09-15T16:53:24.835+0000] {logging_mixin.py:190} INFO - [2026-09-15T16:53:24.834+0000] {dag.py:3239} INFO - Sync 1 DAGs
[2026-09-15T16:53:24.852+0000] {logging_mixin.py:190} INFO - [2026-09-15T16:53:24.852+0000] {dag.py:4180} INFO - Setting next_dagrun for waseet_daily to 2026-09-14 00:00:00+00:00, run_after=2026-09-15 00:00:00+00:00
[2026-09-15T16:53:24.881+0000] {processor.py:208} INFO - Processing /opt/airflow/dags/waseet_daily.py took 0.095 seconds
[2026-09-15T16:53:55.235+0000] {processor.py:186} INFO - Started process (PID=414) to work on /opt/airflow/dags/waseet_daily.py
[2026-09-15T16:53:55.237+0000] {processor.py:914} INFO - Processing file /opt/airflow/dags/waseet_daily.py for tasks to queue
[2026-09-15T16:53:55.240+0000] {logging_mixin.py:190} INFO - [2026-09-15T16:53:55.239+0000] {dagbag.py:588} INFO - Filling up the DagBag from /opt/airflow/dags/waseet_daily.py
[2026-09-15T16:53:55.262+0000] {processor.py:925} INFO - DAG(s) 'waseet_daily' retrieved from /opt/airflow/dags/waseet_daily.py
[2026-09-15T16:53:55.287+0000] {logging_mixin.py:190} INFO - [2026-09-15T16:53:55.287+0000] {dag.py:3239} INFO - Sync 1 DAGs
[2026-09-15T16:53:55.310+0000] {logging_mixin.py:190} INFO - [2026-09-15T16:53:55.310+0000] {dag.py:4180} INFO - Setting next_dagrun for waseet_daily to 2026-09-14 00:00:00+00:00, run_after=2026-09-15 00:00:00+00:00
[2026-09-15T16:53:55.330+0000] {processor.py:208} INFO - Processing /opt/airflow/dags/waseet_daily.py took 0.099 seconds
[2026-09-15T16:54:25.638+0000] {processor.py:186} INFO - Started process (PID=419) to work on /opt/airflow/dags/waseet_daily.py
[2026-09-15T16:54:25.640+0000] {processor.py:914} INFO - Processing file /opt/airflow/dags/waseet_daily.py for tasks to queue
[2026-09-15T16:54:25.642+0000] {logging_mixin.py:190} INFO - [2026-09-15T16:54:25.642+0000] {dagbag.py:588} INFO - Filling up the DagBag from /opt/airflow/dags/waseet_daily.py
[2026-09-15T16:54:25.658+0000] {processor.py:925} INFO - DAG(s) 'waseet_daily' retrieved from /opt/airflow/dags/waseet_daily.py
[2026-09-15T16:54:25.678+0000] {logging_mixin.py:190} INFO - [2026-09-15T16:54:25.678+0000] {dag.py:3239} INFO - Sync 1 DAGs
[2026-09-15T16:54:25.695+0000] {logging_mixin.py:190} INFO - [2026-09-15T16:54:25.695+0000] {dag.py:4180} INFO - Setting next_dagrun for waseet_daily to 2026-09-14 00:00:00+00:00, run_after=2026-09-15 00:00:00+00:00
[2026-09-15T16:54:25.728+0000] {processor.py:208} INFO - Processing /opt/airflow/dags/waseet_daily.py took 0.093 seconds
[2026-09-15T16:54:56.102+0000] {processor.py:186} INFO - Started process (PID=424) to work on /opt/airflow/dags/waseet_daily.py
[2026-09-15T16:54:56.102+0000] {processor.py:914} INFO - Processing file /opt/airflow/dags/waseet_daily.py for tasks to queue
[2026-09-15T16:54:56.104+0000] {logging_mixin.py:190} INFO - [2026-09-15T16:54:56.104+0000] {dagbag.py:588} INFO - Filling up the DagBag from /opt/airflow/dags/waseet_daily.py
[2026-09-15T16:54:56.121+0000] {processor.py:925} INFO - DAG(s) 'waseet_daily' retrieved from /opt/airflow/dags/waseet_daily.py
[2026-09-15T16:54:56.140+0000] {logging_mixin.py:190} INFO - [2026-09-15T16:54:56.140+0000] {dag.py:3239} INFO - Sync 1 DAGs
[2026-09-15T16:54:56.160+0000] {logging_mixin.py:190} INFO - [2026-09-15T16:54:56.160+0000] {dag.py:4180} INFO - Setting next_dagrun for waseet_daily to 2026-09-14 00:00:00+00:00, run_after=2026-09-15 00:00:00+00:00
[2026-09-15T16:54:56.180+0000] {processor.py:208} INFO - Processing /opt/airflow/dags/waseet_daily.py took 0.082 seconds
[2026-09-15T16:55:26.523+0000] {processor.py:186} INFO - Started process (PID=429) to work on /opt/airflow/dags/waseet_daily.py
[2026-09-15T16:55:26.524+0000] {processor.py:914} INFO - Processing file /opt/airflow/dags/waseet_daily.py for tasks to queue
[2026-09-15T16:55:26.527+0000] {logging_mixin.py:190} INFO - [2026-09-15T16:55:26.526+0000] {dagbag.py:588} INFO - Filling up the DagBag from /opt/airflow/dags/waseet_daily.py
[2026-09-15T16:55:26.548+0000] {processor.py:925} INFO - DAG(s) 'waseet_daily' retrieved from /opt/airflow/dags/waseet_daily.py
[2026-09-15T16:55:26.566+0000] {logging_mixin.py:190} INFO - [2026-09-15T16:55:26.566+0000] {dag.py:3239} INFO - Sync 1 DAGs
[2026-09-15T16:55:26.583+0000] {logging_mixin.py:190} INFO - [2026-09-15T16:55:26.583+0000] {dag.py:4180} INFO - Setting next_dagrun for waseet_daily to 2026-09-14 00:00:00+00:00, run_after=2026-09-15 00:00:00+00:00
[2026-09-15T16:55:26.602+0000] {processor.py:208} INFO - Processing /opt/airflow/dags/waseet_daily.py took 0.083 seconds
[2026-09-15T16:55:56.915+0000] {processor.py:186} INFO - Started process (PID=434) to work on /opt/airflow/dags/waseet_daily.py
[2026-09-15T16:55:56.916+0000] {processor.py:914} INFO - Processing file /opt/airflow/dags/waseet_daily.py for tasks to queue
[2026-09-15T16:55:56.918+0000] {logging_mixin.py:190} INFO - [2026-09-15T16:55:56.918+0000] {dagbag.py:588} INFO - Filling up the DagBag from /opt/airflow/dags/waseet_daily.py
[2026-09-15T16:55:56.934+0000] {processor.py:925} INFO - DAG(s) 'waseet_daily' retrieved from /opt/airflow/dags/waseet_daily.py
[2026-09-15T16:55:56.952+0000] {logging_mixin.py:190} INFO - [2026-09-15T16:55:56.952+0000] {dag.py:3239} INFO - Sync 1 DAGs
[2026-09-15T16:55:56.969+0000] {logging_mixin.py:190} INFO - [2026-09-15T16:55:56.969+0000] {dag.py:4180} INFO - Setting next_dagrun for waseet_daily to 2026-09-14 00:00:00+00:00, run_after=2026-09-15 00:00:00+00:00
[2026-09-15T16:55:56.988+0000] {processor.py:208} INFO - Processing /opt/airflow/dags/waseet_daily.py took 0.077 seconds
[2026-09-15T16:56:27.311+0000] {processor.py:186} INFO - Started process (PID=439) to work on /opt/airflow/dags/waseet_daily.py
[2026-09-15T16:56:27.312+0000] {processor.py:914} INFO - Processing file /opt/airflow/dags/waseet_daily.py for tasks to queue
[2026-09-15T16:56:27.316+0000] {logging_mixin.py:190} INFO - [2026-09-15T16:56:27.316+0000] {dagbag.py:588} INFO - Filling up the DagBag from /opt/airflow/dags/waseet_daily.py
[2026-09-15T16:56:27.335+0000] {processor.py:925} INFO - DAG(s) 'waseet_daily' retrieved from /opt/airflow/dags/waseet_daily.py
[2026-09-15T16:56:27.357+0000] {logging_mixin.py:190} INFO - [2026-09-15T16:56:27.357+0000] {dag.py:3239} INFO - Sync 1 DAGs
[2026-09-15T16:56:27.376+0000] {logging_mixin.py:190} INFO - [2026-09-15T16:56:27.375+0000] {dag.py:4180} INFO - Setting next_dagrun for waseet_daily to 2026-09-14 00:00:00+00:00, run_after=2026-09-15 00:00:00+00:00
[2026-09-15T16:56:27.402+0000] {processor.py:208} INFO - Processing /opt/airflow/dags/waseet_daily.py took 0.096 seconds
[2026-09-15T16:56:57.691+0000] {processor.py:186} INFO - Started process (PID=445) to work on /opt/airflow/dags/waseet_daily.py
[2026-09-15T16:56:57.692+0000] {processor.py:914} INFO - Processing file /opt/airflow/dags/waseet_daily.py for tasks to queue
[2026-09-15T16:56:57.694+0000] {logging_mixin.py:190} INFO - [2026-09-15T16:56:57.694+0000] {dagbag.py:588} INFO - Filling up the DagBag from /opt/airflow/dags/waseet_daily.py
[2026-09-15T16:56:57.712+0000] {processor.py:925} INFO - DAG(s) 'waseet_daily' retrieved from /opt/airflow/dags/waseet_daily.py
[2026-09-15T16:56:57.733+0000] {logging_mixin.py:190} INFO - [2026-09-15T16:56:57.733+0000] {dag.py:3239} INFO - Sync 1 DAGs
[2026-09-15T16:56:57.751+0000] {logging_mixin.py:190} INFO - [2026-09-15T16:56:57.751+0000] {dag.py:4180} INFO - Setting next_dagrun for waseet_daily to 2026-09-14 00:00:00+00:00, run_after=2026-09-15 00:00:00+00:00
[2026-09-15T16:56:57.769+0000] {processor.py:208} INFO - Processing /opt/airflow/dags/waseet_daily.py took 0.082 seconds
[2026-09-15T16:57:28.103+0000] {processor.py:186} INFO - Started process (PID=450) to work on /opt/airflow/dags/waseet_daily.py
[2026-09-15T16:57:28.104+0000] {processor.py:914} INFO - Processing file /opt/airflow/dags/waseet_daily.py for tasks to queue
[2026-09-15T16:57:28.106+0000] {logging_mixin.py:190} INFO - [2026-09-15T16:57:28.106+0000] {dagbag.py:588} INFO - Filling up the DagBag from /opt/airflow/dags/waseet_daily.py
[2026-09-15T16:57:28.123+0000] {processor.py:925} INFO - DAG(s) 'waseet_daily' retrieved from /opt/airflow/dags/waseet_daily.py
[2026-09-15T16:57:28.142+0000] {logging_mixin.py:190} INFO - [2026-09-15T16:57:28.142+0000] {dag.py:3239} INFO - Sync 1 DAGs
[2026-09-15T16:57:28.159+0000] {logging_mixin.py:190} INFO - [2026-09-15T16:57:28.159+0000] {dag.py:4180} INFO - Setting next_dagrun for waseet_daily to 2026-09-14 00:00:00+00:00, run_after=2026-09-15 00:00:00+00:00
[2026-09-15T16:57:28.174+0000] {processor.py:208} INFO - Processing /opt/airflow/dags/waseet_daily.py took 0.075 seconds
[2026-09-15T16:57:58.529+0000] {processor.py:186} INFO - Started process (PID=455) to work on /opt/airflow/dags/waseet_daily.py
[2026-09-15T16:57:58.530+0000] {processor.py:914} INFO - Processing file /opt/airflow/dags/waseet_daily.py for tasks to queue
[2026-09-15T16:57:58.533+0000] {logging_mixin.py:190} INFO - [2026-09-15T16:57:58.533+0000] {dagbag.py:588} INFO - Filling up the DagBag from /opt/airflow/dags/waseet_daily.py
[2026-09-15T16:57:58.549+0000] {processor.py:925} INFO - DAG(s) 'waseet_daily' retrieved from /opt/airflow/dags/waseet_daily.py
[2026-09-15T16:57:58.567+0000] {logging_mixin.py:190} INFO - [2026-09-15T16:57:58.567+0000] {dag.py:3239} INFO - Sync 1 DAGs
[2026-09-15T16:57:58.583+0000] {logging_mixin.py:190} INFO - [2026-09-15T16:57:58.583+0000] {dag.py:4180} INFO - Setting next_dagrun for waseet_daily to 2026-09-14 00:00:00+00:00, run_after=2026-09-15 00:00:00+00:00
[2026-09-15T16:57:58.615+0000] {processor.py:208} INFO - Processing /opt/airflow/dags/waseet_daily.py took 0.089 seconds
[2026-09-15T16:58:28.930+0000] {processor.py:186} INFO - Started process (PID=460) to work on /opt/airflow/dags/waseet_daily.py
[2026-09-15T16:58:28.931+0000] {processor.py:914} INFO - Processing file /opt/airflow/dags/waseet_daily.py for tasks to queue
[2026-09-15T16:58:28.933+0000] {logging_mixin.py:190} INFO - [2026-09-15T16:58:28.933+0000] {dagbag.py:588} INFO - Filling up the DagBag from /opt/airflow/dags/waseet_daily.py
[2026-09-15T16:58:28.950+0000] {processor.py:925} INFO - DAG(s) 'waseet_daily' retrieved from /opt/airflow/dags/waseet_daily.py
[2026-09-15T16:58:28.969+0000] {logging_mixin.py:190} INFO - [2026-09-15T16:58:28.969+0000] {dag.py:3239} INFO - Sync 1 DAGs
[2026-09-15T16:58:28.986+0000] {logging_mixin.py:190} INFO - [2026-09-15T16:58:28.985+0000] {dag.py:4180} INFO - Setting next_dagrun for waseet_daily to 2026-09-14 00:00:00+00:00, run_after=2026-09-15 00:00:00+00:00
[2026-09-15T16:58:29.002+0000] {processor.py:208} INFO - Processing /opt/airflow/dags/waseet_daily.py took 0.076 seconds
[2026-09-15T16:58:59.323+0000] {processor.py:186} INFO - Started process (PID=465) to work on /opt/airflow/dags/waseet_daily.py
[2026-09-15T16:58:59.324+0000] {processor.py:914} INFO - Processing file /opt/airflow/dags/waseet_daily.py for tasks to queue
[2026-09-15T16:58:59.326+0000] {logging_mixin.py:190} INFO - [2026-09-15T16:58:59.326+0000] {dagbag.py:588} INFO - Filling up the DagBag from /opt/airflow/dags/waseet_daily.py
[2026-09-15T16:58:59.343+0000] {processor.py:925} INFO - DAG(s) 'waseet_daily' retrieved from /opt/airflow/dags/waseet_daily.py
[2026-09-15T16:58:59.361+0000] {logging_mixin.py:190} INFO - [2026-09-15T16:58:59.361+0000] {dag.py:3239} INFO - Sync 1 DAGs
[2026-09-15T16:58:59.379+0000] {logging_mixin.py:190} INFO - [2026-09-15T16:58:59.379+0000] {dag.py:4180} INFO - Setting next_dagrun for waseet_daily to 2026-09-14 00:00:00+00:00, run_after=2026-09-15 00:00:00+00:00
[2026-09-15T16:58:59.410+0000] {processor.py:208} INFO - Processing /opt/airflow/dags/waseet_daily.py took 0.091 seconds
[2026-09-15T16:59:29.732+0000] {processor.py:186} INFO - Started process (PID=470) to work on /opt/airflow/dags/waseet_daily.py
[2026-09-15T16:59:29.733+0000] {processor.py:914} INFO - Processing file /opt/airflow/dags/waseet_daily.py for tasks to queue
[2026-09-15T16:59:29.735+0000] {logging_mixin.py:190} INFO - [2026-09-15T16:59:29.735+0000] {dagbag.py:588} INFO - Filling up the DagBag from /opt/airflow/dags/waseet_daily.py
[2026-09-15T16:59:29.755+0000] {processor.py:925} INFO - DAG(s) 'waseet_daily' retrieved from /opt/airflow/dags/waseet_daily.py
[2026-09-15T16:59:29.774+0000] {logging_mixin.py:190} INFO - [2026-09-15T16:59:29.774+0000] {dag.py:3239} INFO - Sync 1 DAGs
[2026-09-15T16:59:29.792+0000] {logging_mixin.py:190} INFO - [2026-09-15T16:59:29.792+0000] {dag.py:4180} INFO - Setting next_dagrun for waseet_daily to 2026-09-14 00:00:00+00:00, run_after=2026-09-15 00:00:00+00:00
[2026-09-15T16:59:29.811+0000] {processor.py:208} INFO - Processing /opt/airflow/dags/waseet_daily.py took 0.083 seconds
[2026-09-15T17:00:00.184+0000] {processor.py:186} INFO - Started process (PID=475) to work on /opt/airflow/dags/waseet_daily.py
[2026-09-15T17:00:00.185+0000] {processor.py:914} INFO - Processing file /opt/airflow/dags/waseet_daily.py for tasks to queue
[2026-09-15T17:00:00.188+0000] {logging_mixin.py:190} INFO - [2026-09-15T17:00:00.187+0000] {dagbag.py:588} INFO - Filling up the DagBag from /opt/airflow/dags/waseet_daily.py
[2026-09-15T17:00:00.202+0000] {processor.py:925} INFO - DAG(s) 'waseet_daily' retrieved from /opt/airflow/dags/waseet_daily.py
[2026-09-15T17:00:00.221+0000] {logging_mixin.py:190} INFO - [2026-09-15T17:00:00.221+0000] {dag.py:3239} INFO - Sync 1 DAGs
[2026-09-15T17:00:00.237+0000] {logging_mixin.py:190} INFO - [2026-09-15T17:00:00.237+0000] {dag.py:4180} INFO - Setting next_dagrun for waseet_daily to 2026-09-14 00:00:00+00:00, run_after=2026-09-15 00:00:00+00:00
[2026-09-15T17:00:00.253+0000] {processor.py:208} INFO - Processing /opt/airflow/dags/waseet_daily.py took 0.074 seconds
[2026-09-15T17:00:30.523+0000] {processor.py:186} INFO - Started process (PID=480) to work on /opt/airflow/dags/waseet_daily.py
[2026-09-15T17:00:30.523+0000] {processor.py:914} INFO - Processing file /opt/airflow/dags/waseet_daily.py for tasks to queue
[2026-09-15T17:00:30.526+0000] {logging_mixin.py:190} INFO - [2026-09-15T17:00:30.526+0000] {dagbag.py:588} INFO - Filling up the DagBag from /opt/airflow/dags/waseet_daily.py
[2026-09-15T17:00:30.540+0000] {processor.py:925} INFO - DAG(s) 'waseet_daily' retrieved from /opt/airflow/dags/waseet_daily.py
[2026-09-15T17:00:30.560+0000] {logging_mixin.py:190} INFO - [2026-09-15T17:00:30.560+0000] {dag.py:3239} INFO - Sync 1 DAGs
[2026-09-15T17:00:30.577+0000] {logging_mixin.py:190} INFO - [2026-09-15T17:00:30.577+0000] {dag.py:4180} INFO - Setting next_dagrun for waseet_daily to 2026-09-14 00:00:00+00:00, run_after=2026-09-15 00:00:00+00:00
[2026-09-15T17:00:30.598+0000] {processor.py:208} INFO - Processing /opt/airflow/dags/waseet_daily.py took 0.080 seconds
[2026-09-15T17:01:00.909+0000] {processor.py:186} INFO - Started process (PID=485) to work on /opt/airflow/dags/waseet_daily.py
[2026-09-15T17:01:00.910+0000] {processor.py:914} INFO - Processing file /opt/airflow/dags/waseet_daily.py for tasks to queue
[2026-09-15T17:01:00.912+0000] {logging_mixin.py:190} INFO - [2026-09-15T17:01:00.912+0000] {dagbag.py:588} INFO - Filling up the DagBag from /opt/airflow/dags/waseet_daily.py
[2026-09-15T17:01:00.928+0000] {processor.py:925} INFO - DAG(s) 'waseet_daily' retrieved from /opt/airflow/dags/waseet_daily.py
[2026-09-15T17:01:00.947+0000] {logging_mixin.py:190} INFO - [2026-09-15T17:01:00.947+0000] {dag.py:3239} INFO - Sync 1 DAGs
[2026-09-15T17:01:00.964+0000] {logging_mixin.py:190} INFO - [2026-09-15T17:01:00.964+0000] {dag.py:4180} INFO - Setting next_dagrun for waseet_daily to 2026-09-14 00:00:00+00:00, run_after=2026-09-15 00:00:00+00:00
[2026-09-15T17:01:00.998+0000] {processor.py:208} INFO - Processing /opt/airflow/dags/waseet_daily.py took 0.092 seconds
[2026-09-15T17:01:31.278+0000] {processor.py:186} INFO - Started process (PID=490) to work on /opt/airflow/dags/waseet_daily.py
[2026-09-15T17:01:31.279+0000] {processor.py:914} INFO - Processing file /opt/airflow/dags/waseet_daily.py for tasks to queue
[2026-09-15T17:01:31.281+0000] {logging_mixin.py:190} INFO - [2026-09-15T17:01:31.281+0000] {dagbag.py:588} INFO - Filling up the DagBag from /opt/airflow/dags/waseet_daily.py
[2026-09-15T17:01:31.298+0000] {processor.py:925} INFO - DAG(s) 'waseet_daily' retrieved from /opt/airflow/dags/waseet_daily.py
[2026-09-15T17:01:31.319+0000] {logging_mixin.py:190} INFO - [2026-09-15T17:01:31.318+0000] {dag.py:3239} INFO - Sync 1 DAGs
[2026-09-15T17:01:31.336+0000] {logging_mixin.py:190} INFO - [2026-09-15T17:01:31.336+0000] {dag.py:4180} INFO - Setting next_dagrun for waseet_daily to 2026-09-14 00:00:00+00:00, run_after=2026-09-15 00:00:00+00:00
[2026-09-15T17:01:31.361+0000] {processor.py:208} INFO - Processing /opt/airflow/dags/waseet_daily.py took 0.087 seconds
[2026-09-15T17:02:01.632+0000] {processor.py:186} INFO - Started process (PID=495) to work on /opt/airflow/dags/waseet_daily.py
[2026-09-15T17:02:01.633+0000] {processor.py:914} INFO - Processing file /opt/airflow/dags/waseet_daily.py for tasks to queue
[2026-09-15T17:02:01.635+0000] {logging_mixin.py:190} INFO - [2026-09-15T17:02:01.635+0000] {dagbag.py:588} INFO - Filling up the DagBag from /opt/airflow/dags/waseet_daily.py
[2026-09-15T17:02:01.649+0000] {processor.py:925} INFO - DAG(s) 'waseet_daily' retrieved from /opt/airflow/dags/waseet_daily.py
[2026-09-15T17:02:01.682+0000] {logging_mixin.py:190} INFO - [2026-09-15T17:02:01.682+0000] {dag.py:3239} INFO - Sync 1 DAGs
[2026-09-15T17:02:01.699+0000] {logging_mixin.py:190} INFO - [2026-09-15T17:02:01.699+0000] {dag.py:4180} INFO - Setting next_dagrun for waseet_daily to 2026-09-14 00:00:00+00:00, run_after=2026-09-15 00:00:00+00:00
[2026-09-15T17:02:01.715+0000] {processor.py:208} INFO - Processing /opt/airflow/dags/waseet_daily.py took 0.087 seconds
[2026-09-15T17:02:32.012+0000] {processor.py:186} INFO - Started process (PID=500) to work on /opt/airflow/dags/waseet_daily.py
[2026-09-15T17:02:32.013+0000] {processor.py:914} INFO - Processing file /opt/airflow/dags/waseet_daily.py for tasks to queue
[2026-09-15T17:02:32.015+0000] {logging_mixin.py:190} INFO - [2026-09-15T17:02:32.015+0000] {dagbag.py:588} INFO - Filling up the DagBag from /opt/airflow/dags/waseet_daily.py
[2026-09-15T17:02:32.032+0000] {processor.py:925} INFO - DAG(s) 'waseet_daily' retrieved from /opt/airflow/dags/waseet_daily.py
[2026-09-15T17:02:32.051+0000] {logging_mixin.py:190} INFO - [2026-09-15T17:02:32.050+0000] {dag.py:3239} INFO - Sync 1 DAGs
[2026-09-15T17:02:32.067+0000] {logging_mixin.py:190} INFO - [2026-09-15T17:02:32.067+0000] {dag.py:4180} INFO - Setting next_dagrun for waseet_daily to 2026-09-14 00:00:00+00:00, run_after=2026-09-15 00:00:00+00:00
[2026-09-15T17:02:32.085+0000] {processor.py:208} INFO - Processing /opt/airflow/dags/waseet_daily.py took 0.076 seconds
[2026-09-15T17:03:02.365+0000] {processor.py:186} INFO - Started process (PID=505) to work on /opt/airflow/dags/waseet_daily.py
[2026-09-15T17:03:02.366+0000] {processor.py:914} INFO - Processing file /opt/airflow/dags/waseet_daily.py for tasks to queue
[2026-09-15T17:03:02.368+0000] {logging_mixin.py:190} INFO - [2026-09-15T17:03:02.368+0000] {dagbag.py:588} INFO - Filling up the DagBag from /opt/airflow/dags/waseet_daily.py
[2026-09-15T17:03:02.382+0000] {processor.py:925} INFO - DAG(s) 'waseet_daily' retrieved from /opt/airflow/dags/waseet_daily.py
[2026-09-15T17:03:02.403+0000] {logging_mixin.py:190} INFO - [2026-09-15T17:03:02.403+0000] {dag.py:3239} INFO - Sync 1 DAGs
[2026-09-15T17:03:02.422+0000] {logging_mixin.py:190} INFO - [2026-09-15T17:03:02.422+0000] {dag.py:4180} INFO - Setting next_dagrun for waseet_daily to 2026-09-14 00:00:00+00:00, run_after=2026-09-15 00:00:00+00:00
[2026-09-15T17:03:02.438+0000] {processor.py:208} INFO - Processing /opt/airflow/dags/waseet_daily.py took 0.077 seconds
[2026-09-15T17:03:32.739+0000] {processor.py:186} INFO - Started process (PID=510) to work on /opt/airflow/dags/waseet_daily.py
[2026-09-15T17:03:32.740+0000] {processor.py:914} INFO - Processing file /opt/airflow/dags/waseet_daily.py for tasks to queue
[2026-09-15T17:03:32.742+0000] {logging_mixin.py:190} INFO - [2026-09-15T17:03:32.742+0000] {dagbag.py:588} INFO - Filling up the DagBag from /opt/airflow/dags/waseet_daily.py
[2026-09-15T17:03:32.757+0000] {processor.py:925} INFO - DAG(s) 'waseet_daily' retrieved from /opt/airflow/dags/waseet_daily.py
[2026-09-15T17:03:32.790+0000] {logging_mixin.py:190} INFO - [2026-09-15T17:03:32.790+0000] {dag.py:3239} INFO - Sync 1 DAGs
[2026-09-15T17:03:32.807+0000] {logging_mixin.py:190} INFO - [2026-09-15T17:03:32.806+0000] {dag.py:4180} INFO - Setting next_dagrun for waseet_daily to 2026-09-14 00:00:00+00:00, run_after=2026-09-15 00:00:00+00:00
[2026-09-15T17:03:32.823+0000] {processor.py:208} INFO - Processing /opt/airflow/dags/waseet_daily.py took 0.088 seconds
[2026-09-15T17:04:03.121+0000] {processor.py:186} INFO - Started process (PID=515) to work on /opt/airflow/dags/waseet_daily.py
[2026-09-15T17:04:03.123+0000] {processor.py:914} INFO - Processing file /opt/airflow/dags/waseet_daily.py for tasks to queue
[2026-09-15T17:04:03.125+0000] {logging_mixin.py:190} INFO - [2026-09-15T17:04:03.125+0000] {dagbag.py:588} INFO - Filling up the DagBag from /opt/airflow/dags/waseet_daily.py
[2026-09-15T17:04:03.139+0000] {processor.py:925} INFO - DAG(s) 'waseet_daily' retrieved from /opt/airflow/dags/waseet_daily.py
[2026-09-15T17:04:03.158+0000] {logging_mixin.py:190} INFO - [2026-09-15T17:04:03.158+0000] {dag.py:3239} INFO - Sync 1 DAGs
[2026-09-15T17:04:03.175+0000] {logging_mixin.py:190} INFO - [2026-09-15T17:04:03.175+0000] {dag.py:4180} INFO - Setting next_dagrun for waseet_daily to 2026-09-14 00:00:00+00:00, run_after=2026-09-15 00:00:00+00:00
[2026-09-15T17:04:03.190+0000] {processor.py:208} INFO - Processing /opt/airflow/dags/waseet_daily.py took 0.073 seconds
[2026-09-15T17:04:33.536+0000] {processor.py:186} INFO - Started process (PID=520) to work on /opt/airflow/dags/waseet_daily.py
[2026-09-15T17:04:33.537+0000] {processor.py:914} INFO - Processing file /opt/airflow/dags/waseet_daily.py for tasks to queue
[2026-09-15T17:04:33.539+0000] {logging_mixin.py:190} INFO - [2026-09-15T17:04:33.539+0000] {dagbag.py:588} INFO - Filling up the DagBag from /opt/airflow/dags/waseet_daily.py
[2026-09-15T17:04:33.554+0000] {processor.py:925} INFO - DAG(s) 'waseet_daily' retrieved from /opt/airflow/dags/waseet_daily.py
[2026-09-15T17:04:33.574+0000] {logging_mixin.py:190} INFO - [2026-09-15T17:04:33.574+0000] {dag.py:3239} INFO - Sync 1 DAGs
[2026-09-15T17:04:33.593+0000] {logging_mixin.py:190} INFO - [2026-09-15T17:04:33.593+0000] {dag.py:4180} INFO - Setting next_dagrun for waseet_daily to 2026-09-14 00:00:00+00:00, run_after=2026-09-15 00:00:00+00:00
[2026-09-15T17:04:33.629+0000] {processor.py:208} INFO - Processing /opt/airflow/dags/waseet_daily.py took 0.097 seconds
[2026-09-15T17:05:03.895+0000] {processor.py:186} INFO - Started process (PID=525) to work on /opt/airflow/dags/waseet_daily.py
[2026-09-15T17:05:03.896+0000] {processor.py:914} INFO - Processing file /opt/airflow/dags/waseet_daily.py for tasks to queue
[2026-09-15T17:05:03.899+0000] {logging_mixin.py:190} INFO - [2026-09-15T17:05:03.898+0000] {dagbag.py:588} INFO - Filling up the DagBag from /opt/airflow/dags/waseet_daily.py
[2026-09-15T17:05:03.917+0000] {processor.py:925} INFO - DAG(s) 'waseet_daily' retrieved from /opt/airflow/dags/waseet_daily.py
[2026-09-15T17:05:03.936+0000] {logging_mixin.py:190} INFO - [2026-09-15T17:05:03.936+0000] {dag.py:3239} INFO - Sync 1 DAGs
[2026-09-15T17:05:03.953+0000] {logging_mixin.py:190} INFO - [2026-09-15T17:05:03.953+0000] {dag.py:4180} INFO - Setting next_dagrun for waseet_daily to 2026-09-14 00:00:00+00:00, run_after=2026-09-15 00:00:00+00:00
[2026-09-15T17:05:03.974+0000] {processor.py:208} INFO - Processing /opt/airflow/dags/waseet_daily.py took 0.083 seconds
[2026-09-15T17:05:34.261+0000] {processor.py:186} INFO - Started process (PID=530) to work on /opt/airflow/dags/waseet_daily.py
[2026-09-15T17:05:34.262+0000] {processor.py:914} INFO - Processing file /opt/airflow/dags/waseet_daily.py for tasks to queue
[2026-09-15T17:05:34.265+0000] {logging_mixin.py:190} INFO - [2026-09-15T17:05:34.265+0000] {dagbag.py:588} INFO - Filling up the DagBag from /opt/airflow/dags/waseet_daily.py
[2026-09-15T17:05:34.289+0000] {processor.py:925} INFO - DAG(s) 'waseet_daily' retrieved from /opt/airflow/dags/waseet_daily.py
[2026-09-15T17:05:34.309+0000] {logging_mixin.py:190} INFO - [2026-09-15T17:05:34.309+0000] {dag.py:3239} INFO - Sync 1 DAGs
[2026-09-15T17:05:34.326+0000] {logging_mixin.py:190} INFO - [2026-09-15T17:05:34.326+0000] {dag.py:4180} INFO - Setting next_dagrun for waseet_daily to 2026-09-14 00:00:00+00:00, run_after=2026-09-15 00:00:00+00:00
[2026-09-15T17:05:34.344+0000] {processor.py:208} INFO - Processing /opt/airflow/dags/waseet_daily.py took 0.086 seconds
[2026-09-15T17:06:04.647+0000] {processor.py:186} INFO - Started process (PID=535) to work on /opt/airflow/dags/waseet_daily.py
[2026-09-15T17:06:04.648+0000] {processor.py:914} INFO - Processing file /opt/airflow/dags/waseet_daily.py for tasks to queue
[2026-09-15T17:06:04.650+0000] {logging_mixin.py:190} INFO - [2026-09-15T17:06:04.650+0000] {dagbag.py:588} INFO - Filling up the DagBag from /opt/airflow/dags/waseet_daily.py
[2026-09-15T17:06:04.666+0000] {processor.py:925} INFO - DAG(s) 'waseet_daily' retrieved from /opt/airflow/dags/waseet_daily.py
[2026-09-15T17:06:04.684+0000] {logging_mixin.py:190} INFO - [2026-09-15T17:06:04.684+0000] {dag.py:3239} INFO - Sync 1 DAGs
[2026-09-15T17:06:04.701+0000] {logging_mixin.py:190} INFO - [2026-09-15T17:06:04.701+0000] {dag.py:4180} INFO - Setting next_dagrun for waseet_daily to 2026-09-14 00:00:00+00:00, run_after=2026-09-15 00:00:00+00:00
[2026-09-15T17:06:04.731+0000] {processor.py:208} INFO - Processing /opt/airflow/dags/waseet_daily.py took 0.088 seconds
[2026-09-15T17:06:35.063+0000] {processor.py:186} INFO - Started process (PID=540) to work on /opt/airflow/dags/waseet_daily.py
[2026-09-15T17:06:35.064+0000] {processor.py:914} INFO - Processing file /opt/airflow/dags/waseet_daily.py for tasks to queue
[2026-09-15T17:06:35.066+0000] {logging_mixin.py:190} INFO - [2026-09-15T17:06:35.066+0000] {dagbag.py:588} INFO - Filling up the DagBag from /opt/airflow/dags/waseet_daily.py
[2026-09-15T17:06:35.083+0000] {processor.py:925} INFO - DAG(s) 'waseet_daily' retrieved from /opt/airflow/dags/waseet_daily.py
[2026-09-15T17:06:35.102+0000] {logging_mixin.py:190} INFO - [2026-09-15T17:06:35.102+0000] {dag.py:3239} INFO - Sync 1 DAGs
[2026-09-15T17:06:35.119+0000] {logging_mixin.py:190} INFO - [2026-09-15T17:06:35.119+0000] {dag.py:4180} INFO - Setting next_dagrun for waseet_daily to 2026-09-14 00:00:00+00:00, run_after=2026-09-15 00:00:00+00:00
[2026-09-15T17:06:35.150+0000] {processor.py:208} INFO - Processing /opt/airflow/dags/waseet_daily.py took 0.091 seconds
[2026-09-15T17:07:05.483+0000] {processor.py:186} INFO - Started process (PID=545) to work on /opt/airflow/dags/waseet_daily.py
[2026-09-15T17:07:05.484+0000] {processor.py:914} INFO - Processing file /opt/airflow/dags/waseet_daily.py for tasks to queue
[2026-09-15T17:07:05.487+0000] {logging_mixin.py:190} INFO - [2026-09-15T17:07:05.486+0000] {dagbag.py:588} INFO - Filling up the DagBag from /opt/airflow/dags/waseet_daily.py
[2026-09-15T17:07:05.505+0000] {processor.py:925} INFO - DAG(s) 'waseet_daily' retrieved from /opt/airflow/dags/waseet_daily.py
[2026-09-15T17:07:05.525+0000] {logging_mixin.py:190} INFO - [2026-09-15T17:07:05.525+0000] {dag.py:3239} INFO - Sync 1 DAGs
[2026-09-15T17:07:05.542+0000] {logging_mixin.py:190} INFO - [2026-09-15T17:07:05.542+0000] {dag.py:4180} INFO - Setting next_dagrun for waseet_daily to 2026-09-14 00:00:00+00:00, run_after=2026-09-15 00:00:00+00:00
[2026-09-15T17:07:05.558+0000] {processor.py:208} INFO - Processing /opt/airflow/dags/waseet_daily.py took 0.079 seconds
[2026-09-15T17:07:35.870+0000] {processor.py:186} INFO - Started process (PID=550) to work on /opt/airflow/dags/waseet_daily.py
[2026-09-15T17:07:35.871+0000] {processor.py:914} INFO - Processing file /opt/airflow/dags/waseet_daily.py for tasks to queue
[2026-09-15T17:07:35.873+0000] {logging_mixin.py:190} INFO - [2026-09-15T17:07:35.872+0000] {dagbag.py:588} INFO - Filling up the DagBag from /opt/airflow/dags/waseet_daily.py
[2026-09-15T17:07:35.888+0000] {processor.py:925} INFO - DAG(s) 'waseet_daily' retrieved from /opt/airflow/dags/waseet_daily.py
[2026-09-15T17:07:35.907+0000] {logging_mixin.py:190} INFO - [2026-09-15T17:07:35.907+0000] {dag.py:3239} INFO - Sync 1 DAGs
[2026-09-15T17:07:35.925+0000] {logging_mixin.py:190} INFO - [2026-09-15T17:07:35.925+0000] {dag.py:4180} INFO - Setting next_dagrun for waseet_daily to 2026-09-14 00:00:00+00:00, run_after=2026-09-15 00:00:00+00:00
[2026-09-15T17:07:35.955+0000] {processor.py:208} INFO - Processing /opt/airflow/dags/waseet_daily.py took 0.088 seconds
[2026-09-15T17:08:06.193+0000] {processor.py:186} INFO - Started process (PID=555) to work on /opt/airflow/dags/waseet_daily.py
[2026-09-15T17:08:06.194+0000] {processor.py:914} INFO - Processing file /opt/airflow/dags/waseet_daily.py for tasks to queue
[2026-09-15T17:08:06.196+0000] {logging_mixin.py:190} INFO - [2026-09-15T17:08:06.196+0000] {dagbag.py:588} INFO - Filling up the DagBag from /opt/airflow/dags/waseet_daily.py
[2026-09-15T17:08:06.209+0000] {processor.py:925} INFO - DAG(s) 'waseet_daily' retrieved from /opt/airflow/dags/waseet_daily.py
[2026-09-15T17:08:06.227+0000] {logging_mixin.py:190} INFO - [2026-09-15T17:08:06.227+0000] {dag.py:3239} INFO - Sync 1 DAGs
[2026-09-15T17:08:06.243+0000] {logging_mixin.py:190} INFO - [2026-09-15T17:08:06.243+0000] {dag.py:4180} INFO - Setting next_dagrun for waseet_daily to 2026-09-14 00:00:00+00:00, run_after=2026-09-15 00:00:00+00:00
[2026-09-15T17:08:06.264+0000] {processor.py:208} INFO - Processing /opt/airflow/dags/waseet_daily.py took 0.075 seconds
[2026-09-15T17:08:36.631+0000] {processor.py:186} INFO - Started process (PID=560) to work on /opt/airflow/dags/waseet_daily.py
[2026-09-15T17:08:36.632+0000] {processor.py:914} INFO - Processing file /opt/airflow/dags/waseet_daily.py for tasks to queue
[2026-09-15T17:08:36.634+0000] {logging_mixin.py:190} INFO - [2026-09-15T17:08:36.634+0000] {dagbag.py:588} INFO - Filling up the DagBag from /opt/airflow/dags/waseet_daily.py
[2026-09-15T17:08:36.650+0000] {processor.py:925} INFO - DAG(s) 'waseet_daily' retrieved from /opt/airflow/dags/waseet_daily.py
[2026-09-15T17:08:36.670+0000] {logging_mixin.py:190} INFO - [2026-09-15T17:08:36.670+0000] {dag.py:3239} INFO - Sync 1 DAGs
[2026-09-15T17:08:36.687+0000] {logging_mixin.py:190} INFO - [2026-09-15T17:08:36.686+0000] {dag.py:4180} INFO - Setting next_dagrun for waseet_daily to 2026-09-14 00:00:00+00:00, run_after=2026-09-15 00:00:00+00:00
[2026-09-15T17:08:36.717+0000] {processor.py:208} INFO - Processing /opt/airflow/dags/waseet_daily.py took 0.089 seconds
[2026-09-15T17:09:07.055+0000] {processor.py:186} INFO - Started process (PID=565) to work on /opt/airflow/dags/waseet_daily.py
[2026-09-15T17:09:07.059+0000] {processor.py:914} INFO - Processing file /opt/airflow/dags/waseet_daily.py for tasks to queue
[2026-09-15T17:09:07.064+0000] {logging_mixin.py:190} INFO - [2026-09-15T17:09:07.064+0000] {dagbag.py:588} INFO - Filling up the DagBag from /opt/airflow/dags/waseet_daily.py
[2026-09-15T17:09:07.107+0000] {processor.py:925} INFO - DAG(s) 'waseet_daily' retrieved from /opt/airflow/dags/waseet_daily.py
[2026-09-15T17:09:07.127+0000] {logging_mixin.py:190} INFO - [2026-09-15T17:09:07.126+0000] {dag.py:3239} INFO - Sync 1 DAGs
[2026-09-15T17:09:07.144+0000] {logging_mixin.py:190} INFO - [2026-09-15T17:09:07.144+0000] {dag.py:4180} INFO - Setting next_dagrun for waseet_daily to 2026-09-14 00:00:00+00:00, run_after=2026-09-15 00:00:00+00:00
[2026-09-15T17:09:07.159+0000] {processor.py:208} INFO - Processing /opt/airflow/dags/waseet_daily.py took 0.108 seconds
[2026-09-15T17:09:37.413+0000] {processor.py:186} INFO - Started process (PID=570) to work on /opt/airflow/dags/waseet_daily.py
[2026-09-15T17:09:37.415+0000] {processor.py:914} INFO - Processing file /opt/airflow/dags/waseet_daily.py for tasks to queue
[2026-09-15T17:09:37.417+0000] {logging_mixin.py:190} INFO - [2026-09-15T17:09:37.416+0000] {dagbag.py:588} INFO - Filling up the DagBag from /opt/airflow/dags/waseet_daily.py
[2026-09-15T17:09:37.438+0000] {processor.py:925} INFO - DAG(s) 'waseet_daily' retrieved from /opt/airflow/dags/waseet_daily.py
[2026-09-15T17:09:37.457+0000] {logging_mixin.py:190} INFO - [2026-09-15T17:09:37.457+0000] {dag.py:3239} INFO - Sync 1 DAGs
[2026-09-15T17:09:37.476+0000] {logging_mixin.py:190} INFO - [2026-09-15T17:09:37.475+0000] {dag.py:4180} INFO - Setting next_dagrun for waseet_daily to 2026-09-14 00:00:00+00:00, run_after=2026-09-15 00:00:00+00:00
[2026-09-15T17:09:37.505+0000] {processor.py:208} INFO - Processing /opt/airflow/dags/waseet_daily.py took 0.096 seconds
[2026-09-15T17:10:07.893+0000] {processor.py:186} INFO - Started process (PID=575) to work on /opt/airflow/dags/waseet_daily.py
[2026-09-15T17:10:07.894+0000] {processor.py:914} INFO - Processing file /opt/airflow/dags/waseet_daily.py for tasks to queue
[2026-09-15T17:10:07.896+0000] {logging_mixin.py:190} INFO - [2026-09-15T17:10:07.896+0000] {dagbag.py:588} INFO - Filling up the DagBag from /opt/airflow/dags/waseet_daily.py
[2026-09-15T17:10:07.913+0000] {processor.py:925} INFO - DAG(s) 'waseet_daily' retrieved from /opt/airflow/dags/waseet_daily.py
[2026-09-15T17:10:07.932+0000] {logging_mixin.py:190} INFO - [2026-09-15T17:10:07.932+0000] {dag.py:3239} INFO - Sync 1 DAGs
[2026-09-15T17:10:07.950+0000] {logging_mixin.py:190} INFO - [2026-09-15T17:10:07.950+0000] {dag.py:4180} INFO - Setting next_dagrun for waseet_daily to 2026-09-14 00:00:00+00:00, run_after=2026-09-15 00:00:00+00:00
[2026-09-15T17:10:07.969+0000] {processor.py:208} INFO - Processing /opt/airflow/dags/waseet_daily.py took 0.080 seconds
[2026-09-15T17:10:38.295+0000] {processor.py:186} INFO - Started process (PID=580) to work on /opt/airflow/dags/waseet_daily.py
[2026-09-15T17:10:38.297+0000] {processor.py:914} INFO - Processing file /opt/airflow/dags/waseet_daily.py for tasks to queue
[2026-09-15T17:10:38.299+0000] {logging_mixin.py:190} INFO - [2026-09-15T17:10:38.298+0000] {dagbag.py:588} INFO - Filling up the DagBag from /opt/airflow/dags/waseet_daily.py
[2026-09-15T17:10:38.315+0000] {processor.py:925} INFO - DAG(s) 'waseet_daily' retrieved from /opt/airflow/dags/waseet_daily.py
[2026-09-15T17:10:38.336+0000] {logging_mixin.py:190} INFO - [2026-09-15T17:10:38.335+0000] {dag.py:3239} INFO - Sync 1 DAGs
[2026-09-15T17:10:38.354+0000] {logging_mixin.py:190} INFO - [2026-09-15T17:10:38.354+0000] {dag.py:4180} INFO - Setting next_dagrun for waseet_daily to 2026-09-14 00:00:00+00:00, run_after=2026-09-15 00:00:00+00:00
[2026-09-15T17:10:38.388+0000] {processor.py:208} INFO - Processing /opt/airflow/dags/waseet_daily.py took 0.097 seconds
[2026-09-15T17:11:08.662+0000] {processor.py:186} INFO - Started process (PID=585) to work on /opt/airflow/dags/waseet_daily.py
[2026-09-15T17:11:08.663+0000] {processor.py:914} INFO - Processing file /opt/airflow/dags/waseet_daily.py for tasks to queue
[2026-09-15T17:11:08.666+0000] {logging_mixin.py:190} INFO - [2026-09-15T17:11:08.665+0000] {dagbag.py:588} INFO - Filling up the DagBag from /opt/airflow/dags/waseet_daily.py
[2026-09-15T17:11:08.679+0000] {processor.py:925} INFO - DAG(s) 'waseet_daily' retrieved from /opt/airflow/dags/waseet_daily.py
[2026-09-15T17:11:08.700+0000] {logging_mixin.py:190} INFO - [2026-09-15T17:11:08.700+0000] {dag.py:3239} INFO - Sync 1 DAGs
[2026-09-15T17:11:08.717+0000] {logging_mixin.py:190} INFO - [2026-09-15T17:11:08.716+0000] {dag.py:4180} INFO - Setting next_dagrun for waseet_daily to 2026-09-14 00:00:00+00:00, run_after=2026-09-15 00:00:00+00:00
[2026-09-15T17:11:08.749+0000] {processor.py:208} INFO - Processing /opt/airflow/dags/waseet_daily.py took 0.090 seconds
[2026-09-15T17:11:39.085+0000] {processor.py:186} INFO - Started process (PID=590) to work on /opt/airflow/dags/waseet_daily.py
[2026-09-15T17:11:39.086+0000] {processor.py:914} INFO - Processing file /opt/airflow/dags/waseet_daily.py for tasks to queue
[2026-09-15T17:11:39.090+0000] {logging_mixin.py:190} INFO - [2026-09-15T17:11:39.089+0000] {dagbag.py:588} INFO - Filling up the DagBag from /opt/airflow/dags/waseet_daily.py
[2026-09-15T17:11:39.116+0000] {processor.py:925} INFO - DAG(s) 'waseet_daily' retrieved from /opt/airflow/dags/waseet_daily.py
[2026-09-15T17:11:39.137+0000] {logging_mixin.py:190} INFO - [2026-09-15T17:11:39.137+0000] {dag.py:3239} INFO - Sync 1 DAGs
[2026-09-15T17:11:39.155+0000] {logging_mixin.py:190} INFO - [2026-09-15T17:11:39.155+0000] {dag.py:4180} INFO - Setting next_dagrun for waseet_daily to 2026-09-14 00:00:00+00:00, run_after=2026-09-15 00:00:00+00:00
[2026-09-15T17:11:39.171+0000] {processor.py:208} INFO - Processing /opt/airflow/dags/waseet_daily.py took 0.091 seconds
[2026-09-15T17:12:09.488+0000] {processor.py:186} INFO - Started process (PID=595) to work on /opt/airflow/dags/waseet_daily.py
[2026-09-15T17:12:09.489+0000] {processor.py:914} INFO - Processing file /opt/airflow/dags/waseet_daily.py for tasks to queue
[2026-09-15T17:12:09.491+0000] {logging_mixin.py:190} INFO - [2026-09-15T17:12:09.491+0000] {dagbag.py:588} INFO - Filling up the DagBag from /opt/airflow/dags/waseet_daily.py
[2026-09-15T17:12:09.508+0000] {processor.py:925} INFO - DAG(s) 'waseet_daily' retrieved from /opt/airflow/dags/waseet_daily.py
[2026-09-15T17:12:09.527+0000] {logging_mixin.py:190} INFO - [2026-09-15T17:12:09.527+0000] {dag.py:3239} INFO - Sync 1 DAGs
[2026-09-15T17:12:09.545+0000] {logging_mixin.py:190} INFO - [2026-09-15T17:12:09.545+0000] {dag.py:4180} INFO - Setting next_dagrun for waseet_daily to 2026-09-14 00:00:00+00:00, run_after=2026-09-15 00:00:00+00:00
[2026-09-15T17:12:09.563+0000] {processor.py:208} INFO - Processing /opt/airflow/dags/waseet_daily.py took 0.079 seconds
[2026-09-15T17:12:39.914+0000] {processor.py:186} INFO - Started process (PID=600) to work on /opt/airflow/dags/waseet_daily.py
[2026-09-15T17:12:39.915+0000] {processor.py:914} INFO - Processing file /opt/airflow/dags/waseet_daily.py for tasks to queue
[2026-09-15T17:12:39.918+0000] {logging_mixin.py:190} INFO - [2026-09-15T17:12:39.917+0000] {dagbag.py:588} INFO - Filling up the DagBag from /opt/airflow/dags/waseet_daily.py
[2026-09-15T17:12:39.935+0000] {processor.py:925} INFO - DAG(s) 'waseet_daily' retrieved from /opt/airflow/dags/waseet_daily.py
[2026-09-15T17:12:39.955+0000] {logging_mixin.py:190} INFO - [2026-09-15T17:12:39.955+0000] {dag.py:3239} INFO - Sync 1 DAGs
[2026-09-15T17:12:39.973+0000] {logging_mixin.py:190} INFO - [2026-09-15T17:12:39.973+0000] {dag.py:4180} INFO - Setting next_dagrun for waseet_daily to 2026-09-14 00:00:00+00:00, run_after=2026-09-15 00:00:00+00:00
[2026-09-15T17:12:39.988+0000] {processor.py:208} INFO - Processing /opt/airflow/dags/waseet_daily.py took 0.078 seconds
[2026-09-15T17:13:10.335+0000] {processor.py:186} INFO - Started process (PID=605) to work on /opt/airflow/dags/waseet_daily.py
[2026-09-15T17:13:10.336+0000] {processor.py:914} INFO - Processing file /opt/airflow/dags/waseet_daily.py for tasks to queue
[2026-09-15T17:13:10.338+0000] {logging_mixin.py:190} INFO - [2026-09-15T17:13:10.338+0000] {dagbag.py:588} INFO - Filling up the DagBag from /opt/airflow/dags/waseet_daily.py
[2026-09-15T17:13:10.354+0000] {processor.py:925} INFO - DAG(s) 'waseet_daily' retrieved from /opt/airflow/dags/waseet_daily.py
[2026-09-15T17:13:10.373+0000] {logging_mixin.py:190} INFO - [2026-09-15T17:13:10.373+0000] {dag.py:3239} INFO - Sync 1 DAGs
[2026-09-15T17:13:10.393+0000] {logging_mixin.py:190} INFO - [2026-09-15T17:13:10.392+0000] {dag.py:4180} INFO - Setting next_dagrun for waseet_daily to 2026-09-14 00:00:00+00:00, run_after=2026-09-15 00:00:00+00:00
[2026-09-15T17:13:10.427+0000] {processor.py:208} INFO - Processing /opt/airflow/dags/waseet_daily.py took 0.095 seconds
[2026-09-15T17:13:40.738+0000] {processor.py:186} INFO - Started process (PID=610) to work on /opt/airflow/dags/waseet_daily.py
[2026-09-15T17:13:40.739+0000] {processor.py:914} INFO - Processing file /opt/airflow/dags/waseet_daily.py for tasks to queue
[2026-09-15T17:13:40.741+0000] {logging_mixin.py:190} INFO - [2026-09-15T17:13:40.741+0000] {dagbag.py:588} INFO - Filling up the DagBag from /opt/airflow/dags/waseet_daily.py
[2026-09-15T17:13:40.759+0000] {processor.py:925} INFO - DAG(s) 'waseet_daily' retrieved from /opt/airflow/dags/waseet_daily.py
[2026-09-15T17:13:40.776+0000] {logging_mixin.py:190} INFO - [2026-09-15T17:13:40.776+0000] {dag.py:3239} INFO - Sync 1 DAGs
[2026-09-15T17:13:40.794+0000] {logging_mixin.py:190} INFO - [2026-09-15T17:13:40.794+0000] {dag.py:4180} INFO - Setting next_dagrun for waseet_daily to 2026-09-14 00:00:00+00:00, run_after=2026-09-15 00:00:00+00:00
[2026-09-15T17:13:40.812+0000] {processor.py:208} INFO - Processing /opt/airflow/dags/waseet_daily.py took 0.078 seconds
[2026-09-15T17:14:11.174+0000] {processor.py:186} INFO - Started process (PID=615) to work on /opt/airflow/dags/waseet_daily.py
[2026-09-15T17:14:11.175+0000] {processor.py:914} INFO - Processing file /opt/airflow/dags/waseet_daily.py for tasks to queue
[2026-09-15T17:14:11.177+0000] {logging_mixin.py:190} INFO - [2026-09-15T17:14:11.177+0000] {dagbag.py:588} INFO - Filling up the DagBag from /opt/airflow/dags/waseet_daily.py
[2026-09-15T17:14:11.210+0000] {processor.py:925} INFO - DAG(s) 'waseet_daily' retrieved from /opt/airflow/dags/waseet_daily.py
[2026-09-15T17:14:11.230+0000] {logging_mixin.py:190} INFO - [2026-09-15T17:14:11.230+0000] {dag.py:3239} INFO - Sync 1 DAGs
[2026-09-15T17:14:11.249+0000] {logging_mixin.py:190} INFO - [2026-09-15T17:14:11.249+0000] {dag.py:4180} INFO - Setting next_dagrun for waseet_daily to 2026-09-14 00:00:00+00:00, run_after=2026-09-15 00:00:00+00:00
[2026-09-15T17:14:11.265+0000] {processor.py:208} INFO - Processing /opt/airflow/dags/waseet_daily.py took 0.095 seconds
[2026-09-15T17:15:07.909+0000] {processor.py:186} INFO - Started process (PID=257) to work on /opt/airflow/dags/waseet_daily.py
[2026-09-15T17:15:07.910+0000] {processor.py:914} INFO - Processing file /opt/airflow/dags/waseet_daily.py for tasks to queue
[2026-09-15T17:15:07.912+0000] {logging_mixin.py:190} INFO - [2026-09-15T17:15:07.912+0000] {dagbag.py:588} INFO - Filling up the DagBag from /opt/airflow/dags/waseet_daily.py
[2026-09-15T17:15:07.935+0000] {processor.py:925} INFO - DAG(s) 'waseet_daily' retrieved from /opt/airflow/dags/waseet_daily.py
[2026-09-15T17:15:07.972+0000] {logging_mixin.py:190} INFO - [2026-09-15T17:15:07.972+0000] {dag.py:3239} INFO - Sync 1 DAGs
[2026-09-15T17:15:07.993+0000] {logging_mixin.py:190} INFO - [2026-09-15T17:15:07.993+0000] {dag.py:4180} INFO - Setting next_dagrun for waseet_daily to 2026-09-14 00:00:00+00:00, run_after=2026-09-15 00:00:00+00:00
[2026-09-15T17:15:08.016+0000] {processor.py:208} INFO - Processing /opt/airflow/dags/waseet_daily.py took 0.111 seconds
[2026-09-15T17:15:38.375+0000] {processor.py:186} INFO - Started process (PID=294) to work on /opt/airflow/dags/waseet_daily.py
[2026-09-15T17:15:38.376+0000] {processor.py:914} INFO - Processing file /opt/airflow/dags/waseet_daily.py for tasks to queue
[2026-09-15T17:15:38.379+0000] {logging_mixin.py:190} INFO - [2026-09-15T17:15:38.379+0000] {dagbag.py:588} INFO - Filling up the DagBag from /opt/airflow/dags/waseet_daily.py
[2026-09-15T17:15:38.399+0000] {processor.py:925} INFO - DAG(s) 'waseet_daily' retrieved from /opt/airflow/dags/waseet_daily.py
[2026-09-15T17:15:38.420+0000] {logging_mixin.py:190} INFO - [2026-09-15T17:15:38.419+0000] {dag.py:3239} INFO - Sync 1 DAGs
[2026-09-15T17:15:38.446+0000] {logging_mixin.py:190} INFO - [2026-09-15T17:15:38.446+0000] {dag.py:4180} INFO - Setting next_dagrun for waseet_daily to 2026-09-14 00:00:00+00:00, run_after=2026-09-15 00:00:00+00:00
[2026-09-15T17:15:38.477+0000] {processor.py:208} INFO - Processing /opt/airflow/dags/waseet_daily.py took 0.106 seconds
[2026-09-15T17:16:08.762+0000] {processor.py:186} INFO - Started process (PID=299) to work on /opt/airflow/dags/waseet_daily.py
[2026-09-15T17:16:08.763+0000] {processor.py:914} INFO - Processing file /opt/airflow/dags/waseet_daily.py for tasks to queue
[2026-09-15T17:16:08.766+0000] {logging_mixin.py:190} INFO - [2026-09-15T17:16:08.765+0000] {dagbag.py:588} INFO - Filling up the DagBag from /opt/airflow/dags/waseet_daily.py
[2026-09-15T17:16:08.785+0000] {processor.py:925} INFO - DAG(s) 'waseet_daily' retrieved from /opt/airflow/dags/waseet_daily.py
[2026-09-15T17:16:08.808+0000] {logging_mixin.py:190} INFO - [2026-09-15T17:16:08.808+0000] {dag.py:3239} INFO - Sync 1 DAGs
[2026-09-15T17:16:08.826+0000] {logging_mixin.py:190} INFO - [2026-09-15T17:16:08.826+0000] {dag.py:4180} INFO - Setting next_dagrun for waseet_daily to 2026-09-14 00:00:00+00:00, run_after=2026-09-15 00:00:00+00:00
[2026-09-15T17:16:08.843+0000] {processor.py:208} INFO - Processing /opt/airflow/dags/waseet_daily.py took 0.085 seconds
[2026-09-15T17:16:39.169+0000] {processor.py:186} INFO - Started process (PID=304) to work on /opt/airflow/dags/waseet_daily.py
[2026-09-15T17:16:39.171+0000] {processor.py:914} INFO - Processing file /opt/airflow/dags/waseet_daily.py for tasks to queue
[2026-09-15T17:16:39.175+0000] {logging_mixin.py:190} INFO - [2026-09-15T17:16:39.175+0000] {dagbag.py:588} INFO - Filling up the DagBag from /opt/airflow/dags/waseet_daily.py
[2026-09-15T17:16:39.196+0000] {processor.py:925} INFO - DAG(s) 'waseet_daily' retrieved from /opt/airflow/dags/waseet_daily.py
[2026-09-15T17:16:39.213+0000] {logging_mixin.py:190} INFO - [2026-09-15T17:16:39.213+0000] {dag.py:3239} INFO - Sync 1 DAGs
[2026-09-15T17:16:39.229+0000] {logging_mixin.py:190} INFO - [2026-09-15T17:16:39.229+0000] {dag.py:4180} INFO - Setting next_dagrun for waseet_daily to 2026-09-14 00:00:00+00:00, run_after=2026-09-15 00:00:00+00:00
[2026-09-15T17:16:39.262+0000] {processor.py:208} INFO - Processing /opt/airflow/dags/waseet_daily.py took 0.097 seconds
[2026-09-15T17:17:09.583+0000] {processor.py:186} INFO - Started process (PID=309) to work on /opt/airflow/dags/waseet_daily.py
[2026-09-15T17:17:09.584+0000] {processor.py:914} INFO - Processing file /opt/airflow/dags/waseet_daily.py for tasks to queue
[2026-09-15T17:17:09.586+0000] {logging_mixin.py:190} INFO - [2026-09-15T17:17:09.586+0000] {dagbag.py:588} INFO - Filling up the DagBag from /opt/airflow/dags/waseet_daily.py
[2026-09-15T17:17:09.604+0000] {processor.py:925} INFO - DAG(s) 'waseet_daily' retrieved from /opt/airflow/dags/waseet_daily.py
[2026-09-15T17:17:09.622+0000] {logging_mixin.py:190} INFO - [2026-09-15T17:17:09.622+0000] {dag.py:3239} INFO - Sync 1 DAGs
[2026-09-15T17:17:09.639+0000] {logging_mixin.py:190} INFO - [2026-09-15T17:17:09.639+0000] {dag.py:4180} INFO - Setting next_dagrun for waseet_daily to 2026-09-14 00:00:00+00:00, run_after=2026-09-15 00:00:00+00:00
[2026-09-15T17:17:09.654+0000] {processor.py:208} INFO - Processing /opt/airflow/dags/waseet_daily.py took 0.075 seconds
[2026-09-15T17:17:39.979+0000] {processor.py:186} INFO - Started process (PID=314) to work on /opt/airflow/dags/waseet_daily.py
[2026-09-15T17:17:39.981+0000] {processor.py:914} INFO - Processing file /opt/airflow/dags/waseet_daily.py for tasks to queue
[2026-09-15T17:17:39.983+0000] {logging_mixin.py:190} INFO - [2026-09-15T17:17:39.982+0000] {dagbag.py:588} INFO - Filling up the DagBag from /opt/airflow/dags/waseet_daily.py
[2026-09-15T17:17:40.001+0000] {processor.py:925} INFO - DAG(s) 'waseet_daily' retrieved from /opt/airflow/dags/waseet_daily.py
[2026-09-15T17:17:40.021+0000] {logging_mixin.py:190} INFO - [2026-09-15T17:17:40.021+0000] {dag.py:3239} INFO - Sync 1 DAGs
[2026-09-15T17:17:40.039+0000] {logging_mixin.py:190} INFO - [2026-09-15T17:17:40.039+0000] {dag.py:4180} INFO - Setting next_dagrun for waseet_daily to 2026-09-14 00:00:00+00:00, run_after=2026-09-15 00:00:00+00:00
[2026-09-15T17:17:40.055+0000] {processor.py:208} INFO - Processing /opt/airflow/dags/waseet_daily.py took 0.079 seconds
[2026-09-15T17:18:10.398+0000] {processor.py:186} INFO - Started process (PID=319) to work on /opt/airflow/dags/waseet_daily.py
[2026-09-15T17:18:10.399+0000] {processor.py:914} INFO - Processing file /opt/airflow/dags/waseet_daily.py for tasks to queue
[2026-09-15T17:18:10.401+0000] {logging_mixin.py:190} INFO - [2026-09-15T17:18:10.401+0000] {dagbag.py:588} INFO - Filling up the DagBag from /opt/airflow/dags/waseet_daily.py
[2026-09-15T17:18:10.428+0000] {processor.py:925} INFO - DAG(s) 'waseet_daily' retrieved from /opt/airflow/dags/waseet_daily.py
[2026-09-15T17:18:10.446+0000] {logging_mixin.py:190} INFO - [2026-09-15T17:18:10.446+0000] {dag.py:3239} INFO - Sync 1 DAGs
[2026-09-15T17:18:10.463+0000] {logging_mixin.py:190} INFO - [2026-09-15T17:18:10.463+0000] {dag.py:4180} INFO - Setting next_dagrun for waseet_daily to 2026-09-14 00:00:00+00:00, run_after=2026-09-15 00:00:00+00:00
[2026-09-15T17:18:10.494+0000] {processor.py:208} INFO - Processing /opt/airflow/dags/waseet_daily.py took 0.099 seconds
[2026-09-15T17:18:40.772+0000] {processor.py:186} INFO - Started process (PID=324) to work on /opt/airflow/dags/waseet_daily.py
[2026-09-15T17:18:40.773+0000] {processor.py:914} INFO - Processing file /opt/airflow/dags/waseet_daily.py for tasks to queue
[2026-09-15T17:18:40.776+0000] {logging_mixin.py:190} INFO - [2026-09-15T17:18:40.775+0000] {dagbag.py:588} INFO - Filling up the DagBag from /opt/airflow/dags/waseet_daily.py
[2026-09-15T17:18:40.791+0000] {processor.py:925} INFO - DAG(s) 'waseet_daily' retrieved from /opt/airflow/dags/waseet_daily.py
[2026-09-15T17:18:40.810+0000] {logging_mixin.py:190} INFO - [2026-09-15T17:18:40.809+0000] {dag.py:3239} INFO - Sync 1 DAGs
[2026-09-15T17:18:40.827+0000] {logging_mixin.py:190} INFO - [2026-09-15T17:18:40.826+0000] {dag.py:4180} INFO - Setting next_dagrun for waseet_daily to 2026-09-14 00:00:00+00:00, run_after=2026-09-15 00:00:00+00:00
[2026-09-15T17:18:40.844+0000] {processor.py:208} INFO - Processing /opt/airflow/dags/waseet_daily.py took 0.076 seconds
[2026-09-15T17:19:11.121+0000] {processor.py:186} INFO - Started process (PID=329) to work on /opt/airflow/dags/waseet_daily.py
[2026-09-15T17:19:11.123+0000] {processor.py:914} INFO - Processing file /opt/airflow/dags/waseet_daily.py for tasks to queue
[2026-09-15T17:19:11.125+0000] {logging_mixin.py:190} INFO - [2026-09-15T17:19:11.124+0000] {dagbag.py:588} INFO - Filling up the DagBag from /opt/airflow/dags/waseet_daily.py
[2026-09-15T17:19:11.140+0000] {processor.py:925} INFO - DAG(s) 'waseet_daily' retrieved from /opt/airflow/dags/waseet_daily.py
[2026-09-15T17:19:11.157+0000] {logging_mixin.py:190} INFO - [2026-09-15T17:19:11.157+0000] {dag.py:3239} INFO - Sync 1 DAGs
[2026-09-15T17:19:11.174+0000] {logging_mixin.py:190} INFO - [2026-09-15T17:19:11.174+0000] {dag.py:4180} INFO - Setting next_dagrun for waseet_daily to 2026-09-14 00:00:00+00:00, run_after=2026-09-15 00:00:00+00:00
[2026-09-15T17:19:11.204+0000] {processor.py:208} INFO - Processing /opt/airflow/dags/waseet_daily.py took 0.087 seconds
[2026-09-15T17:19:41.516+0000] {processor.py:186} INFO - Started process (PID=334) to work on /opt/airflow/dags/waseet_daily.py
[2026-09-15T17:19:41.517+0000] {processor.py:914} INFO - Processing file /opt/airflow/dags/waseet_daily.py for tasks to queue
[2026-09-15T17:19:41.519+0000] {logging_mixin.py:190} INFO - [2026-09-15T17:19:41.519+0000] {dagbag.py:588} INFO - Filling up the DagBag from /opt/airflow/dags/waseet_daily.py
[2026-09-15T17:19:41.535+0000] {processor.py:925} INFO - DAG(s) 'waseet_daily' retrieved from /opt/airflow/dags/waseet_daily.py
[2026-09-15T17:19:41.556+0000] {logging_mixin.py:190} INFO - [2026-09-15T17:19:41.556+0000] {dag.py:3239} INFO - Sync 1 DAGs
[2026-09-15T17:19:41.573+0000] {logging_mixin.py:190} INFO - [2026-09-15T17:19:41.573+0000] {dag.py:4180} INFO - Setting next_dagrun for waseet_daily to 2026-09-14 00:00:00+00:00, run_after=2026-09-15 00:00:00+00:00
[2026-09-15T17:19:41.603+0000] {processor.py:208} INFO - Processing /opt/airflow/dags/waseet_daily.py took 0.091 seconds
[2026-09-15T17:20:11.917+0000] {processor.py:186} INFO - Started process (PID=339) to work on /opt/airflow/dags/waseet_daily.py
[2026-09-15T17:20:11.918+0000] {processor.py:914} INFO - Processing file /opt/airflow/dags/waseet_daily.py for tasks to queue
[2026-09-15T17:20:11.920+0000] {logging_mixin.py:190} INFO - [2026-09-15T17:20:11.920+0000] {dagbag.py:588} INFO - Filling up the DagBag from /opt/airflow/dags/waseet_daily.py
[2026-09-15T17:20:11.938+0000] {processor.py:925} INFO - DAG(s) 'waseet_daily' retrieved from /opt/airflow/dags/waseet_daily.py
[2026-09-15T17:20:11.959+0000] {logging_mixin.py:190} INFO - [2026-09-15T17:20:11.958+0000] {dag.py:3239} INFO - Sync 1 DAGs
[2026-09-15T17:20:11.979+0000] {logging_mixin.py:190} INFO - [2026-09-15T17:20:11.978+0000] {dag.py:4180} INFO - Setting next_dagrun for waseet_daily to 2026-09-14 00:00:00+00:00, run_after=2026-09-15 00:00:00+00:00
[2026-09-15T17:20:12.010+0000] {processor.py:208} INFO - Processing /opt/airflow/dags/waseet_daily.py took 0.097 seconds
[2026-09-15T17:20:42.328+0000] {processor.py:186} INFO - Started process (PID=344) to work on /opt/airflow/dags/waseet_daily.py
[2026-09-15T17:20:42.329+0000] {processor.py:914} INFO - Processing file /opt/airflow/dags/waseet_daily.py for tasks to queue
[2026-09-15T17:20:42.331+0000] {logging_mixin.py:190} INFO - [2026-09-15T17:20:42.331+0000] {dagbag.py:588} INFO - Filling up the DagBag from /opt/airflow/dags/waseet_daily.py
[2026-09-15T17:20:42.344+0000] {processor.py:925} INFO - DAG(s) 'waseet_daily' retrieved from /opt/airflow/dags/waseet_daily.py
[2026-09-15T17:20:42.362+0000] {logging_mixin.py:190} INFO - [2026-09-15T17:20:42.361+0000] {dag.py:3239} INFO - Sync 1 DAGs
[2026-09-15T17:20:42.378+0000] {logging_mixin.py:190} INFO - [2026-09-15T17:20:42.378+0000] {dag.py:4180} INFO - Setting next_dagrun for waseet_daily to 2026-09-14 00:00:00+00:00, run_after=2026-09-15 00:00:00+00:00
[2026-09-15T17:20:42.407+0000] {processor.py:208} INFO - Processing /opt/airflow/dags/waseet_daily.py took 0.083 seconds
[2026-09-15T17:21:12.741+0000] {processor.py:186} INFO - Started process (PID=349) to work on /opt/airflow/dags/waseet_daily.py
[2026-09-15T17:21:12.742+0000] {processor.py:914} INFO - Processing file /opt/airflow/dags/waseet_daily.py for tasks to queue
[2026-09-15T17:21:12.744+0000] {logging_mixin.py:190} INFO - [2026-09-15T17:21:12.744+0000] {dagbag.py:588} INFO - Filling up the DagBag from /opt/airflow/dags/waseet_daily.py
[2026-09-15T17:21:12.768+0000] {processor.py:925} INFO - DAG(s) 'waseet_daily' retrieved from /opt/airflow/dags/waseet_daily.py
[2026-09-15T17:21:12.785+0000] {logging_mixin.py:190} INFO - [2026-09-15T17:21:12.785+0000] {dag.py:3239} INFO - Sync 1 DAGs
[2026-09-15T17:21:12.800+0000] {logging_mixin.py:190} INFO - [2026-09-15T17:21:12.800+0000] {dag.py:4180} INFO - Setting next_dagrun for waseet_daily to 2026-09-14 00:00:00+00:00, run_after=2026-09-15 00:00:00+00:00
[2026-09-15T17:21:12.813+0000] {processor.py:208} INFO - Processing /opt/airflow/dags/waseet_daily.py took 0.076 seconds
[2026-09-15T17:21:43.220+0000] {processor.py:186} INFO - Started process (PID=354) to work on /opt/airflow/dags/waseet_daily.py
[2026-09-15T17:21:43.221+0000] {processor.py:914} INFO - Processing file /opt/airflow/dags/waseet_daily.py for tasks to queue
[2026-09-15T17:21:43.224+0000] {logging_mixin.py:190} INFO - [2026-09-15T17:21:43.224+0000] {dagbag.py:588} INFO - Filling up the DagBag from /opt/airflow/dags/waseet_daily.py
[2026-09-15T17:21:43.243+0000] {processor.py:925} INFO - DAG(s) 'waseet_daily' retrieved from /opt/airflow/dags/waseet_daily.py
[2026-09-15T17:21:43.262+0000] {logging_mixin.py:190} INFO - [2026-09-15T17:21:43.261+0000] {dag.py:3239} INFO - Sync 1 DAGs
[2026-09-15T17:21:43.279+0000] {logging_mixin.py:190} INFO - [2026-09-15T17:21:43.279+0000] {dag.py:4180} INFO - Setting next_dagrun for waseet_daily to 2026-09-14 00:00:00+00:00, run_after=2026-09-15 00:00:00+00:00
[2026-09-15T17:21:43.305+0000] {processor.py:208} INFO - Processing /opt/airflow/dags/waseet_daily.py took 0.090 seconds
[2026-09-15T17:22:13.608+0000] {processor.py:186} INFO - Started process (PID=359) to work on /opt/airflow/dags/waseet_daily.py
[2026-09-15T17:22:13.609+0000] {processor.py:914} INFO - Processing file /opt/airflow/dags/waseet_daily.py for tasks to queue
[2026-09-15T17:22:13.611+0000] {logging_mixin.py:190} INFO - [2026-09-15T17:22:13.611+0000] {dagbag.py:588} INFO - Filling up the DagBag from /opt/airflow/dags/waseet_daily.py
[2026-09-15T17:22:13.630+0000] {processor.py:925} INFO - DAG(s) 'waseet_daily' retrieved from /opt/airflow/dags/waseet_daily.py
[2026-09-15T17:22:13.649+0000] {logging_mixin.py:190} INFO - [2026-09-15T17:22:13.648+0000] {dag.py:3239} INFO - Sync 1 DAGs
[2026-09-15T17:22:13.665+0000] {logging_mixin.py:190} INFO - [2026-09-15T17:22:13.664+0000] {dag.py:4180} INFO - Setting next_dagrun for waseet_daily to 2026-09-14 00:00:00+00:00, run_after=2026-09-15 00:00:00+00:00
[2026-09-15T17:22:13.698+0000] {processor.py:208} INFO - Processing /opt/airflow/dags/waseet_daily.py took 0.094 seconds
[2026-09-15T17:22:44.029+0000] {processor.py:186} INFO - Started process (PID=364) to work on /opt/airflow/dags/waseet_daily.py
[2026-09-15T17:22:44.031+0000] {processor.py:914} INFO - Processing file /opt/airflow/dags/waseet_daily.py for tasks to queue
[2026-09-15T17:22:44.034+0000] {logging_mixin.py:190} INFO - [2026-09-15T17:22:44.033+0000] {dagbag.py:588} INFO - Filling up the DagBag from /opt/airflow/dags/waseet_daily.py
[2026-09-15T17:22:44.050+0000] {processor.py:925} INFO - DAG(s) 'waseet_daily' retrieved from /opt/airflow/dags/waseet_daily.py
[2026-09-15T17:22:44.068+0000] {logging_mixin.py:190} INFO - [2026-09-15T17:22:44.068+0000] {dag.py:3239} INFO - Sync 1 DAGs
[2026-09-15T17:22:44.084+0000] {logging_mixin.py:190} INFO - [2026-09-15T17:22:44.083+0000] {dag.py:4180} INFO - Setting next_dagrun for waseet_daily to 2026-09-14 00:00:00+00:00, run_after=2026-09-15 00:00:00+00:00
[2026-09-15T17:22:44.114+0000] {processor.py:208} INFO - Processing /opt/airflow/dags/waseet_daily.py took 0.088 seconds
[2026-09-15T17:23:14.513+0000] {processor.py:186} INFO - Started process (PID=369) to work on /opt/airflow/dags/waseet_daily.py
[2026-09-15T17:23:14.514+0000] {processor.py:914} INFO - Processing file /opt/airflow/dags/waseet_daily.py for tasks to queue
[2026-09-15T17:23:14.516+0000] {logging_mixin.py:190} INFO - [2026-09-15T17:23:14.516+0000] {dagbag.py:588} INFO - Filling up the DagBag from /opt/airflow/dags/waseet_daily.py
[2026-09-15T17:23:14.532+0000] {processor.py:925} INFO - DAG(s) 'waseet_daily' retrieved from /opt/airflow/dags/waseet_daily.py
[2026-09-15T17:23:14.549+0000] {logging_mixin.py:190} INFO - [2026-09-15T17:23:14.549+0000] {dag.py:3239} INFO - Sync 1 DAGs
[2026-09-15T17:23:14.565+0000] {logging_mixin.py:190} INFO - [2026-09-15T17:23:14.565+0000] {dag.py:4180} INFO - Setting next_dagrun for waseet_daily to 2026-09-14 00:00:00+00:00, run_after=2026-09-15 00:00:00+00:00
[2026-09-15T17:23:14.593+0000] {processor.py:208} INFO - Processing /opt/airflow/dags/waseet_daily.py took 0.083 seconds
[2026-09-15T17:23:44.936+0000] {processor.py:186} INFO - Started process (PID=374) to work on /opt/airflow/dags/waseet_daily.py
[2026-09-15T17:23:44.937+0000] {processor.py:914} INFO - Processing file /opt/airflow/dags/waseet_daily.py for tasks to queue
[2026-09-15T17:23:44.939+0000] {logging_mixin.py:190} INFO - [2026-09-15T17:23:44.939+0000] {dagbag.py:588} INFO - Filling up the DagBag from /opt/airflow/dags/waseet_daily.py
[2026-09-15T17:23:44.956+0000] {processor.py:925} INFO - DAG(s) 'waseet_daily' retrieved from /opt/airflow/dags/waseet_daily.py
[2026-09-15T17:23:44.974+0000] {logging_mixin.py:190} INFO - [2026-09-15T17:23:44.974+0000] {dag.py:3239} INFO - Sync 1 DAGs
[2026-09-15T17:23:44.990+0000] {logging_mixin.py:190} INFO - [2026-09-15T17:23:44.990+0000] {dag.py:4180} INFO - Setting next_dagrun for waseet_daily to 2026-09-14 00:00:00+00:00, run_after=2026-09-15 00:00:00+00:00
[2026-09-15T17:23:45.007+0000] {processor.py:208} INFO - Processing /opt/airflow/dags/waseet_daily.py took 0.074 seconds
[2026-09-15T17:24:15.456+0000] {processor.py:186} INFO - Started process (PID=379) to work on /opt/airflow/dags/waseet_daily.py
[2026-09-15T17:24:15.457+0000] {processor.py:914} INFO - Processing file /opt/airflow/dags/waseet_daily.py for tasks to queue
[2026-09-15T17:24:15.459+0000] {logging_mixin.py:190} INFO - [2026-09-15T17:24:15.459+0000] {dagbag.py:588} INFO - Filling up the DagBag from /opt/airflow/dags/waseet_daily.py
[2026-09-15T17:24:15.476+0000] {processor.py:925} INFO - DAG(s) 'waseet_daily' retrieved from /opt/airflow/dags/waseet_daily.py
[2026-09-15T17:24:15.494+0000] {logging_mixin.py:190} INFO - [2026-09-15T17:24:15.494+0000] {dag.py:3239} INFO - Sync 1 DAGs
[2026-09-15T17:24:15.510+0000] {logging_mixin.py:190} INFO - [2026-09-15T17:24:15.510+0000] {dag.py:4180} INFO - Setting next_dagrun for waseet_daily to 2026-09-14 00:00:00+00:00, run_after=2026-09-15 00:00:00+00:00
[2026-09-15T17:24:15.542+0000] {processor.py:208} INFO - Processing /opt/airflow/dags/waseet_daily.py took 0.090 seconds
[2026-09-15T17:24:45.947+0000] {processor.py:186} INFO - Started process (PID=384) to work on /opt/airflow/dags/waseet_daily.py
[2026-09-15T17:24:45.948+0000] {processor.py:914} INFO - Processing file /opt/airflow/dags/waseet_daily.py for tasks to queue
[2026-09-15T17:24:45.950+0000] {logging_mixin.py:190} INFO - [2026-09-15T17:24:45.950+0000] {dagbag.py:588} INFO - Filling up the DagBag from /opt/airflow/dags/waseet_daily.py
[2026-09-15T17:24:45.967+0000] {processor.py:925} INFO - DAG(s) 'waseet_daily' retrieved from /opt/airflow/dags/waseet_daily.py
[2026-09-15T17:24:45.990+0000] {logging_mixin.py:190} INFO - [2026-09-15T17:24:45.990+0000] {dag.py:3239} INFO - Sync 1 DAGs
[2026-09-15T17:24:46.009+0000] {logging_mixin.py:190} INFO - [2026-09-15T17:24:46.008+0000] {dag.py:4180} INFO - Setting next_dagrun for waseet_daily to 2026-09-14 00:00:00+00:00, run_after=2026-09-15 00:00:00+00:00
[2026-09-15T17:24:46.024+0000] {processor.py:208} INFO - Processing /opt/airflow/dags/waseet_daily.py took 0.082 seconds
[2026-09-15T17:58:41.812+0000] {processor.py:186} INFO - Started process (PID=257) to work on /opt/airflow/dags/waseet_daily.py
[2026-09-15T17:58:41.813+0000] {processor.py:914} INFO - Processing file /opt/airflow/dags/waseet_daily.py for tasks to queue
[2026-09-15T17:58:41.814+0000] {logging_mixin.py:190} INFO - [2026-09-15T17:58:41.814+0000] {dagbag.py:588} INFO - Filling up the DagBag from /opt/airflow/dags/waseet_daily.py
[2026-09-15T17:58:41.832+0000] {processor.py:925} INFO - DAG(s) 'waseet_daily' retrieved from /opt/airflow/dags/waseet_daily.py
[2026-09-15T17:58:41.855+0000] {logging_mixin.py:190} INFO - [2026-09-15T17:58:41.855+0000] {dag.py:3239} INFO - Sync 1 DAGs
[2026-09-15T17:58:41.872+0000] {logging_mixin.py:190} INFO - [2026-09-15T17:58:41.872+0000] {dag.py:4180} INFO - Setting next_dagrun for waseet_daily to 2026-09-14 00:00:00+00:00, run_after=2026-09-15 00:00:00+00:00
[2026-09-15T17:58:41.889+0000] {processor.py:208} INFO - Processing /opt/airflow/dags/waseet_daily.py took 0.083 seconds
[2026-09-15T17:59:12.215+0000] {processor.py:186} INFO - Started process (PID=294) to work on /opt/airflow/dags/waseet_daily.py
[2026-09-15T17:59:12.216+0000] {processor.py:914} INFO - Processing file /opt/airflow/dags/waseet_daily.py for tasks to queue
[2026-09-15T17:59:12.219+0000] {logging_mixin.py:190} INFO - [2026-09-15T17:59:12.218+0000] {dagbag.py:588} INFO - Filling up the DagBag from /opt/airflow/dags/waseet_daily.py
[2026-09-15T17:59:12.237+0000] {processor.py:925} INFO - DAG(s) 'waseet_daily' retrieved from /opt/airflow/dags/waseet_daily.py
[2026-09-15T17:59:12.259+0000] {logging_mixin.py:190} INFO - [2026-09-15T17:59:12.259+0000] {dag.py:3239} INFO - Sync 1 DAGs
[2026-09-15T17:59:12.282+0000] {logging_mixin.py:190} INFO - [2026-09-15T17:59:12.282+0000] {dag.py:4180} INFO - Setting next_dagrun for waseet_daily to 2026-09-14 00:00:00+00:00, run_after=2026-09-15 00:00:00+00:00
[2026-09-15T17:59:12.304+0000] {processor.py:208} INFO - Processing /opt/airflow/dags/waseet_daily.py took 0.093 seconds
[2026-09-15T17:59:42.653+0000] {processor.py:186} INFO - Started process (PID=300) to work on /opt/airflow/dags/waseet_daily.py
[2026-09-15T17:59:42.655+0000] {processor.py:914} INFO - Processing file /opt/airflow/dags/waseet_daily.py for tasks to queue
[2026-09-15T17:59:42.658+0000] {logging_mixin.py:190} INFO - [2026-09-15T17:59:42.658+0000] {dagbag.py:588} INFO - Filling up the DagBag from /opt/airflow/dags/waseet_daily.py
[2026-09-15T17:59:42.695+0000] {processor.py:925} INFO - DAG(s) 'waseet_daily' retrieved from /opt/airflow/dags/waseet_daily.py
[2026-09-15T17:59:42.722+0000] {logging_mixin.py:190} INFO - [2026-09-15T17:59:42.722+0000] {dag.py:3239} INFO - Sync 1 DAGs
[2026-09-15T17:59:42.741+0000] {logging_mixin.py:190} INFO - [2026-09-15T17:59:42.741+0000] {dag.py:4180} INFO - Setting next_dagrun for waseet_daily to 2026-09-14 00:00:00+00:00, run_after=2026-09-15 00:00:00+00:00
[2026-09-15T17:59:42.760+0000] {processor.py:208} INFO - Processing /opt/airflow/dags/waseet_daily.py took 0.125 seconds
[2026-09-15T18:00:13.053+0000] {processor.py:186} INFO - Started process (PID=305) to work on /opt/airflow/dags/waseet_daily.py
[2026-09-15T18:00:13.054+0000] {processor.py:914} INFO - Processing file /opt/airflow/dags/waseet_daily.py for tasks to queue
[2026-09-15T18:00:13.057+0000] {logging_mixin.py:190} INFO - [2026-09-15T18:00:13.056+0000] {dagbag.py:588} INFO - Filling up the DagBag from /opt/airflow/dags/waseet_daily.py
[2026-09-15T18:00:13.074+0000] {processor.py:925} INFO - DAG(s) 'waseet_daily' retrieved from /opt/airflow/dags/waseet_daily.py
[2026-09-15T18:00:13.097+0000] {logging_mixin.py:190} INFO - [2026-09-15T18:00:13.097+0000] {dag.py:3239} INFO - Sync 1 DAGs
[2026-09-15T18:00:13.115+0000] {logging_mixin.py:190} INFO - [2026-09-15T18:00:13.115+0000] {dag.py:4180} INFO - Setting next_dagrun for waseet_daily to 2026-09-14 00:00:00+00:00, run_after=2026-09-15 00:00:00+00:00
[2026-09-15T18:00:13.149+0000] {processor.py:208} INFO - Processing /opt/airflow/dags/waseet_daily.py took 0.101 seconds
[2026-09-15T18:00:43.432+0000] {processor.py:186} INFO - Started process (PID=310) to work on /opt/airflow/dags/waseet_daily.py
[2026-09-15T18:00:43.433+0000] {processor.py:914} INFO - Processing file /opt/airflow/dags/waseet_daily.py for tasks to queue
[2026-09-15T18:00:43.436+0000] {logging_mixin.py:190} INFO - [2026-09-15T18:00:43.435+0000] {dagbag.py:588} INFO - Filling up the DagBag from /opt/airflow/dags/waseet_daily.py
[2026-09-15T18:00:43.459+0000] {processor.py:925} INFO - DAG(s) 'waseet_daily' retrieved from /opt/airflow/dags/waseet_daily.py
[2026-09-15T18:00:43.482+0000] {logging_mixin.py:190} INFO - [2026-09-15T18:00:43.482+0000] {dag.py:3239} INFO - Sync 1 DAGs
[2026-09-15T18:00:43.502+0000] {logging_mixin.py:190} INFO - [2026-09-15T18:00:43.502+0000] {dag.py:4180} INFO - Setting next_dagrun for waseet_daily to 2026-09-14 00:00:00+00:00, run_after=2026-09-15 00:00:00+00:00
[2026-09-15T18:00:43.520+0000] {processor.py:208} INFO - Processing /opt/airflow/dags/waseet_daily.py took 0.092 seconds
[2026-09-15T18:01:13.824+0000] {processor.py:186} INFO - Started process (PID=315) to work on /opt/airflow/dags/waseet_daily.py
[2026-09-15T18:01:13.826+0000] {processor.py:914} INFO - Processing file /opt/airflow/dags/waseet_daily.py for tasks to queue
[2026-09-15T18:01:13.828+0000] {logging_mixin.py:190} INFO - [2026-09-15T18:01:13.828+0000] {dagbag.py:588} INFO - Filling up the DagBag from /opt/airflow/dags/waseet_daily.py
[2026-09-15T18:01:13.847+0000] {processor.py:925} INFO - DAG(s) 'waseet_daily' retrieved from /opt/airflow/dags/waseet_daily.py
[2026-09-15T18:01:13.867+0000] {logging_mixin.py:190} INFO - [2026-09-15T18:01:13.867+0000] {dag.py:3239} INFO - Sync 1 DAGs
[2026-09-15T18:01:13.886+0000] {logging_mixin.py:190} INFO - [2026-09-15T18:01:13.885+0000] {dag.py:4180} INFO - Setting next_dagrun for waseet_daily to 2026-09-14 00:00:00+00:00, run_after=2026-09-15 00:00:00+00:00
[2026-09-15T18:01:13.904+0000] {processor.py:208} INFO - Processing /opt/airflow/dags/waseet_daily.py took 0.084 seconds
[2026-09-15T18:01:44.205+0000] {processor.py:186} INFO - Started process (PID=320) to work on /opt/airflow/dags/waseet_daily.py
[2026-09-15T18:01:44.206+0000] {processor.py:914} INFO - Processing file /opt/airflow/dags/waseet_daily.py for tasks to queue
[2026-09-15T18:01:44.209+0000] {logging_mixin.py:190} INFO - [2026-09-15T18:01:44.208+0000] {dagbag.py:588} INFO - Filling up the DagBag from /opt/airflow/dags/waseet_daily.py
[2026-09-15T18:01:44.226+0000] {processor.py:925} INFO - DAG(s) 'waseet_daily' retrieved from /opt/airflow/dags/waseet_daily.py
[2026-09-15T18:01:44.246+0000] {logging_mixin.py:190} INFO - [2026-09-15T18:01:44.246+0000] {dag.py:3239} INFO - Sync 1 DAGs
[2026-09-15T18:01:44.264+0000] {logging_mixin.py:190} INFO - [2026-09-15T18:01:44.264+0000] {dag.py:4180} INFO - Setting next_dagrun for waseet_daily to 2026-09-14 00:00:00+00:00, run_after=2026-09-15 00:00:00+00:00
[2026-09-15T18:01:44.280+0000] {processor.py:208} INFO - Processing /opt/airflow/dags/waseet_daily.py took 0.079 seconds
[2026-09-15T18:02:14.634+0000] {processor.py:186} INFO - Started process (PID=325) to work on /opt/airflow/dags/waseet_daily.py
[2026-09-15T18:02:14.635+0000] {processor.py:914} INFO - Processing file /opt/airflow/dags/waseet_daily.py for tasks to queue
[2026-09-15T18:02:14.639+0000] {logging_mixin.py:190} INFO - [2026-09-15T18:02:14.638+0000] {dagbag.py:588} INFO - Filling up the DagBag from /opt/airflow/dags/waseet_daily.py
[2026-09-15T18:02:14.656+0000] {processor.py:925} INFO - DAG(s) 'waseet_daily' retrieved from /opt/airflow/dags/waseet_daily.py
[2026-09-15T18:02:14.678+0000] {logging_mixin.py:190} INFO - [2026-09-15T18:02:14.678+0000] {dag.py:3239} INFO - Sync 1 DAGs
[2026-09-15T18:02:14.698+0000] {logging_mixin.py:190} INFO - [2026-09-15T18:02:14.698+0000] {dag.py:4180} INFO - Setting next_dagrun for waseet_daily to 2026-09-14 00:00:00+00:00, run_after=2026-09-15 00:00:00+00:00
[2026-09-15T18:02:14.731+0000] {processor.py:208} INFO - Processing /opt/airflow/dags/waseet_daily.py took 0.101 seconds
[2026-09-15T18:02:45.017+0000] {processor.py:186} INFO - Started process (PID=330) to work on /opt/airflow/dags/waseet_daily.py
[2026-09-15T18:02:45.018+0000] {processor.py:914} INFO - Processing file /opt/airflow/dags/waseet_daily.py for tasks to queue
[2026-09-15T18:02:45.021+0000] {logging_mixin.py:190} INFO - [2026-09-15T18:02:45.020+0000] {dagbag.py:588} INFO - Filling up the DagBag from /opt/airflow/dags/waseet_daily.py
[2026-09-15T18:02:45.043+0000] {processor.py:925} INFO - DAG(s) 'waseet_daily' retrieved from /opt/airflow/dags/waseet_daily.py
[2026-09-15T18:02:45.065+0000] {logging_mixin.py:190} INFO - [2026-09-15T18:02:45.065+0000] {dag.py:3239} INFO - Sync 1 DAGs
[2026-09-15T18:02:45.083+0000] {logging_mixin.py:190} INFO - [2026-09-15T18:02:45.083+0000] {dag.py:4180} INFO - Setting next_dagrun for waseet_daily to 2026-09-14 00:00:00+00:00, run_after=2026-09-15 00:00:00+00:00
[2026-09-15T18:02:45.099+0000] {processor.py:208} INFO - Processing /opt/airflow/dags/waseet_daily.py took 0.087 seconds
[2026-09-15T18:03:15.430+0000] {processor.py:186} INFO - Started process (PID=335) to work on /opt/airflow/dags/waseet_daily.py
[2026-09-15T18:03:15.431+0000] {processor.py:914} INFO - Processing file /opt/airflow/dags/waseet_daily.py for tasks to queue
[2026-09-15T18:03:15.433+0000] {logging_mixin.py:190} INFO - [2026-09-15T18:03:15.432+0000] {dagbag.py:588} INFO - Filling up the DagBag from /opt/airflow/dags/waseet_daily.py
[2026-09-15T18:03:15.448+0000] {processor.py:925} INFO - DAG(s) 'waseet_daily' retrieved from /opt/airflow/dags/waseet_daily.py
[2026-09-15T18:03:15.468+0000] {logging_mixin.py:190} INFO - [2026-09-15T18:03:15.468+0000] {dag.py:3239} INFO - Sync 1 DAGs
[2026-09-15T18:03:15.485+0000] {logging_mixin.py:190} INFO - [2026-09-15T18:03:15.485+0000] {dag.py:4180} INFO - Setting next_dagrun for waseet_daily to 2026-09-14 00:00:00+00:00, run_after=2026-09-15 00:00:00+00:00
[2026-09-15T18:03:15.516+0000] {processor.py:208} INFO - Processing /opt/airflow/dags/waseet_daily.py took 0.090 seconds
[2026-09-15T18:03:45.867+0000] {processor.py:186} INFO - Started process (PID=340) to work on /opt/airflow/dags/waseet_daily.py
[2026-09-15T18:03:45.868+0000] {processor.py:914} INFO - Processing file /opt/airflow/dags/waseet_daily.py for tasks to queue
[2026-09-15T18:03:45.871+0000] {logging_mixin.py:190} INFO - [2026-09-15T18:03:45.871+0000] {dagbag.py:588} INFO - Filling up the DagBag from /opt/airflow/dags/waseet_daily.py
[2026-09-15T18:03:45.892+0000] {processor.py:925} INFO - DAG(s) 'waseet_daily' retrieved from /opt/airflow/dags/waseet_daily.py
[2026-09-15T18:03:45.914+0000] {logging_mixin.py:190} INFO - [2026-09-15T18:03:45.914+0000] {dag.py:3239} INFO - Sync 1 DAGs
[2026-09-15T18:03:45.933+0000] {logging_mixin.py:190} INFO - [2026-09-15T18:03:45.933+0000] {dag.py:4180} INFO - Setting next_dagrun for waseet_daily to 2026-09-14 00:00:00+00:00, run_after=2026-09-15 00:00:00+00:00
[2026-09-15T18:03:45.955+0000] {processor.py:208} INFO - Processing /opt/airflow/dags/waseet_daily.py took 0.093 seconds
[2026-09-15T18:04:16.249+0000] {processor.py:186} INFO - Started process (PID=345) to work on /opt/airflow/dags/waseet_daily.py
[2026-09-15T18:04:16.250+0000] {processor.py:914} INFO - Processing file /opt/airflow/dags/waseet_daily.py for tasks to queue
[2026-09-15T18:04:16.252+0000] {logging_mixin.py:190} INFO - [2026-09-15T18:04:16.252+0000] {dagbag.py:588} INFO - Filling up the DagBag from /opt/airflow/dags/waseet_daily.py
[2026-09-15T18:04:16.273+0000] {processor.py:925} INFO - DAG(s) 'waseet_daily' retrieved from /opt/airflow/dags/waseet_daily.py
[2026-09-15T18:04:16.293+0000] {logging_mixin.py:190} INFO - [2026-09-15T18:04:16.293+0000] {dag.py:3239} INFO - Sync 1 DAGs
[2026-09-15T18:04:16.311+0000] {logging_mixin.py:190} INFO - [2026-09-15T18:04:16.311+0000] {dag.py:4180} INFO - Setting next_dagrun for waseet_daily to 2026-09-14 00:00:00+00:00, run_after=2026-09-15 00:00:00+00:00
[2026-09-15T18:04:16.343+0000] {processor.py:208} INFO - Processing /opt/airflow/dags/waseet_daily.py took 0.097 seconds
[2026-09-15T18:04:46.669+0000] {processor.py:186} INFO - Started process (PID=350) to work on /opt/airflow/dags/waseet_daily.py
[2026-09-15T18:04:46.670+0000] {processor.py:914} INFO - Processing file /opt/airflow/dags/waseet_daily.py for tasks to queue
[2026-09-15T18:04:46.673+0000] {logging_mixin.py:190} INFO - [2026-09-15T18:04:46.673+0000] {dagbag.py:588} INFO - Filling up the DagBag from /opt/airflow/dags/waseet_daily.py
[2026-09-15T18:04:46.696+0000] {processor.py:925} INFO - DAG(s) 'waseet_daily' retrieved from /opt/airflow/dags/waseet_daily.py
[2026-09-15T18:04:46.716+0000] {logging_mixin.py:190} INFO - [2026-09-15T18:04:46.715+0000] {dag.py:3239} INFO - Sync 1 DAGs
[2026-09-15T18:04:46.733+0000] {logging_mixin.py:190} INFO - [2026-09-15T18:04:46.732+0000] {dag.py:4180} INFO - Setting next_dagrun for waseet_daily to 2026-09-14 00:00:00+00:00, run_after=2026-09-15 00:00:00+00:00
[2026-09-15T18:04:46.750+0000] {processor.py:208} INFO - Processing /opt/airflow/dags/waseet_daily.py took 0.085 seconds
[2026-09-15T18:05:17.045+0000] {processor.py:186} INFO - Started process (PID=355) to work on /opt/airflow/dags/waseet_daily.py
[2026-09-15T18:05:17.046+0000] {processor.py:914} INFO - Processing file /opt/airflow/dags/waseet_daily.py for tasks to queue
[2026-09-15T18:05:17.049+0000] {logging_mixin.py:190} INFO - [2026-09-15T18:05:17.049+0000] {dagbag.py:588} INFO - Filling up the DagBag from /opt/airflow/dags/waseet_daily.py
[2026-09-15T18:05:17.067+0000] {processor.py:925} INFO - DAG(s) 'waseet_daily' retrieved from /opt/airflow/dags/waseet_daily.py
[2026-09-15T18:05:17.087+0000] {logging_mixin.py:190} INFO - [2026-09-15T18:05:17.087+0000] {dag.py:3239} INFO - Sync 1 DAGs
[2026-09-15T18:05:17.107+0000] {logging_mixin.py:190} INFO - [2026-09-15T18:05:17.106+0000] {dag.py:4180} INFO - Setting next_dagrun for waseet_daily to 2026-09-14 00:00:00+00:00, run_after=2026-09-15 00:00:00+00:00
[2026-09-15T18:05:17.138+0000] {processor.py:208} INFO - Processing /opt/airflow/dags/waseet_daily.py took 0.097 seconds
[2026-09-15T18:05:47.479+0000] {processor.py:186} INFO - Started process (PID=360) to work on /opt/airflow/dags/waseet_daily.py
[2026-09-15T18:05:47.480+0000] {processor.py:914} INFO - Processing file /opt/airflow/dags/waseet_daily.py for tasks to queue
[2026-09-15T18:05:47.483+0000] {logging_mixin.py:190} INFO - [2026-09-15T18:05:47.483+0000] {dagbag.py:588} INFO - Filling up the DagBag from /opt/airflow/dags/waseet_daily.py
[2026-09-15T18:05:47.498+0000] {processor.py:925} INFO - DAG(s) 'waseet_daily' retrieved from /opt/airflow/dags/waseet_daily.py
[2026-09-15T18:05:47.517+0000] {logging_mixin.py:190} INFO - [2026-09-15T18:05:47.517+0000] {dag.py:3239} INFO - Sync 1 DAGs
[2026-09-15T18:05:47.545+0000] {logging_mixin.py:190} INFO - [2026-09-15T18:05:47.544+0000] {dag.py:4180} INFO - Setting next_dagrun for waseet_daily to 2026-09-14 00:00:00+00:00, run_after=2026-09-15 00:00:00+00:00
[2026-09-15T18:05:47.565+0000] {processor.py:208} INFO - Processing /opt/airflow/dags/waseet_daily.py took 0.090 seconds
[2026-09-15T18:06:17.893+0000] {processor.py:186} INFO - Started process (PID=365) to work on /opt/airflow/dags/waseet_daily.py
[2026-09-15T18:06:17.894+0000] {processor.py:914} INFO - Processing file /opt/airflow/dags/waseet_daily.py for tasks to queue
[2026-09-15T18:06:17.896+0000] {logging_mixin.py:190} INFO - [2026-09-15T18:06:17.896+0000] {dagbag.py:588} INFO - Filling up the DagBag from /opt/airflow/dags/waseet_daily.py
[2026-09-15T18:06:17.914+0000] {processor.py:925} INFO - DAG(s) 'waseet_daily' retrieved from /opt/airflow/dags/waseet_daily.py
[2026-09-15T18:06:17.937+0000] {logging_mixin.py:190} INFO - [2026-09-15T18:06:17.937+0000] {dag.py:3239} INFO - Sync 1 DAGs
[2026-09-15T18:06:17.956+0000] {logging_mixin.py:190} INFO - [2026-09-15T18:06:17.956+0000] {dag.py:4180} INFO - Setting next_dagrun for waseet_daily to 2026-09-14 00:00:00+00:00, run_after=2026-09-15 00:00:00+00:00
[2026-09-15T18:06:17.977+0000] {processor.py:208} INFO - Processing /opt/airflow/dags/waseet_daily.py took 0.090 seconds
[2026-09-15T18:06:48.361+0000] {processor.py:186} INFO - Started process (PID=370) to work on /opt/airflow/dags/waseet_daily.py
[2026-09-15T18:06:48.362+0000] {processor.py:914} INFO - Processing file /opt/airflow/dags/waseet_daily.py for tasks to queue
[2026-09-15T18:06:48.365+0000] {logging_mixin.py:190} INFO - [2026-09-15T18:06:48.364+0000] {dagbag.py:588} INFO - Filling up the DagBag from /opt/airflow/dags/waseet_daily.py
[2026-09-15T18:06:48.380+0000] {processor.py:925} INFO - DAG(s) 'waseet_daily' retrieved from /opt/airflow/dags/waseet_daily.py
[2026-09-15T18:06:48.400+0000] {logging_mixin.py:190} INFO - [2026-09-15T18:06:48.400+0000] {dag.py:3239} INFO - Sync 1 DAGs
[2026-09-15T18:06:48.417+0000] {logging_mixin.py:190} INFO - [2026-09-15T18:06:48.417+0000] {dag.py:4180} INFO - Setting next_dagrun for waseet_daily to 2026-09-14 00:00:00+00:00, run_after=2026-09-15 00:00:00+00:00
[2026-09-15T18:06:48.434+0000] {processor.py:208} INFO - Processing /opt/airflow/dags/waseet_daily.py took 0.077 seconds
[2026-09-15T18:07:18.745+0000] {processor.py:186} INFO - Started process (PID=375) to work on /opt/airflow/dags/waseet_daily.py
[2026-09-15T18:07:18.746+0000] {processor.py:914} INFO - Processing file /opt/airflow/dags/waseet_daily.py for tasks to queue
[2026-09-15T18:07:18.749+0000] {logging_mixin.py:190} INFO - [2026-09-15T18:07:18.749+0000] {dagbag.py:588} INFO - Filling up the DagBag from /opt/airflow/dags/waseet_daily.py
[2026-09-15T18:07:18.766+0000] {processor.py:925} INFO - DAG(s) 'waseet_daily' retrieved from /opt/airflow/dags/waseet_daily.py
[2026-09-15T18:07:18.787+0000] {logging_mixin.py:190} INFO - [2026-09-15T18:07:18.787+0000] {dag.py:3239} INFO - Sync 1 DAGs
[2026-09-15T18:07:18.807+0000] {logging_mixin.py:190} INFO - [2026-09-15T18:07:18.806+0000] {dag.py:4180} INFO - Setting next_dagrun for waseet_daily to 2026-09-14 00:00:00+00:00, run_after=2026-09-15 00:00:00+00:00
[2026-09-15T18:07:18.842+0000] {processor.py:208} INFO - Processing /opt/airflow/dags/waseet_daily.py took 0.101 seconds
[2026-09-15T18:07:49.080+0000] {processor.py:186} INFO - Started process (PID=380) to work on /opt/airflow/dags/waseet_daily.py
[2026-09-15T18:07:49.081+0000] {processor.py:914} INFO - Processing file /opt/airflow/dags/waseet_daily.py for tasks to queue
[2026-09-15T18:07:49.083+0000] {logging_mixin.py:190} INFO - [2026-09-15T18:07:49.083+0000] {dagbag.py:588} INFO - Filling up the DagBag from /opt/airflow/dags/waseet_daily.py
[2026-09-15T18:07:49.098+0000] {processor.py:925} INFO - DAG(s) 'waseet_daily' retrieved from /opt/airflow/dags/waseet_daily.py
[2026-09-15T18:07:49.120+0000] {logging_mixin.py:190} INFO - [2026-09-15T18:07:49.120+0000] {dag.py:3239} INFO - Sync 1 DAGs
[2026-09-15T18:07:49.143+0000] {logging_mixin.py:190} INFO - [2026-09-15T18:07:49.143+0000] {dag.py:4180} INFO - Setting next_dagrun for waseet_daily to 2026-09-14 00:00:00+00:00, run_after=2026-09-15 00:00:00+00:00
[2026-09-15T18:07:49.161+0000] {processor.py:208} INFO - Processing /opt/airflow/dags/waseet_daily.py took 0.084 seconds
[2026-09-15T18:08:19.481+0000] {processor.py:186} INFO - Started process (PID=386) to work on /opt/airflow/dags/waseet_daily.py
[2026-09-15T18:08:19.482+0000] {processor.py:914} INFO - Processing file /opt/airflow/dags/waseet_daily.py for tasks to queue
[2026-09-15T18:08:19.484+0000] {logging_mixin.py:190} INFO - [2026-09-15T18:08:19.484+0000] {dagbag.py:588} INFO - Filling up the DagBag from /opt/airflow/dags/waseet_daily.py
[2026-09-15T18:08:19.499+0000] {processor.py:925} INFO - DAG(s) 'waseet_daily' retrieved from /opt/airflow/dags/waseet_daily.py
[2026-09-15T18:08:19.520+0000] {logging_mixin.py:190} INFO - [2026-09-15T18:08:19.519+0000] {dag.py:3239} INFO - Sync 1 DAGs
[2026-09-15T18:08:19.538+0000] {logging_mixin.py:190} INFO - [2026-09-15T18:08:19.537+0000] {dag.py:4180} INFO - Setting next_dagrun for waseet_daily to 2026-09-14 00:00:00+00:00, run_after=2026-09-15 00:00:00+00:00
[2026-09-15T18:08:19.561+0000] {processor.py:208} INFO - Processing /opt/airflow/dags/waseet_daily.py took 0.085 seconds
[2026-09-15T18:08:49.831+0000] {processor.py:186} INFO - Started process (PID=391) to work on /opt/airflow/dags/waseet_daily.py
[2026-09-15T18:08:49.832+0000] {processor.py:914} INFO - Processing file /opt/airflow/dags/waseet_daily.py for tasks to queue
[2026-09-15T18:08:49.834+0000] {logging_mixin.py:190} INFO - [2026-09-15T18:08:49.834+0000] {dagbag.py:588} INFO - Filling up the DagBag from /opt/airflow/dags/waseet_daily.py
[2026-09-15T18:08:49.854+0000] {processor.py:925} INFO - DAG(s) 'waseet_daily' retrieved from /opt/airflow/dags/waseet_daily.py
[2026-09-15T18:08:49.873+0000] {logging_mixin.py:190} INFO - [2026-09-15T18:08:49.873+0000] {dag.py:3239} INFO - Sync 1 DAGs
[2026-09-15T18:08:49.890+0000] {logging_mixin.py:190} INFO - [2026-09-15T18:08:49.890+0000] {dag.py:4180} INFO - Setting next_dagrun for waseet_daily to 2026-09-14 00:00:00+00:00, run_after=2026-09-15 00:00:00+00:00
[2026-09-15T18:08:49.907+0000] {processor.py:208} INFO - Processing /opt/airflow/dags/waseet_daily.py took 0.081 seconds
[2026-09-15T18:09:20.184+0000] {processor.py:186} INFO - Started process (PID=396) to work on /opt/airflow/dags/waseet_daily.py
[2026-09-15T18:09:20.185+0000] {processor.py:914} INFO - Processing file /opt/airflow/dags/waseet_daily.py for tasks to queue
[2026-09-15T18:09:20.187+0000] {logging_mixin.py:190} INFO - [2026-09-15T18:09:20.187+0000] {dagbag.py:588} INFO - Filling up the DagBag from /opt/airflow/dags/waseet_daily.py
[2026-09-15T18:09:20.203+0000] {processor.py:925} INFO - DAG(s) 'waseet_daily' retrieved from /opt/airflow/dags/waseet_daily.py
[2026-09-15T18:09:20.221+0000] {logging_mixin.py:190} INFO - [2026-09-15T18:09:20.221+0000] {dag.py:3239} INFO - Sync 1 DAGs
[2026-09-15T18:09:20.238+0000] {logging_mixin.py:190} INFO - [2026-09-15T18:09:20.238+0000] {dag.py:4180} INFO - Setting next_dagrun for waseet_daily to 2026-09-14 00:00:00+00:00, run_after=2026-09-15 00:00:00+00:00
[2026-09-15T18:09:20.255+0000] {processor.py:208} INFO - Processing /opt/airflow/dags/waseet_daily.py took 0.074 seconds
[2026-09-15T18:09:50.569+0000] {processor.py:186} INFO - Started process (PID=401) to work on /opt/airflow/dags/waseet_daily.py
[2026-09-15T18:09:50.570+0000] {processor.py:914} INFO - Processing file /opt/airflow/dags/waseet_daily.py for tasks to queue
[2026-09-15T18:09:50.572+0000] {logging_mixin.py:190} INFO - [2026-09-15T18:09:50.572+0000] {dagbag.py:588} INFO - Filling up the DagBag from /opt/airflow/dags/waseet_daily.py
[2026-09-15T18:09:50.588+0000] {processor.py:925} INFO - DAG(s) 'waseet_daily' retrieved from /opt/airflow/dags/waseet_daily.py
[2026-09-15T18:09:50.608+0000] {logging_mixin.py:190} INFO - [2026-09-15T18:09:50.608+0000] {dag.py:3239} INFO - Sync 1 DAGs
[2026-09-15T18:09:50.627+0000] {logging_mixin.py:190} INFO - [2026-09-15T18:09:50.627+0000] {dag.py:4180} INFO - Setting next_dagrun for waseet_daily to 2026-09-14 00:00:00+00:00, run_after=2026-09-15 00:00:00+00:00
[2026-09-15T18:09:50.660+0000] {processor.py:208} INFO - Processing /opt/airflow/dags/waseet_daily.py took 0.095 seconds
[2026-09-15T18:10:20.940+0000] {processor.py:186} INFO - Started process (PID=406) to work on /opt/airflow/dags/waseet_daily.py
[2026-09-15T18:10:20.941+0000] {processor.py:914} INFO - Processing file /opt/airflow/dags/waseet_daily.py for tasks to queue
[2026-09-15T18:10:20.943+0000] {logging_mixin.py:190} INFO - [2026-09-15T18:10:20.943+0000] {dagbag.py:588} INFO - Filling up the DagBag from /opt/airflow/dags/waseet_daily.py
[2026-09-15T18:10:20.961+0000] {processor.py:925} INFO - DAG(s) 'waseet_daily' retrieved from /opt/airflow/dags/waseet_daily.py
[2026-09-15T18:10:20.979+0000] {logging_mixin.py:190} INFO - [2026-09-15T18:10:20.979+0000] {dag.py:3239} INFO - Sync 1 DAGs
[2026-09-15T18:10:20.996+0000] {logging_mixin.py:190} INFO - [2026-09-15T18:10:20.995+0000] {dag.py:4180} INFO - Setting next_dagrun for waseet_daily to 2026-09-14 00:00:00+00:00, run_after=2026-09-15 00:00:00+00:00
[2026-09-15T18:10:21.026+0000] {processor.py:208} INFO - Processing /opt/airflow/dags/waseet_daily.py took 0.090 seconds
[2026-09-15T18:10:51.356+0000] {processor.py:186} INFO - Started process (PID=411) to work on /opt/airflow/dags/waseet_daily.py
[2026-09-15T18:10:51.357+0000] {processor.py:914} INFO - Processing file /opt/airflow/dags/waseet_daily.py for tasks to queue
[2026-09-15T18:10:51.360+0000] {logging_mixin.py:190} INFO - [2026-09-15T18:10:51.359+0000] {dagbag.py:588} INFO - Filling up the DagBag from /opt/airflow/dags/waseet_daily.py
[2026-09-15T18:10:51.376+0000] {processor.py:925} INFO - DAG(s) 'waseet_daily' retrieved from /opt/airflow/dags/waseet_daily.py
[2026-09-15T18:10:51.394+0000] {logging_mixin.py:190} INFO - [2026-09-15T18:10:51.394+0000] {dag.py:3239} INFO - Sync 1 DAGs
[2026-09-15T18:10:51.410+0000] {logging_mixin.py:190} INFO - [2026-09-15T18:10:51.410+0000] {dag.py:4180} INFO - Setting next_dagrun for waseet_daily to 2026-09-14 00:00:00+00:00, run_after=2026-09-15 00:00:00+00:00
[2026-09-15T18:10:51.440+0000] {processor.py:208} INFO - Processing /opt/airflow/dags/waseet_daily.py took 0.088 seconds
[2026-09-15T18:11:21.746+0000] {processor.py:186} INFO - Started process (PID=416) to work on /opt/airflow/dags/waseet_daily.py
[2026-09-15T18:11:21.747+0000] {processor.py:914} INFO - Processing file /opt/airflow/dags/waseet_daily.py for tasks to queue
[2026-09-15T18:11:21.749+0000] {logging_mixin.py:190} INFO - [2026-09-15T18:11:21.749+0000] {dagbag.py:588} INFO - Filling up the DagBag from /opt/airflow/dags/waseet_daily.py
[2026-09-15T18:11:21.765+0000] {processor.py:925} INFO - DAG(s) 'waseet_daily' retrieved from /opt/airflow/dags/waseet_daily.py
[2026-09-15T18:11:21.784+0000] {logging_mixin.py:190} INFO - [2026-09-15T18:11:21.784+0000] {dag.py:3239} INFO - Sync 1 DAGs
[2026-09-15T18:11:21.804+0000] {logging_mixin.py:190} INFO - [2026-09-15T18:11:21.804+0000] {dag.py:4180} INFO - Setting next_dagrun for waseet_daily to 2026-09-14 00:00:00+00:00, run_after=2026-09-15 00:00:00+00:00
[2026-09-15T18:11:21.822+0000] {processor.py:208} INFO - Processing /opt/airflow/dags/waseet_daily.py took 0.081 seconds
[2026-09-15T18:11:52.140+0000] {processor.py:186} INFO - Started process (PID=421) to work on /opt/airflow/dags/waseet_daily.py
[2026-09-15T18:11:52.141+0000] {processor.py:914} INFO - Processing file /opt/airflow/dags/waseet_daily.py for tasks to queue
[2026-09-15T18:11:52.144+0000] {logging_mixin.py:190} INFO - [2026-09-15T18:11:52.144+0000] {dagbag.py:588} INFO - Filling up the DagBag from /opt/airflow/dags/waseet_daily.py
[2026-09-15T18:11:52.169+0000] {processor.py:925} INFO - DAG(s) 'waseet_daily' retrieved from /opt/airflow/dags/waseet_daily.py
[2026-09-15T18:11:52.192+0000] {logging_mixin.py:190} INFO - [2026-09-15T18:11:52.192+0000] {dag.py:3239} INFO - Sync 1 DAGs
[2026-09-15T18:11:52.212+0000] {logging_mixin.py:190} INFO - [2026-09-15T18:11:52.212+0000] {dag.py:4180} INFO - Setting next_dagrun for waseet_daily to 2026-09-14 00:00:00+00:00, run_after=2026-09-15 00:00:00+00:00
[2026-09-15T18:11:52.247+0000] {processor.py:208} INFO - Processing /opt/airflow/dags/waseet_daily.py took 0.111 seconds
[2026-09-15T18:12:22.508+0000] {processor.py:186} INFO - Started process (PID=426) to work on /opt/airflow/dags/waseet_daily.py
[2026-09-15T18:12:22.509+0000] {processor.py:914} INFO - Processing file /opt/airflow/dags/waseet_daily.py for tasks to queue
[2026-09-15T18:12:22.512+0000] {logging_mixin.py:190} INFO - [2026-09-15T18:12:22.511+0000] {dagbag.py:588} INFO - Filling up the DagBag from /opt/airflow/dags/waseet_daily.py
[2026-09-15T18:12:22.532+0000] {processor.py:925} INFO - DAG(s) 'waseet_daily' retrieved from /opt/airflow/dags/waseet_daily.py
[2026-09-15T18:12:22.553+0000] {logging_mixin.py:190} INFO - [2026-09-15T18:12:22.553+0000] {dag.py:3239} INFO - Sync 1 DAGs
[2026-09-15T18:12:22.571+0000] {logging_mixin.py:190} INFO - [2026-09-15T18:12:22.570+0000] {dag.py:4180} INFO - Setting next_dagrun for waseet_daily to 2026-09-14 00:00:00+00:00, run_after=2026-09-15 00:00:00+00:00
[2026-09-15T18:12:22.589+0000] {processor.py:208} INFO - Processing /opt/airflow/dags/waseet_daily.py took 0.086 seconds
[2026-09-15T18:12:52.898+0000] {processor.py:186} INFO - Started process (PID=431) to work on /opt/airflow/dags/waseet_daily.py
[2026-09-15T18:12:52.900+0000] {processor.py:914} INFO - Processing file /opt/airflow/dags/waseet_daily.py for tasks to queue
[2026-09-15T18:12:52.903+0000] {logging_mixin.py:190} INFO - [2026-09-15T18:12:52.903+0000] {dagbag.py:588} INFO - Filling up the DagBag from /opt/airflow/dags/waseet_daily.py
[2026-09-15T18:12:52.920+0000] {processor.py:925} INFO - DAG(s) 'waseet_daily' retrieved from /opt/airflow/dags/waseet_daily.py
[2026-09-15T18:12:52.941+0000] {logging_mixin.py:190} INFO - [2026-09-15T18:12:52.941+0000] {dag.py:3239} INFO - Sync 1 DAGs
[2026-09-15T18:12:52.960+0000] {logging_mixin.py:190} INFO - [2026-09-15T18:12:52.960+0000] {dag.py:4180} INFO - Setting next_dagrun for waseet_daily to 2026-09-14 00:00:00+00:00, run_after=2026-09-15 00:00:00+00:00
[2026-09-15T18:12:52.978+0000] {processor.py:208} INFO - Processing /opt/airflow/dags/waseet_daily.py took 0.085 seconds
[2026-09-15T18:13:23.289+0000] {processor.py:186} INFO - Started process (PID=436) to work on /opt/airflow/dags/waseet_daily.py
[2026-09-15T18:13:23.290+0000] {processor.py:914} INFO - Processing file /opt/airflow/dags/waseet_daily.py for tasks to queue
[2026-09-15T18:13:23.293+0000] {logging_mixin.py:190} INFO - [2026-09-15T18:13:23.292+0000] {dagbag.py:588} INFO - Filling up the DagBag from /opt/airflow/dags/waseet_daily.py
[2026-09-15T18:13:23.310+0000] {processor.py:925} INFO - DAG(s) 'waseet_daily' retrieved from /opt/airflow/dags/waseet_daily.py
[2026-09-15T18:13:23.329+0000] {logging_mixin.py:190} INFO - [2026-09-15T18:13:23.329+0000] {dag.py:3239} INFO - Sync 1 DAGs
[2026-09-15T18:13:23.348+0000] {logging_mixin.py:190} INFO - [2026-09-15T18:13:23.348+0000] {dag.py:4180} INFO - Setting next_dagrun for waseet_daily to 2026-09-14 00:00:00+00:00, run_after=2026-09-15 00:00:00+00:00
[2026-09-15T18:13:23.380+0000] {processor.py:208} INFO - Processing /opt/airflow/dags/waseet_daily.py took 0.095 seconds
[2026-09-15T18:13:53.687+0000] {processor.py:186} INFO - Started process (PID=441) to work on /opt/airflow/dags/waseet_daily.py
[2026-09-15T18:13:53.688+0000] {processor.py:914} INFO - Processing file /opt/airflow/dags/waseet_daily.py for tasks to queue
[2026-09-15T18:13:53.691+0000] {logging_mixin.py:190} INFO - [2026-09-15T18:13:53.690+0000] {dagbag.py:588} INFO - Filling up the DagBag from /opt/airflow/dags/waseet_daily.py
[2026-09-15T18:13:53.710+0000] {processor.py:925} INFO - DAG(s) 'waseet_daily' retrieved from /opt/airflow/dags/waseet_daily.py
[2026-09-15T18:13:53.733+0000] {logging_mixin.py:190} INFO - [2026-09-15T18:13:53.733+0000] {dag.py:3239} INFO - Sync 1 DAGs
[2026-09-15T18:13:53.753+0000] {logging_mixin.py:190} INFO - [2026-09-15T18:13:53.752+0000] {dag.py:4180} INFO - Setting next_dagrun for waseet_daily to 2026-09-14 00:00:00+00:00, run_after=2026-09-15 00:00:00+00:00
[2026-09-15T18:13:53.787+0000] {processor.py:208} INFO - Processing /opt/airflow/dags/waseet_daily.py took 0.105 seconds
[2026-09-15T18:14:24.069+0000] {processor.py:186} INFO - Started process (PID=446) to work on /opt/airflow/dags/waseet_daily.py
[2026-09-15T18:14:24.070+0000] {processor.py:914} INFO - Processing file /opt/airflow/dags/waseet_daily.py for tasks to queue
[2026-09-15T18:14:24.072+0000] {logging_mixin.py:190} INFO - [2026-09-15T18:14:24.072+0000] {dagbag.py:588} INFO - Filling up the DagBag from /opt/airflow/dags/waseet_daily.py
[2026-09-15T18:14:24.087+0000] {processor.py:925} INFO - DAG(s) 'waseet_daily' retrieved from /opt/airflow/dags/waseet_daily.py
[2026-09-15T18:14:24.106+0000] {logging_mixin.py:190} INFO - [2026-09-15T18:14:24.106+0000] {dag.py:3239} INFO - Sync 1 DAGs
[2026-09-15T18:14:24.122+0000] {logging_mixin.py:190} INFO - [2026-09-15T18:14:24.122+0000] {dag.py:4180} INFO - Setting next_dagrun for waseet_daily to 2026-09-14 00:00:00+00:00, run_after=2026-09-15 00:00:00+00:00
[2026-09-15T18:14:24.139+0000] {processor.py:208} INFO - Processing /opt/airflow/dags/waseet_daily.py took 0.073 seconds
[2026-09-15T18:14:54.483+0000] {processor.py:186} INFO - Started process (PID=451) to work on /opt/airflow/dags/waseet_daily.py
[2026-09-15T18:14:54.484+0000] {processor.py:914} INFO - Processing file /opt/airflow/dags/waseet_daily.py for tasks to queue
[2026-09-15T18:14:54.486+0000] {logging_mixin.py:190} INFO - [2026-09-15T18:14:54.486+0000] {dagbag.py:588} INFO - Filling up the DagBag from /opt/airflow/dags/waseet_daily.py
[2026-09-15T18:14:54.505+0000] {processor.py:925} INFO - DAG(s) 'waseet_daily' retrieved from /opt/airflow/dags/waseet_daily.py
[2026-09-15T18:14:54.524+0000] {logging_mixin.py:190} INFO - [2026-09-15T18:14:54.524+0000] {dag.py:3239} INFO - Sync 1 DAGs
[2026-09-15T18:14:54.541+0000] {logging_mixin.py:190} INFO - [2026-09-15T18:14:54.540+0000] {dag.py:4180} INFO - Setting next_dagrun for waseet_daily to 2026-09-14 00:00:00+00:00, run_after=2026-09-15 00:00:00+00:00
[2026-09-15T18:14:54.557+0000] {processor.py:208} INFO - Processing /opt/airflow/dags/waseet_daily.py took 0.078 seconds
[2026-09-15T18:15:24.910+0000] {processor.py:186} INFO - Started process (PID=456) to work on /opt/airflow/dags/waseet_daily.py
[2026-09-15T18:15:24.911+0000] {processor.py:914} INFO - Processing file /opt/airflow/dags/waseet_daily.py for tasks to queue
[2026-09-15T18:15:24.913+0000] {logging_mixin.py:190} INFO - [2026-09-15T18:15:24.913+0000] {dagbag.py:588} INFO - Filling up the DagBag from /opt/airflow/dags/waseet_daily.py
[2026-09-15T18:15:24.932+0000] {processor.py:925} INFO - DAG(s) 'waseet_daily' retrieved from /opt/airflow/dags/waseet_daily.py
[2026-09-15T18:15:24.951+0000] {logging_mixin.py:190} INFO - [2026-09-15T18:15:24.951+0000] {dag.py:3239} INFO - Sync 1 DAGs
[2026-09-15T18:15:24.971+0000] {logging_mixin.py:190} INFO - [2026-09-15T18:15:24.971+0000] {dag.py:4180} INFO - Setting next_dagrun for waseet_daily to 2026-09-14 00:00:00+00:00, run_after=2026-09-15 00:00:00+00:00
[2026-09-15T18:15:25.002+0000] {processor.py:208} INFO - Processing /opt/airflow/dags/waseet_daily.py took 0.096 seconds
[2026-09-15T18:15:55.292+0000] {processor.py:186} INFO - Started process (PID=461) to work on /opt/airflow/dags/waseet_daily.py
[2026-09-15T18:15:55.293+0000] {processor.py:914} INFO - Processing file /opt/airflow/dags/waseet_daily.py for tasks to queue
[2026-09-15T18:15:55.295+0000] {logging_mixin.py:190} INFO - [2026-09-15T18:15:55.295+0000] {dagbag.py:588} INFO - Filling up the DagBag from /opt/airflow/dags/waseet_daily.py
[2026-09-15T18:15:55.311+0000] {processor.py:925} INFO - DAG(s) 'waseet_daily' retrieved from /opt/airflow/dags/waseet_daily.py
[2026-09-15T18:15:55.333+0000] {logging_mixin.py:190} INFO - [2026-09-15T18:15:55.333+0000] {dag.py:3239} INFO - Sync 1 DAGs
[2026-09-15T18:15:55.353+0000] {logging_mixin.py:190} INFO - [2026-09-15T18:15:55.353+0000] {dag.py:4180} INFO - Setting next_dagrun for waseet_daily to 2026-09-14 00:00:00+00:00, run_after=2026-09-15 00:00:00+00:00
[2026-09-15T18:15:55.370+0000] {processor.py:208} INFO - Processing /opt/airflow/dags/waseet_daily.py took 0.083 seconds
[2026-09-15T18:16:25.695+0000] {processor.py:186} INFO - Started process (PID=466) to work on /opt/airflow/dags/waseet_daily.py
[2026-09-15T18:16:25.696+0000] {processor.py:914} INFO - Processing file /opt/airflow/dags/waseet_daily.py for tasks to queue
[2026-09-15T18:16:25.698+0000] {logging_mixin.py:190} INFO - [2026-09-15T18:16:25.698+0000] {dagbag.py:588} INFO - Filling up the DagBag from /opt/airflow/dags/waseet_daily.py
[2026-09-15T18:16:25.711+0000] {processor.py:925} INFO - DAG(s) 'waseet_daily' retrieved from /opt/airflow/dags/waseet_daily.py
[2026-09-15T18:16:25.729+0000] {logging_mixin.py:190} INFO - [2026-09-15T18:16:25.729+0000] {dag.py:3239} INFO - Sync 1 DAGs
[2026-09-15T18:16:25.745+0000] {logging_mixin.py:190} INFO - [2026-09-15T18:16:25.745+0000] {dag.py:4180} INFO - Setting next_dagrun for waseet_daily to 2026-09-14 00:00:00+00:00, run_after=2026-09-15 00:00:00+00:00
[2026-09-15T18:16:25.776+0000] {processor.py:208} INFO - Processing /opt/airflow/dags/waseet_daily.py took 0.085 seconds
[2026-09-15T18:16:56.135+0000] {processor.py:186} INFO - Started process (PID=471) to work on /opt/airflow/dags/waseet_daily.py
[2026-09-15T18:16:56.136+0000] {processor.py:914} INFO - Processing file /opt/airflow/dags/waseet_daily.py for tasks to queue
[2026-09-15T18:16:56.138+0000] {logging_mixin.py:190} INFO - [2026-09-15T18:16:56.138+0000] {dagbag.py:588} INFO - Filling up the DagBag from /opt/airflow/dags/waseet_daily.py
[2026-09-15T18:16:56.153+0000] {processor.py:925} INFO - DAG(s) 'waseet_daily' retrieved from /opt/airflow/dags/waseet_daily.py
[2026-09-15T18:16:56.173+0000] {logging_mixin.py:190} INFO - [2026-09-15T18:16:56.173+0000] {dag.py:3239} INFO - Sync 1 DAGs
[2026-09-15T18:16:56.194+0000] {logging_mixin.py:190} INFO - [2026-09-15T18:16:56.193+0000] {dag.py:4180} INFO - Setting next_dagrun for waseet_daily to 2026-09-14 00:00:00+00:00, run_after=2026-09-15 00:00:00+00:00
[2026-09-15T18:16:56.213+0000] {processor.py:208} INFO - Processing /opt/airflow/dags/waseet_daily.py took 0.082 seconds
[2026-09-15T18:17:26.500+0000] {processor.py:186} INFO - Started process (PID=476) to work on /opt/airflow/dags/waseet_daily.py
[2026-09-15T18:17:26.501+0000] {processor.py:914} INFO - Processing file /opt/airflow/dags/waseet_daily.py for tasks to queue
[2026-09-15T18:17:26.503+0000] {logging_mixin.py:190} INFO - [2026-09-15T18:17:26.503+0000] {dagbag.py:588} INFO - Filling up the DagBag from /opt/airflow/dags/waseet_daily.py
[2026-09-15T18:17:26.524+0000] {processor.py:925} INFO - DAG(s) 'waseet_daily' retrieved from /opt/airflow/dags/waseet_daily.py
[2026-09-15T18:17:26.545+0000] {logging_mixin.py:190} INFO - [2026-09-15T18:17:26.545+0000] {dag.py:3239} INFO - Sync 1 DAGs
[2026-09-15T18:17:26.563+0000] {logging_mixin.py:190} INFO - [2026-09-15T18:17:26.563+0000] {dag.py:4180} INFO - Setting next_dagrun for waseet_daily to 2026-09-14 00:00:00+00:00, run_after=2026-09-15 00:00:00+00:00
[2026-09-15T18:17:26.583+0000] {processor.py:208} INFO - Processing /opt/airflow/dags/waseet_daily.py took 0.086 seconds
[2026-09-15T18:17:56.952+0000] {processor.py:186} INFO - Started process (PID=481) to work on /opt/airflow/dags/waseet_daily.py
[2026-09-15T18:17:56.953+0000] {processor.py:914} INFO - Processing file /opt/airflow/dags/waseet_daily.py for tasks to queue
[2026-09-15T18:17:56.956+0000] {logging_mixin.py:190} INFO - [2026-09-15T18:17:56.955+0000] {dagbag.py:588} INFO - Filling up the DagBag from /opt/airflow/dags/waseet_daily.py
[2026-09-15T18:17:56.971+0000] {processor.py:925} INFO - DAG(s) 'waseet_daily' retrieved from /opt/airflow/dags/waseet_daily.py
[2026-09-15T18:17:56.992+0000] {logging_mixin.py:190} INFO - [2026-09-15T18:17:56.992+0000] {dag.py:3239} INFO - Sync 1 DAGs
[2026-09-15T18:17:57.011+0000] {logging_mixin.py:190} INFO - [2026-09-15T18:17:57.010+0000] {dag.py:4180} INFO - Setting next_dagrun for waseet_daily to 2026-09-14 00:00:00+00:00, run_after=2026-09-15 00:00:00+00:00
[2026-09-15T18:17:57.041+0000] {processor.py:208} INFO - Processing /opt/airflow/dags/waseet_daily.py took 0.093 seconds
[2026-09-15T18:18:27.303+0000] {processor.py:186} INFO - Started process (PID=486) to work on /opt/airflow/dags/waseet_daily.py
[2026-09-15T18:18:27.304+0000] {processor.py:914} INFO - Processing file /opt/airflow/dags/waseet_daily.py for tasks to queue
[2026-09-15T18:18:27.306+0000] {logging_mixin.py:190} INFO - [2026-09-15T18:18:27.306+0000] {dagbag.py:588} INFO - Filling up the DagBag from /opt/airflow/dags/waseet_daily.py
[2026-09-15T18:18:27.331+0000] {processor.py:925} INFO - DAG(s) 'waseet_daily' retrieved from /opt/airflow/dags/waseet_daily.py
[2026-09-15T18:18:27.351+0000] {logging_mixin.py:190} INFO - [2026-09-15T18:18:27.350+0000] {dag.py:3239} INFO - Sync 1 DAGs
[2026-09-15T18:18:27.370+0000] {logging_mixin.py:190} INFO - [2026-09-15T18:18:27.370+0000] {dag.py:4180} INFO - Setting next_dagrun for waseet_daily to 2026-09-14 00:00:00+00:00, run_after=2026-09-15 00:00:00+00:00
[2026-09-15T18:18:27.389+0000] {processor.py:208} INFO - Processing /opt/airflow/dags/waseet_daily.py took 0.090 seconds
[2026-09-15T18:18:57.705+0000] {processor.py:186} INFO - Started process (PID=491) to work on /opt/airflow/dags/waseet_daily.py
[2026-09-15T18:18:57.706+0000] {processor.py:914} INFO - Processing file /opt/airflow/dags/waseet_daily.py for tasks to queue
[2026-09-15T18:18:57.708+0000] {logging_mixin.py:190} INFO - [2026-09-15T18:18:57.708+0000] {dagbag.py:588} INFO - Filling up the DagBag from /opt/airflow/dags/waseet_daily.py
[2026-09-15T18:18:57.724+0000] {processor.py:925} INFO - DAG(s) 'waseet_daily' retrieved from /opt/airflow/dags/waseet_daily.py
[2026-09-15T18:18:57.743+0000] {logging_mixin.py:190} INFO - [2026-09-15T18:18:57.743+0000] {dag.py:3239} INFO - Sync 1 DAGs
[2026-09-15T18:18:57.760+0000] {logging_mixin.py:190} INFO - [2026-09-15T18:18:57.760+0000] {dag.py:4180} INFO - Setting next_dagrun for waseet_daily to 2026-09-14 00:00:00+00:00, run_after=2026-09-15 00:00:00+00:00
[2026-09-15T18:18:57.794+0000] {processor.py:208} INFO - Processing /opt/airflow/dags/waseet_daily.py took 0.092 seconds
[2026-09-15T18:19:28.099+0000] {processor.py:186} INFO - Started process (PID=496) to work on /opt/airflow/dags/waseet_daily.py
[2026-09-15T18:19:28.100+0000] {processor.py:914} INFO - Processing file /opt/airflow/dags/waseet_daily.py for tasks to queue
[2026-09-15T18:19:28.102+0000] {logging_mixin.py:190} INFO - [2026-09-15T18:19:28.102+0000] {dagbag.py:588} INFO - Filling up the DagBag from /opt/airflow/dags/waseet_daily.py
[2026-09-15T18:19:28.118+0000] {processor.py:925} INFO - DAG(s) 'waseet_daily' retrieved from /opt/airflow/dags/waseet_daily.py
[2026-09-15T18:19:28.138+0000] {logging_mixin.py:190} INFO - [2026-09-15T18:19:28.137+0000] {dag.py:3239} INFO - Sync 1 DAGs
[2026-09-15T18:19:28.169+0000] {logging_mixin.py:190} INFO - [2026-09-15T18:19:28.169+0000] {dag.py:4180} INFO - Setting next_dagrun for waseet_daily to 2026-09-14 00:00:00+00:00, run_after=2026-09-15 00:00:00+00:00
[2026-09-15T18:19:28.185+0000] {processor.py:208} INFO - Processing /opt/airflow/dags/waseet_daily.py took 0.091 seconds
[2026-09-15T18:19:58.454+0000] {processor.py:186} INFO - Started process (PID=501) to work on /opt/airflow/dags/waseet_daily.py
[2026-09-15T18:19:58.455+0000] {processor.py:914} INFO - Processing file /opt/airflow/dags/waseet_daily.py for tasks to queue
[2026-09-15T18:19:58.457+0000] {logging_mixin.py:190} INFO - [2026-09-15T18:19:58.457+0000] {dagbag.py:588} INFO - Filling up the DagBag from /opt/airflow/dags/waseet_daily.py
[2026-09-15T18:19:58.473+0000] {processor.py:925} INFO - DAG(s) 'waseet_daily' retrieved from /opt/airflow/dags/waseet_daily.py
[2026-09-15T18:19:58.491+0000] {logging_mixin.py:190} INFO - [2026-09-15T18:19:58.491+0000] {dag.py:3239} INFO - Sync 1 DAGs
[2026-09-15T18:19:58.507+0000] {logging_mixin.py:190} INFO - [2026-09-15T18:19:58.507+0000] {dag.py:4180} INFO - Setting next_dagrun for waseet_daily to 2026-09-14 00:00:00+00:00, run_after=2026-09-15 00:00:00+00:00
[2026-09-15T18:19:58.534+0000] {processor.py:208} INFO - Processing /opt/airflow/dags/waseet_daily.py took 0.085 seconds
[2026-09-15T18:20:28.883+0000] {processor.py:186} INFO - Started process (PID=506) to work on /opt/airflow/dags/waseet_daily.py
[2026-09-15T18:20:28.884+0000] {processor.py:914} INFO - Processing file /opt/airflow/dags/waseet_daily.py for tasks to queue
[2026-09-15T18:20:28.886+0000] {logging_mixin.py:190} INFO - [2026-09-15T18:20:28.886+0000] {dagbag.py:588} INFO - Filling up the DagBag from /opt/airflow/dags/waseet_daily.py
[2026-09-15T18:20:28.911+0000] {processor.py:925} INFO - DAG(s) 'waseet_daily' retrieved from /opt/airflow/dags/waseet_daily.py
[2026-09-15T18:20:28.931+0000] {logging_mixin.py:190} INFO - [2026-09-15T18:20:28.931+0000] {dag.py:3239} INFO - Sync 1 DAGs
[2026-09-15T18:20:28.948+0000] {logging_mixin.py:190} INFO - [2026-09-15T18:20:28.948+0000] {dag.py:4180} INFO - Setting next_dagrun for waseet_daily to 2026-09-14 00:00:00+00:00, run_after=2026-09-15 00:00:00+00:00
[2026-09-15T18:20:28.970+0000] {processor.py:208} INFO - Processing /opt/airflow/dags/waseet_daily.py took 0.090 seconds
[2026-09-15T18:20:59.301+0000] {processor.py:186} INFO - Started process (PID=511) to work on /opt/airflow/dags/waseet_daily.py
[2026-09-15T18:20:59.302+0000] {processor.py:914} INFO - Processing file /opt/airflow/dags/waseet_daily.py for tasks to queue
[2026-09-15T18:20:59.304+0000] {logging_mixin.py:190} INFO - [2026-09-15T18:20:59.304+0000] {dagbag.py:588} INFO - Filling up the DagBag from /opt/airflow/dags/waseet_daily.py
[2026-09-15T18:20:59.320+0000] {processor.py:925} INFO - DAG(s) 'waseet_daily' retrieved from /opt/airflow/dags/waseet_daily.py
[2026-09-15T18:20:59.340+0000] {logging_mixin.py:190} INFO - [2026-09-15T18:20:59.340+0000] {dag.py:3239} INFO - Sync 1 DAGs
[2026-09-15T18:20:59.357+0000] {logging_mixin.py:190} INFO - [2026-09-15T18:20:59.357+0000] {dag.py:4180} INFO - Setting next_dagrun for waseet_daily to 2026-09-14 00:00:00+00:00, run_after=2026-09-15 00:00:00+00:00
[2026-09-15T18:20:59.376+0000] {processor.py:208} INFO - Processing /opt/airflow/dags/waseet_daily.py took 0.079 seconds
[2026-09-15T18:21:29.701+0000] {processor.py:186} INFO - Started process (PID=516) to work on /opt/airflow/dags/waseet_daily.py
[2026-09-15T18:21:29.702+0000] {processor.py:914} INFO - Processing file /opt/airflow/dags/waseet_daily.py for tasks to queue
[2026-09-15T18:21:29.703+0000] {logging_mixin.py:190} INFO - [2026-09-15T18:21:29.703+0000] {dagbag.py:588} INFO - Filling up the DagBag from /opt/airflow/dags/waseet_daily.py
[2026-09-15T18:21:29.719+0000] {processor.py:925} INFO - DAG(s) 'waseet_daily' retrieved from /opt/airflow/dags/waseet_daily.py
[2026-09-15T18:21:29.737+0000] {logging_mixin.py:190} INFO - [2026-09-15T18:21:29.737+0000] {dag.py:3239} INFO - Sync 1 DAGs
[2026-09-15T18:21:29.755+0000] {logging_mixin.py:190} INFO - [2026-09-15T18:21:29.755+0000] {dag.py:4180} INFO - Setting next_dagrun for waseet_daily to 2026-09-14 00:00:00+00:00, run_after=2026-09-15 00:00:00+00:00
[2026-09-15T18:21:29.783+0000] {processor.py:208} INFO - Processing /opt/airflow/dags/waseet_daily.py took 0.087 seconds
[2026-09-15T18:22:00.124+0000] {processor.py:186} INFO - Started process (PID=521) to work on /opt/airflow/dags/waseet_daily.py
[2026-09-15T18:22:00.125+0000] {processor.py:914} INFO - Processing file /opt/airflow/dags/waseet_daily.py for tasks to queue
[2026-09-15T18:22:00.128+0000] {logging_mixin.py:190} INFO - [2026-09-15T18:22:00.127+0000] {dagbag.py:588} INFO - Filling up the DagBag from /opt/airflow/dags/waseet_daily.py
[2026-09-15T18:22:00.144+0000] {processor.py:925} INFO - DAG(s) 'waseet_daily' retrieved from /opt/airflow/dags/waseet_daily.py
[2026-09-15T18:22:00.162+0000] {logging_mixin.py:190} INFO - [2026-09-15T18:22:00.161+0000] {dag.py:3239} INFO - Sync 1 DAGs
[2026-09-15T18:22:00.178+0000] {logging_mixin.py:190} INFO - [2026-09-15T18:22:00.178+0000] {dag.py:4180} INFO - Setting next_dagrun for waseet_daily to 2026-09-14 00:00:00+00:00, run_after=2026-09-15 00:00:00+00:00
[2026-09-15T18:22:00.194+0000] {processor.py:208} INFO - Processing /opt/airflow/dags/waseet_daily.py took 0.075 seconds
[2026-09-15T18:22:30.527+0000] {processor.py:186} INFO - Started process (PID=526) to work on /opt/airflow/dags/waseet_daily.py
[2026-09-15T18:22:30.528+0000] {processor.py:914} INFO - Processing file /opt/airflow/dags/waseet_daily.py for tasks to queue
[2026-09-15T18:22:30.531+0000] {logging_mixin.py:190} INFO - [2026-09-15T18:22:30.531+0000] {dagbag.py:588} INFO - Filling up the DagBag from /opt/airflow/dags/waseet_daily.py
[2026-09-15T18:22:30.547+0000] {processor.py:925} INFO - DAG(s) 'waseet_daily' retrieved from /opt/airflow/dags/waseet_daily.py
[2026-09-15T18:22:30.567+0000] {logging_mixin.py:190} INFO - [2026-09-15T18:22:30.567+0000] {dag.py:3239} INFO - Sync 1 DAGs
[2026-09-15T18:22:30.587+0000] {logging_mixin.py:190} INFO - [2026-09-15T18:22:30.587+0000] {dag.py:4180} INFO - Setting next_dagrun for waseet_daily to 2026-09-14 00:00:00+00:00, run_after=2026-09-15 00:00:00+00:00
[2026-09-15T18:22:30.618+0000] {processor.py:208} INFO - Processing /opt/airflow/dags/waseet_daily.py took 0.095 seconds
[2026-09-15T18:23:00.963+0000] {processor.py:186} INFO - Started process (PID=531) to work on /opt/airflow/dags/waseet_daily.py
[2026-09-15T18:23:00.965+0000] {processor.py:914} INFO - Processing file /opt/airflow/dags/waseet_daily.py for tasks to queue
[2026-09-15T18:23:00.967+0000] {logging_mixin.py:190} INFO - [2026-09-15T18:23:00.966+0000] {dagbag.py:588} INFO - Filling up the DagBag from /opt/airflow/dags/waseet_daily.py
[2026-09-15T18:23:00.988+0000] {processor.py:925} INFO - DAG(s) 'waseet_daily' retrieved from /opt/airflow/dags/waseet_daily.py
[2026-09-15T18:23:01.007+0000] {logging_mixin.py:190} INFO - [2026-09-15T18:23:01.007+0000] {dag.py:3239} INFO - Sync 1 DAGs
[2026-09-15T18:23:01.026+0000] {logging_mixin.py:190} INFO - [2026-09-15T18:23:01.025+0000] {dag.py:4180} INFO - Setting next_dagrun for waseet_daily to 2026-09-14 00:00:00+00:00, run_after=2026-09-15 00:00:00+00:00
[2026-09-15T18:23:01.043+0000] {processor.py:208} INFO - Processing /opt/airflow/dags/waseet_daily.py took 0.083 seconds
[2026-09-15T18:23:31.354+0000] {processor.py:186} INFO - Started process (PID=536) to work on /opt/airflow/dags/waseet_daily.py
[2026-09-15T18:23:31.356+0000] {processor.py:914} INFO - Processing file /opt/airflow/dags/waseet_daily.py for tasks to queue
[2026-09-15T18:23:31.358+0000] {logging_mixin.py:190} INFO - [2026-09-15T18:23:31.358+0000] {dagbag.py:588} INFO - Filling up the DagBag from /opt/airflow/dags/waseet_daily.py
[2026-09-15T18:23:31.383+0000] {processor.py:925} INFO - DAG(s) 'waseet_daily' retrieved from /opt/airflow/dags/waseet_daily.py
[2026-09-15T18:23:31.401+0000] {logging_mixin.py:190} INFO - [2026-09-15T18:23:31.401+0000] {dag.py:3239} INFO - Sync 1 DAGs
[2026-09-15T18:23:31.418+0000] {logging_mixin.py:190} INFO - [2026-09-15T18:23:31.418+0000] {dag.py:4180} INFO - Setting next_dagrun for waseet_daily to 2026-09-14 00:00:00+00:00, run_after=2026-09-15 00:00:00+00:00
[2026-09-15T18:23:31.451+0000] {processor.py:208} INFO - Processing /opt/airflow/dags/waseet_daily.py took 0.101 seconds
[2026-09-15T18:24:01.752+0000] {processor.py:186} INFO - Started process (PID=541) to work on /opt/airflow/dags/waseet_daily.py
[2026-09-15T18:24:01.753+0000] {processor.py:914} INFO - Processing file /opt/airflow/dags/waseet_daily.py for tasks to queue
[2026-09-15T18:24:01.755+0000] {logging_mixin.py:190} INFO - [2026-09-15T18:24:01.755+0000] {dagbag.py:588} INFO - Filling up the DagBag from /opt/airflow/dags/waseet_daily.py
[2026-09-15T18:24:01.776+0000] {processor.py:925} INFO - DAG(s) 'waseet_daily' retrieved from /opt/airflow/dags/waseet_daily.py
[2026-09-15T18:24:01.797+0000] {logging_mixin.py:190} INFO - [2026-09-15T18:24:01.797+0000] {dag.py:3239} INFO - Sync 1 DAGs
[2026-09-15T18:24:01.816+0000] {logging_mixin.py:190} INFO - [2026-09-15T18:24:01.816+0000] {dag.py:4180} INFO - Setting next_dagrun for waseet_daily to 2026-09-14 00:00:00+00:00, run_after=2026-09-15 00:00:00+00:00
[2026-09-15T18:24:01.836+0000] {processor.py:208} INFO - Processing /opt/airflow/dags/waseet_daily.py took 0.089 seconds
[2026-09-15T18:24:32.168+0000] {processor.py:186} INFO - Started process (PID=546) to work on /opt/airflow/dags/waseet_daily.py
[2026-09-15T18:24:32.169+0000] {processor.py:914} INFO - Processing file /opt/airflow/dags/waseet_daily.py for tasks to queue
[2026-09-15T18:24:32.171+0000] {logging_mixin.py:190} INFO - [2026-09-15T18:24:32.171+0000] {dagbag.py:588} INFO - Filling up the DagBag from /opt/airflow/dags/waseet_daily.py
[2026-09-15T18:24:32.186+0000] {processor.py:925} INFO - DAG(s) 'waseet_daily' retrieved from /opt/airflow/dags/waseet_daily.py
[2026-09-15T18:24:32.207+0000] {logging_mixin.py:190} INFO - [2026-09-15T18:24:32.206+0000] {dag.py:3239} INFO - Sync 1 DAGs
[2026-09-15T18:24:32.224+0000] {logging_mixin.py:190} INFO - [2026-09-15T18:24:32.224+0000] {dag.py:4180} INFO - Setting next_dagrun for waseet_daily to 2026-09-14 00:00:00+00:00, run_after=2026-09-15 00:00:00+00:00
[2026-09-15T18:24:32.243+0000] {processor.py:208} INFO - Processing /opt/airflow/dags/waseet_daily.py took 0.079 seconds
[2026-09-15T18:25:02.547+0000] {processor.py:186} INFO - Started process (PID=551) to work on /opt/airflow/dags/waseet_daily.py
[2026-09-15T18:25:02.548+0000] {processor.py:914} INFO - Processing file /opt/airflow/dags/waseet_daily.py for tasks to queue
[2026-09-15T18:25:02.550+0000] {logging_mixin.py:190} INFO - [2026-09-15T18:25:02.549+0000] {dagbag.py:588} INFO - Filling up the DagBag from /opt/airflow/dags/waseet_daily.py
[2026-09-15T18:25:02.565+0000] {processor.py:925} INFO - DAG(s) 'waseet_daily' retrieved from /opt/airflow/dags/waseet_daily.py
[2026-09-15T18:25:02.585+0000] {logging_mixin.py:190} INFO - [2026-09-15T18:25:02.585+0000] {dag.py:3239} INFO - Sync 1 DAGs
[2026-09-15T18:25:02.605+0000] {logging_mixin.py:190} INFO - [2026-09-15T18:25:02.605+0000] {dag.py:4180} INFO - Setting next_dagrun for waseet_daily to 2026-09-14 00:00:00+00:00, run_after=2026-09-15 00:00:00+00:00
[2026-09-15T18:25:02.624+0000] {processor.py:208} INFO - Processing /opt/airflow/dags/waseet_daily.py took 0.082 seconds
[2026-09-15T18:25:33.018+0000] {processor.py:186} INFO - Started process (PID=556) to work on /opt/airflow/dags/waseet_daily.py
[2026-09-15T18:25:33.019+0000] {processor.py:914} INFO - Processing file /opt/airflow/dags/waseet_daily.py for tasks to queue
[2026-09-15T18:25:33.021+0000] {logging_mixin.py:190} INFO - [2026-09-15T18:25:33.021+0000] {dagbag.py:588} INFO - Filling up the DagBag from /opt/airflow/dags/waseet_daily.py
[2026-09-15T18:25:33.038+0000] {processor.py:925} INFO - DAG(s) 'waseet_daily' retrieved from /opt/airflow/dags/waseet_daily.py
[2026-09-15T18:25:33.057+0000] {logging_mixin.py:190} INFO - [2026-09-15T18:25:33.057+0000] {dag.py:3239} INFO - Sync 1 DAGs
[2026-09-15T18:25:33.075+0000] {logging_mixin.py:190} INFO - [2026-09-15T18:25:33.074+0000] {dag.py:4180} INFO - Setting next_dagrun for waseet_daily to 2026-09-14 00:00:00+00:00, run_after=2026-09-15 00:00:00+00:00
[2026-09-15T18:25:33.107+0000] {processor.py:208} INFO - Processing /opt/airflow/dags/waseet_daily.py took 0.093 seconds
[2026-09-15T18:26:03.452+0000] {processor.py:186} INFO - Started process (PID=561) to work on /opt/airflow/dags/waseet_daily.py
[2026-09-15T18:26:03.453+0000] {processor.py:914} INFO - Processing file /opt/airflow/dags/waseet_daily.py for tasks to queue
[2026-09-15T18:26:03.456+0000] {logging_mixin.py:190} INFO - [2026-09-15T18:26:03.456+0000] {dagbag.py:588} INFO - Filling up the DagBag from /opt/airflow/dags/waseet_daily.py
[2026-09-15T18:26:03.472+0000] {processor.py:925} INFO - DAG(s) 'waseet_daily' retrieved from /opt/airflow/dags/waseet_daily.py
[2026-09-15T18:26:03.490+0000] {logging_mixin.py:190} INFO - [2026-09-15T18:26:03.490+0000] {dag.py:3239} INFO - Sync 1 DAGs
[2026-09-15T18:26:03.507+0000] {logging_mixin.py:190} INFO - [2026-09-15T18:26:03.507+0000] {dag.py:4180} INFO - Setting next_dagrun for waseet_daily to 2026-09-14 00:00:00+00:00, run_after=2026-09-15 00:00:00+00:00
[2026-09-15T18:26:03.523+0000] {processor.py:208} INFO - Processing /opt/airflow/dags/waseet_daily.py took 0.075 seconds
[2026-09-15T18:26:33.839+0000] {processor.py:186} INFO - Started process (PID=566) to work on /opt/airflow/dags/waseet_daily.py
[2026-09-15T18:26:33.841+0000] {processor.py:914} INFO - Processing file /opt/airflow/dags/waseet_daily.py for tasks to queue
[2026-09-15T18:26:33.843+0000] {logging_mixin.py:190} INFO - [2026-09-15T18:26:33.842+0000] {dagbag.py:588} INFO - Filling up the DagBag from /opt/airflow/dags/waseet_daily.py
[2026-09-15T18:26:33.859+0000] {processor.py:925} INFO - DAG(s) 'waseet_daily' retrieved from /opt/airflow/dags/waseet_daily.py
[2026-09-15T18:26:33.878+0000] {logging_mixin.py:190} INFO - [2026-09-15T18:26:33.878+0000] {dag.py:3239} INFO - Sync 1 DAGs
[2026-09-15T18:26:33.896+0000] {logging_mixin.py:190} INFO - [2026-09-15T18:26:33.896+0000] {dag.py:4180} INFO - Setting next_dagrun for waseet_daily to 2026-09-14 00:00:00+00:00, run_after=2026-09-15 00:00:00+00:00
[2026-09-15T18:26:33.926+0000] {processor.py:208} INFO - Processing /opt/airflow/dags/waseet_daily.py took 0.091 seconds
[2026-09-15T18:27:04.240+0000] {processor.py:186} INFO - Started process (PID=571) to work on /opt/airflow/dags/waseet_daily.py
[2026-09-15T18:27:04.241+0000] {processor.py:914} INFO - Processing file /opt/airflow/dags/waseet_daily.py for tasks to queue
[2026-09-15T18:27:04.243+0000] {logging_mixin.py:190} INFO - [2026-09-15T18:27:04.243+0000] {dagbag.py:588} INFO - Filling up the DagBag from /opt/airflow/dags/waseet_daily.py
[2026-09-15T18:27:04.266+0000] {processor.py:925} INFO - DAG(s) 'waseet_daily' retrieved from /opt/airflow/dags/waseet_daily.py
[2026-09-15T18:27:04.291+0000] {logging_mixin.py:190} INFO - [2026-09-15T18:27:04.291+0000] {dag.py:3239} INFO - Sync 1 DAGs
[2026-09-15T18:27:04.315+0000] {logging_mixin.py:190} INFO - [2026-09-15T18:27:04.315+0000] {dag.py:4180} INFO - Setting next_dagrun for waseet_daily to 2026-09-14 00:00:00+00:00, run_after=2026-09-15 00:00:00+00:00
[2026-09-15T18:27:04.346+0000] {processor.py:208} INFO - Processing /opt/airflow/dags/waseet_daily.py took 0.110 seconds
[2026-09-15T18:27:34.609+0000] {processor.py:186} INFO - Started process (PID=576) to work on /opt/airflow/dags/waseet_daily.py
[2026-09-15T18:27:34.610+0000] {processor.py:914} INFO - Processing file /opt/airflow/dags/waseet_daily.py for tasks to queue
[2026-09-15T18:27:34.612+0000] {logging_mixin.py:190} INFO - [2026-09-15T18:27:34.612+0000] {dagbag.py:588} INFO - Filling up the DagBag from /opt/airflow/dags/waseet_daily.py
[2026-09-15T18:27:34.627+0000] {processor.py:925} INFO - DAG(s) 'waseet_daily' retrieved from /opt/airflow/dags/waseet_daily.py
[2026-09-15T18:27:34.648+0000] {logging_mixin.py:190} INFO - [2026-09-15T18:27:34.647+0000] {dag.py:3239} INFO - Sync 1 DAGs
[2026-09-15T18:27:34.665+0000] {logging_mixin.py:190} INFO - [2026-09-15T18:27:34.665+0000] {dag.py:4180} INFO - Setting next_dagrun for waseet_daily to 2026-09-14 00:00:00+00:00, run_after=2026-09-15 00:00:00+00:00
[2026-09-15T18:27:34.696+0000] {processor.py:208} INFO - Processing /opt/airflow/dags/waseet_daily.py took 0.091 seconds
[2026-09-15T18:28:04.995+0000] {processor.py:186} INFO - Started process (PID=581) to work on /opt/airflow/dags/waseet_daily.py
[2026-09-15T18:28:04.996+0000] {processor.py:914} INFO - Processing file /opt/airflow/dags/waseet_daily.py for tasks to queue
[2026-09-15T18:28:04.998+0000] {logging_mixin.py:190} INFO - [2026-09-15T18:28:04.998+0000] {dagbag.py:588} INFO - Filling up the DagBag from /opt/airflow/dags/waseet_daily.py
[2026-09-15T18:28:05.015+0000] {processor.py:925} INFO - DAG(s) 'waseet_daily' retrieved from /opt/airflow/dags/waseet_daily.py
[2026-09-15T18:28:05.037+0000] {logging_mixin.py:190} INFO - [2026-09-15T18:28:05.036+0000] {dag.py:3239} INFO - Sync 1 DAGs
[2026-09-15T18:28:05.056+0000] {logging_mixin.py:190} INFO - [2026-09-15T18:28:05.056+0000] {dag.py:4180} INFO - Setting next_dagrun for waseet_daily to 2026-09-14 00:00:00+00:00, run_after=2026-09-15 00:00:00+00:00
[2026-09-15T18:28:05.082+0000] {processor.py:208} INFO - Processing /opt/airflow/dags/waseet_daily.py took 0.093 seconds
[2026-09-15T18:28:35.363+0000] {processor.py:186} INFO - Started process (PID=586) to work on /opt/airflow/dags/waseet_daily.py
[2026-09-15T18:28:35.364+0000] {processor.py:914} INFO - Processing file /opt/airflow/dags/waseet_daily.py for tasks to queue
[2026-09-15T18:28:35.366+0000] {logging_mixin.py:190} INFO - [2026-09-15T18:28:35.366+0000] {dagbag.py:588} INFO - Filling up the DagBag from /opt/airflow/dags/waseet_daily.py
[2026-09-15T18:28:35.383+0000] {processor.py:925} INFO - DAG(s) 'waseet_daily' retrieved from /opt/airflow/dags/waseet_daily.py
[2026-09-15T18:28:35.404+0000] {logging_mixin.py:190} INFO - [2026-09-15T18:28:35.404+0000] {dag.py:3239} INFO - Sync 1 DAGs
[2026-09-15T18:28:35.424+0000] {logging_mixin.py:190} INFO - [2026-09-15T18:28:35.424+0000] {dag.py:4180} INFO - Setting next_dagrun for waseet_daily to 2026-09-14 00:00:00+00:00, run_after=2026-09-15 00:00:00+00:00
[2026-09-15T18:28:35.441+0000] {processor.py:208} INFO - Processing /opt/airflow/dags/waseet_daily.py took 0.081 seconds
[2026-09-15T18:29:05.752+0000] {processor.py:186} INFO - Started process (PID=591) to work on /opt/airflow/dags/waseet_daily.py
[2026-09-15T18:29:05.753+0000] {processor.py:914} INFO - Processing file /opt/airflow/dags/waseet_daily.py for tasks to queue
[2026-09-15T18:29:05.755+0000] {logging_mixin.py:190} INFO - [2026-09-15T18:29:05.755+0000] {dagbag.py:588} INFO - Filling up the DagBag from /opt/airflow/dags/waseet_daily.py
[2026-09-15T18:29:05.771+0000] {processor.py:925} INFO - DAG(s) 'waseet_daily' retrieved from /opt/airflow/dags/waseet_daily.py
[2026-09-15T18:29:05.795+0000] {logging_mixin.py:190} INFO - [2026-09-15T18:29:05.795+0000] {dag.py:3239} INFO - Sync 1 DAGs
[2026-09-15T18:29:05.814+0000] {logging_mixin.py:190} INFO - [2026-09-15T18:29:05.814+0000] {dag.py:4180} INFO - Setting next_dagrun for waseet_daily to 2026-09-14 00:00:00+00:00, run_after=2026-09-15 00:00:00+00:00
[2026-09-15T18:29:05.832+0000] {processor.py:208} INFO - Processing /opt/airflow/dags/waseet_daily.py took 0.084 seconds
[2026-09-15T18:29:36.140+0000] {processor.py:186} INFO - Started process (PID=596) to work on /opt/airflow/dags/waseet_daily.py
[2026-09-15T18:29:36.141+0000] {processor.py:914} INFO - Processing file /opt/airflow/dags/waseet_daily.py for tasks to queue
[2026-09-15T18:29:36.144+0000] {logging_mixin.py:190} INFO - [2026-09-15T18:29:36.144+0000] {dagbag.py:588} INFO - Filling up the DagBag from /opt/airflow/dags/waseet_daily.py
[2026-09-15T18:29:36.163+0000] {processor.py:925} INFO - DAG(s) 'waseet_daily' retrieved from /opt/airflow/dags/waseet_daily.py
[2026-09-15T18:29:36.185+0000] {logging_mixin.py:190} INFO - [2026-09-15T18:29:36.184+0000] {dag.py:3239} INFO - Sync 1 DAGs
[2026-09-15T18:29:36.204+0000] {logging_mixin.py:190} INFO - [2026-09-15T18:29:36.203+0000] {dag.py:4180} INFO - Setting next_dagrun for waseet_daily to 2026-09-14 00:00:00+00:00, run_after=2026-09-15 00:00:00+00:00
[2026-09-15T18:29:36.220+0000] {processor.py:208} INFO - Processing /opt/airflow/dags/waseet_daily.py took 0.084 seconds
[2026-09-15T18:30:06.505+0000] {processor.py:186} INFO - Started process (PID=601) to work on /opt/airflow/dags/waseet_daily.py
[2026-09-15T18:30:06.506+0000] {processor.py:914} INFO - Processing file /opt/airflow/dags/waseet_daily.py for tasks to queue
[2026-09-15T18:30:06.509+0000] {logging_mixin.py:190} INFO - [2026-09-15T18:30:06.509+0000] {dagbag.py:588} INFO - Filling up the DagBag from /opt/airflow/dags/waseet_daily.py
[2026-09-15T18:30:06.527+0000] {processor.py:925} INFO - DAG(s) 'waseet_daily' retrieved from /opt/airflow/dags/waseet_daily.py
[2026-09-15T18:30:06.548+0000] {logging_mixin.py:190} INFO - [2026-09-15T18:30:06.548+0000] {dag.py:3239} INFO - Sync 1 DAGs
[2026-09-15T18:30:06.568+0000] {logging_mixin.py:190} INFO - [2026-09-15T18:30:06.568+0000] {dag.py:4180} INFO - Setting next_dagrun for waseet_daily to 2026-09-14 00:00:00+00:00, run_after=2026-09-15 00:00:00+00:00
[2026-09-15T18:30:06.588+0000] {processor.py:208} INFO - Processing /opt/airflow/dags/waseet_daily.py took 0.088 seconds
[2026-09-15T18:30:36.893+0000] {processor.py:186} INFO - Started process (PID=606) to work on /opt/airflow/dags/waseet_daily.py
[2026-09-15T18:30:36.894+0000] {processor.py:914} INFO - Processing file /opt/airflow/dags/waseet_daily.py for tasks to queue
[2026-09-15T18:30:36.896+0000] {logging_mixin.py:190} INFO - [2026-09-15T18:30:36.896+0000] {dagbag.py:588} INFO - Filling up the DagBag from /opt/airflow/dags/waseet_daily.py
[2026-09-15T18:30:36.912+0000] {processor.py:925} INFO - DAG(s) 'waseet_daily' retrieved from /opt/airflow/dags/waseet_daily.py
[2026-09-15T18:30:36.934+0000] {logging_mixin.py:190} INFO - [2026-09-15T18:30:36.934+0000] {dag.py:3239} INFO - Sync 1 DAGs
[2026-09-15T18:30:36.953+0000] {logging_mixin.py:190} INFO - [2026-09-15T18:30:36.953+0000] {dag.py:4180} INFO - Setting next_dagrun for waseet_daily to 2026-09-14 00:00:00+00:00, run_after=2026-09-15 00:00:00+00:00
[2026-09-15T18:30:36.969+0000] {processor.py:208} INFO - Processing /opt/airflow/dags/waseet_daily.py took 0.082 seconds
[2026-09-15T18:31:07.336+0000] {processor.py:186} INFO - Started process (PID=611) to work on /opt/airflow/dags/waseet_daily.py
[2026-09-15T18:31:07.337+0000] {processor.py:914} INFO - Processing file /opt/airflow/dags/waseet_daily.py for tasks to queue
[2026-09-15T18:31:07.339+0000] {logging_mixin.py:190} INFO - [2026-09-15T18:31:07.339+0000] {dagbag.py:588} INFO - Filling up the DagBag from /opt/airflow/dags/waseet_daily.py
[2026-09-15T18:31:07.360+0000] {processor.py:925} INFO - DAG(s) 'waseet_daily' retrieved from /opt/airflow/dags/waseet_daily.py
[2026-09-15T18:31:07.378+0000] {logging_mixin.py:190} INFO - [2026-09-15T18:31:07.378+0000] {dag.py:3239} INFO - Sync 1 DAGs
[2026-09-15T18:31:07.395+0000] {logging_mixin.py:190} INFO - [2026-09-15T18:31:07.395+0000] {dag.py:4180} INFO - Setting next_dagrun for waseet_daily to 2026-09-14 00:00:00+00:00, run_after=2026-09-15 00:00:00+00:00
[2026-09-15T18:31:07.443+0000] {processor.py:208} INFO - Processing /opt/airflow/dags/waseet_daily.py took 0.111 seconds
[2026-09-15T18:31:37.745+0000] {processor.py:186} INFO - Started process (PID=616) to work on /opt/airflow/dags/waseet_daily.py
[2026-09-15T18:31:37.746+0000] {processor.py:914} INFO - Processing file /opt/airflow/dags/waseet_daily.py for tasks to queue
[2026-09-15T18:31:37.748+0000] {logging_mixin.py:190} INFO - [2026-09-15T18:31:37.748+0000] {dagbag.py:588} INFO - Filling up the DagBag from /opt/airflow/dags/waseet_daily.py
[2026-09-15T18:31:37.771+0000] {processor.py:925} INFO - DAG(s) 'waseet_daily' retrieved from /opt/airflow/dags/waseet_daily.py
[2026-09-15T18:31:37.790+0000] {logging_mixin.py:190} INFO - [2026-09-15T18:31:37.789+0000] {dag.py:3239} INFO - Sync 1 DAGs
[2026-09-15T18:31:37.807+0000] {logging_mixin.py:190} INFO - [2026-09-15T18:31:37.806+0000] {dag.py:4180} INFO - Setting next_dagrun for waseet_daily to 2026-09-14 00:00:00+00:00, run_after=2026-09-15 00:00:00+00:00
[2026-09-15T18:31:37.836+0000] {processor.py:208} INFO - Processing /opt/airflow/dags/waseet_daily.py took 0.095 seconds
[2026-09-15T18:32:08.243+0000] {processor.py:186} INFO - Started process (PID=621) to work on /opt/airflow/dags/waseet_daily.py
[2026-09-15T18:32:08.244+0000] {processor.py:914} INFO - Processing file /opt/airflow/dags/waseet_daily.py for tasks to queue
[2026-09-15T18:32:08.246+0000] {logging_mixin.py:190} INFO - [2026-09-15T18:32:08.246+0000] {dagbag.py:588} INFO - Filling up the DagBag from /opt/airflow/dags/waseet_daily.py
[2026-09-15T18:32:08.260+0000] {processor.py:925} INFO - DAG(s) 'waseet_daily' retrieved from /opt/airflow/dags/waseet_daily.py
[2026-09-15T18:32:08.277+0000] {logging_mixin.py:190} INFO - [2026-09-15T18:32:08.277+0000] {dag.py:3239} INFO - Sync 1 DAGs
[2026-09-15T18:32:08.294+0000] {logging_mixin.py:190} INFO - [2026-09-15T18:32:08.294+0000] {dag.py:4180} INFO - Setting next_dagrun for waseet_daily to 2026-09-14 00:00:00+00:00, run_after=2026-09-15 00:00:00+00:00
[2026-09-15T18:32:08.309+0000] {processor.py:208} INFO - Processing /opt/airflow/dags/waseet_daily.py took 0.070 seconds
[2026-09-15T18:32:38.872+0000] {processor.py:186} INFO - Started process (PID=626) to work on /opt/airflow/dags/waseet_daily.py
[2026-09-15T18:32:38.873+0000] {processor.py:914} INFO - Processing file /opt/airflow/dags/waseet_daily.py for tasks to queue
[2026-09-15T18:32:38.875+0000] {logging_mixin.py:190} INFO - [2026-09-15T18:32:38.875+0000] {dagbag.py:588} INFO - Filling up the DagBag from /opt/airflow/dags/waseet_daily.py
[2026-09-15T18:32:38.897+0000] {processor.py:925} INFO - DAG(s) 'waseet_daily' retrieved from /opt/airflow/dags/waseet_daily.py
[2026-09-15T18:32:38.915+0000] {logging_mixin.py:190} INFO - [2026-09-15T18:32:38.914+0000] {dag.py:3239} INFO - Sync 1 DAGs
[2026-09-15T18:32:38.930+0000] {logging_mixin.py:190} INFO - [2026-09-15T18:32:38.930+0000] {dag.py:4180} INFO - Setting next_dagrun for waseet_daily to 2026-09-14 00:00:00+00:00, run_after=2026-09-15 00:00:00+00:00
[2026-09-15T18:32:38.961+0000] {processor.py:208} INFO - Processing /opt/airflow/dags/waseet_daily.py took 0.092 seconds
[2026-09-15T18:33:09.558+0000] {processor.py:186} INFO - Started process (PID=631) to work on /opt/airflow/dags/waseet_daily.py
[2026-09-15T18:33:09.560+0000] {processor.py:914} INFO - Processing file /opt/airflow/dags/waseet_daily.py for tasks to queue
[2026-09-15T18:33:09.563+0000] {logging_mixin.py:190} INFO - [2026-09-15T18:33:09.563+0000] {dagbag.py:588} INFO - Filling up the DagBag from /opt/airflow/dags/waseet_daily.py
[2026-09-15T18:33:09.603+0000] {processor.py:925} INFO - DAG(s) 'waseet_daily' retrieved from /opt/airflow/dags/waseet_daily.py
[2026-09-15T18:33:09.624+0000] {logging_mixin.py:190} INFO - [2026-09-15T18:33:09.624+0000] {dag.py:3239} INFO - Sync 1 DAGs
[2026-09-15T18:33:09.644+0000] {logging_mixin.py:190} INFO - [2026-09-15T18:33:09.644+0000] {dag.py:4180} INFO - Setting next_dagrun for waseet_daily to 2026-09-14 00:00:00+00:00, run_after=2026-09-15 00:00:00+00:00
[2026-09-15T18:33:09.659+0000] {processor.py:208} INFO - Processing /opt/airflow/dags/waseet_daily.py took 0.105 seconds
[2026-09-15T18:33:40.062+0000] {processor.py:186} INFO - Started process (PID=636) to work on /opt/airflow/dags/waseet_daily.py
[2026-09-15T18:33:40.063+0000] {processor.py:914} INFO - Processing file /opt/airflow/dags/waseet_daily.py for tasks to queue
[2026-09-15T18:33:40.065+0000] {logging_mixin.py:190} INFO - [2026-09-15T18:33:40.065+0000] {dagbag.py:588} INFO - Filling up the DagBag from /opt/airflow/dags/waseet_daily.py
[2026-09-15T18:33:40.088+0000] {processor.py:925} INFO - DAG(s) 'waseet_daily' retrieved from /opt/airflow/dags/waseet_daily.py
[2026-09-15T18:33:40.107+0000] {logging_mixin.py:190} INFO - [2026-09-15T18:33:40.106+0000] {dag.py:3239} INFO - Sync 1 DAGs
[2026-09-15T18:33:40.138+0000] {logging_mixin.py:190} INFO - [2026-09-15T18:33:40.138+0000] {dag.py:4180} INFO - Setting next_dagrun for waseet_daily to 2026-09-14 00:00:00+00:00, run_after=2026-09-15 00:00:00+00:00
[2026-09-15T18:33:40.157+0000] {processor.py:208} INFO - Processing /opt/airflow/dags/waseet_daily.py took 0.098 seconds
[2026-09-15T18:34:10.489+0000] {processor.py:186} INFO - Started process (PID=641) to work on /opt/airflow/dags/waseet_daily.py
[2026-09-15T18:34:10.490+0000] {processor.py:914} INFO - Processing file /opt/airflow/dags/waseet_daily.py for tasks to queue
[2026-09-15T18:34:10.492+0000] {logging_mixin.py:190} INFO - [2026-09-15T18:34:10.492+0000] {dagbag.py:588} INFO - Filling up the DagBag from /opt/airflow/dags/waseet_daily.py
[2026-09-15T18:34:10.510+0000] {processor.py:925} INFO - DAG(s) 'waseet_daily' retrieved from /opt/airflow/dags/waseet_daily.py
[2026-09-15T18:34:10.527+0000] {logging_mixin.py:190} INFO - [2026-09-15T18:34:10.527+0000] {dag.py:3239} INFO - Sync 1 DAGs
[2026-09-15T18:34:10.544+0000] {logging_mixin.py:190} INFO - [2026-09-15T18:34:10.544+0000] {dag.py:4180} INFO - Setting next_dagrun for waseet_daily to 2026-09-14 00:00:00+00:00, run_after=2026-09-15 00:00:00+00:00
[2026-09-15T18:34:10.575+0000] {processor.py:208} INFO - Processing /opt/airflow/dags/waseet_daily.py took 0.090 seconds
[2026-09-15T18:34:40.942+0000] {processor.py:186} INFO - Started process (PID=646) to work on /opt/airflow/dags/waseet_daily.py
[2026-09-15T18:34:40.943+0000] {processor.py:914} INFO - Processing file /opt/airflow/dags/waseet_daily.py for tasks to queue
[2026-09-15T18:34:40.945+0000] {logging_mixin.py:190} INFO - [2026-09-15T18:34:40.944+0000] {dagbag.py:588} INFO - Filling up the DagBag from /opt/airflow/dags/waseet_daily.py
[2026-09-15T18:34:40.965+0000] {processor.py:925} INFO - DAG(s) 'waseet_daily' retrieved from /opt/airflow/dags/waseet_daily.py
[2026-09-15T18:34:40.984+0000] {logging_mixin.py:190} INFO - [2026-09-15T18:34:40.984+0000] {dag.py:3239} INFO - Sync 1 DAGs
[2026-09-15T18:34:41.000+0000] {logging_mixin.py:190} INFO - [2026-09-15T18:34:41.000+0000] {dag.py:4180} INFO - Setting next_dagrun for waseet_daily to 2026-09-14 00:00:00+00:00, run_after=2026-09-15 00:00:00+00:00
[2026-09-15T18:34:41.014+0000] {processor.py:208} INFO - Processing /opt/airflow/dags/waseet_daily.py took 0.076 seconds
[2026-09-15T18:35:11.503+0000] {processor.py:186} INFO - Started process (PID=651) to work on /opt/airflow/dags/waseet_daily.py
[2026-09-15T18:35:11.504+0000] {processor.py:914} INFO - Processing file /opt/airflow/dags/waseet_daily.py for tasks to queue
[2026-09-15T18:35:11.506+0000] {logging_mixin.py:190} INFO - [2026-09-15T18:35:11.506+0000] {dagbag.py:588} INFO - Filling up the DagBag from /opt/airflow/dags/waseet_daily.py
[2026-09-15T18:35:11.524+0000] {processor.py:925} INFO - DAG(s) 'waseet_daily' retrieved from /opt/airflow/dags/waseet_daily.py
[2026-09-15T18:35:11.542+0000] {logging_mixin.py:190} INFO - [2026-09-15T18:35:11.542+0000] {dag.py:3239} INFO - Sync 1 DAGs
[2026-09-15T18:35:11.558+0000] {logging_mixin.py:190} INFO - [2026-09-15T18:35:11.558+0000] {dag.py:4180} INFO - Setting next_dagrun for waseet_daily to 2026-09-14 00:00:00+00:00, run_after=2026-09-15 00:00:00+00:00
[2026-09-15T18:35:11.574+0000] {processor.py:208} INFO - Processing /opt/airflow/dags/waseet_daily.py took 0.075 seconds
[2026-09-15T18:35:41.945+0000] {processor.py:186} INFO - Started process (PID=656) to work on /opt/airflow/dags/waseet_daily.py
[2026-09-15T18:35:41.946+0000] {processor.py:914} INFO - Processing file /opt/airflow/dags/waseet_daily.py for tasks to queue
[2026-09-15T18:35:41.949+0000] {logging_mixin.py:190} INFO - [2026-09-15T18:35:41.949+0000] {dagbag.py:588} INFO - Filling up the DagBag from /opt/airflow/dags/waseet_daily.py
[2026-09-15T18:35:41.971+0000] {processor.py:925} INFO - DAG(s) 'waseet_daily' retrieved from /opt/airflow/dags/waseet_daily.py
[2026-09-15T18:35:41.991+0000] {logging_mixin.py:190} INFO - [2026-09-15T18:35:41.990+0000] {dag.py:3239} INFO - Sync 1 DAGs
[2026-09-15T18:35:42.006+0000] {logging_mixin.py:190} INFO - [2026-09-15T18:35:42.006+0000] {dag.py:4180} INFO - Setting next_dagrun for waseet_daily to 2026-09-14 00:00:00+00:00, run_after=2026-09-15 00:00:00+00:00
[2026-09-15T18:35:42.039+0000] {processor.py:208} INFO - Processing /opt/airflow/dags/waseet_daily.py took 0.098 seconds
[2026-09-15T18:36:12.380+0000] {processor.py:186} INFO - Started process (PID=661) to work on /opt/airflow/dags/waseet_daily.py
[2026-09-15T18:36:12.381+0000] {processor.py:914} INFO - Processing file /opt/airflow/dags/waseet_daily.py for tasks to queue
[2026-09-15T18:36:12.384+0000] {logging_mixin.py:190} INFO - [2026-09-15T18:36:12.384+0000] {dagbag.py:588} INFO - Filling up the DagBag from /opt/airflow/dags/waseet_daily.py
[2026-09-15T18:36:12.413+0000] {processor.py:925} INFO - DAG(s) 'waseet_daily' retrieved from /opt/airflow/dags/waseet_daily.py
[2026-09-15T18:36:12.434+0000] {logging_mixin.py:190} INFO - [2026-09-15T18:36:12.434+0000] {dag.py:3239} INFO - Sync 1 DAGs
[2026-09-15T18:36:12.453+0000] {logging_mixin.py:190} INFO - [2026-09-15T18:36:12.453+0000] {dag.py:4180} INFO - Setting next_dagrun for waseet_daily to 2026-09-14 00:00:00+00:00, run_after=2026-09-15 00:00:00+00:00
[2026-09-15T18:36:12.470+0000] {processor.py:208} INFO - Processing /opt/airflow/dags/waseet_daily.py took 0.094 seconds
[2026-09-15T18:36:42.713+0000] {processor.py:186} INFO - Started process (PID=666) to work on /opt/airflow/dags/waseet_daily.py
[2026-09-15T18:36:42.714+0000] {processor.py:914} INFO - Processing file /opt/airflow/dags/waseet_daily.py for tasks to queue
[2026-09-15T18:36:42.716+0000] {logging_mixin.py:190} INFO - [2026-09-15T18:36:42.716+0000] {dagbag.py:588} INFO - Filling up the DagBag from /opt/airflow/dags/waseet_daily.py
[2026-09-15T18:36:42.734+0000] {processor.py:925} INFO - DAG(s) 'waseet_daily' retrieved from /opt/airflow/dags/waseet_daily.py
[2026-09-15T18:36:42.761+0000] {logging_mixin.py:190} INFO - [2026-09-15T18:36:42.761+0000] {dag.py:3239} INFO - Sync 1 DAGs
[2026-09-15T18:36:42.779+0000] {logging_mixin.py:190} INFO - [2026-09-15T18:36:42.778+0000] {dag.py:4180} INFO - Setting next_dagrun for waseet_daily to 2026-09-14 00:00:00+00:00, run_after=2026-09-15 00:00:00+00:00
[2026-09-15T18:36:42.799+0000] {processor.py:208} INFO - Processing /opt/airflow/dags/waseet_daily.py took 0.090 seconds
[2026-09-15T18:37:13.148+0000] {processor.py:186} INFO - Started process (PID=671) to work on /opt/airflow/dags/waseet_daily.py
[2026-09-15T18:37:13.149+0000] {processor.py:914} INFO - Processing file /opt/airflow/dags/waseet_daily.py for tasks to queue
[2026-09-15T18:37:13.152+0000] {logging_mixin.py:190} INFO - [2026-09-15T18:37:13.152+0000] {dagbag.py:588} INFO - Filling up the DagBag from /opt/airflow/dags/waseet_daily.py
[2026-09-15T18:37:13.174+0000] {processor.py:925} INFO - DAG(s) 'waseet_daily' retrieved from /opt/airflow/dags/waseet_daily.py
[2026-09-15T18:37:13.193+0000] {logging_mixin.py:190} INFO - [2026-09-15T18:37:13.193+0000] {dag.py:3239} INFO - Sync 1 DAGs
[2026-09-15T18:37:13.210+0000] {logging_mixin.py:190} INFO - [2026-09-15T18:37:13.210+0000] {dag.py:4180} INFO - Setting next_dagrun for waseet_daily to 2026-09-14 00:00:00+00:00, run_after=2026-09-15 00:00:00+00:00
[2026-09-15T18:37:13.241+0000] {processor.py:208} INFO - Processing /opt/airflow/dags/waseet_daily.py took 0.096 seconds
[2026-09-15T18:37:43.590+0000] {processor.py:186} INFO - Started process (PID=676) to work on /opt/airflow/dags/waseet_daily.py
[2026-09-15T18:37:43.591+0000] {processor.py:914} INFO - Processing file /opt/airflow/dags/waseet_daily.py for tasks to queue
[2026-09-15T18:37:43.593+0000] {logging_mixin.py:190} INFO - [2026-09-15T18:37:43.592+0000] {dagbag.py:588} INFO - Filling up the DagBag from /opt/airflow/dags/waseet_daily.py
[2026-09-15T18:37:43.607+0000] {processor.py:925} INFO - DAG(s) 'waseet_daily' retrieved from /opt/airflow/dags/waseet_daily.py
[2026-09-15T18:37:43.628+0000] {logging_mixin.py:190} INFO - [2026-09-15T18:37:43.628+0000] {dag.py:3239} INFO - Sync 1 DAGs
[2026-09-15T18:37:43.647+0000] {logging_mixin.py:190} INFO - [2026-09-15T18:37:43.647+0000] {dag.py:4180} INFO - Setting next_dagrun for waseet_daily to 2026-09-14 00:00:00+00:00, run_after=2026-09-15 00:00:00+00:00
[2026-09-15T18:37:43.680+0000] {processor.py:208} INFO - Processing /opt/airflow/dags/waseet_daily.py took 0.094 seconds
[2026-09-15T18:38:14.012+0000] {processor.py:186} INFO - Started process (PID=681) to work on /opt/airflow/dags/waseet_daily.py
[2026-09-15T18:38:14.013+0000] {processor.py:914} INFO - Processing file /opt/airflow/dags/waseet_daily.py for tasks to queue
[2026-09-15T18:38:14.017+0000] {logging_mixin.py:190} INFO - [2026-09-15T18:38:14.016+0000] {dagbag.py:588} INFO - Filling up the DagBag from /opt/airflow/dags/waseet_daily.py
[2026-09-15T18:38:14.038+0000] {processor.py:925} INFO - DAG(s) 'waseet_daily' retrieved from /opt/airflow/dags/waseet_daily.py
[2026-09-15T18:38:14.063+0000] {logging_mixin.py:190} INFO - [2026-09-15T18:38:14.062+0000] {dag.py:3239} INFO - Sync 1 DAGs
[2026-09-15T18:38:14.082+0000] {logging_mixin.py:190} INFO - [2026-09-15T18:38:14.082+0000] {dag.py:4180} INFO - Setting next_dagrun for waseet_daily to 2026-09-14 00:00:00+00:00, run_after=2026-09-15 00:00:00+00:00
[2026-09-15T18:38:14.116+0000] {processor.py:208} INFO - Processing /opt/airflow/dags/waseet_daily.py took 0.110 seconds
[2026-09-15T18:38:44.383+0000] {processor.py:186} INFO - Started process (PID=686) to work on /opt/airflow/dags/waseet_daily.py
[2026-09-15T18:38:44.384+0000] {processor.py:914} INFO - Processing file /opt/airflow/dags/waseet_daily.py for tasks to queue
[2026-09-15T18:38:44.387+0000] {logging_mixin.py:190} INFO - [2026-09-15T18:38:44.386+0000] {dagbag.py:588} INFO - Filling up the DagBag from /opt/airflow/dags/waseet_daily.py
[2026-09-15T18:38:44.403+0000] {processor.py:925} INFO - DAG(s) 'waseet_daily' retrieved from /opt/airflow/dags/waseet_daily.py
[2026-09-15T18:38:44.426+0000] {logging_mixin.py:190} INFO - [2026-09-15T18:38:44.426+0000] {dag.py:3239} INFO - Sync 1 DAGs
[2026-09-15T18:38:44.447+0000] {logging_mixin.py:190} INFO - [2026-09-15T18:38:44.447+0000] {dag.py:4180} INFO - Setting next_dagrun for waseet_daily to 2026-09-14 00:00:00+00:00, run_after=2026-09-15 00:00:00+00:00
[2026-09-15T18:38:44.479+0000] {processor.py:208} INFO - Processing /opt/airflow/dags/waseet_daily.py took 0.101 seconds
[2026-09-15T18:39:14.763+0000] {processor.py:186} INFO - Started process (PID=691) to work on /opt/airflow/dags/waseet_daily.py
[2026-09-15T18:39:14.764+0000] {processor.py:914} INFO - Processing file /opt/airflow/dags/waseet_daily.py for tasks to queue
[2026-09-15T18:39:14.766+0000] {logging_mixin.py:190} INFO - [2026-09-15T18:39:14.765+0000] {dagbag.py:588} INFO - Filling up the DagBag from /opt/airflow/dags/waseet_daily.py
[2026-09-15T18:39:14.781+0000] {processor.py:925} INFO - DAG(s) 'waseet_daily' retrieved from /opt/airflow/dags/waseet_daily.py
[2026-09-15T18:39:14.799+0000] {logging_mixin.py:190} INFO - [2026-09-15T18:39:14.798+0000] {dag.py:3239} INFO - Sync 1 DAGs
[2026-09-15T18:39:14.816+0000] {logging_mixin.py:190} INFO - [2026-09-15T18:39:14.815+0000] {dag.py:4180} INFO - Setting next_dagrun for waseet_daily to 2026-09-14 00:00:00+00:00, run_after=2026-09-15 00:00:00+00:00
[2026-09-15T18:39:14.852+0000] {processor.py:208} INFO - Processing /opt/airflow/dags/waseet_daily.py took 0.093 seconds
[2026-09-15T18:39:45.148+0000] {processor.py:186} INFO - Started process (PID=696) to work on /opt/airflow/dags/waseet_daily.py
[2026-09-15T18:39:45.149+0000] {processor.py:914} INFO - Processing file /opt/airflow/dags/waseet_daily.py for tasks to queue
[2026-09-15T18:39:45.151+0000] {logging_mixin.py:190} INFO - [2026-09-15T18:39:45.151+0000] {dagbag.py:588} INFO - Filling up the DagBag from /opt/airflow/dags/waseet_daily.py
[2026-09-15T18:39:45.168+0000] {processor.py:925} INFO - DAG(s) 'waseet_daily' retrieved from /opt/airflow/dags/waseet_daily.py
[2026-09-15T18:39:45.190+0000] {logging_mixin.py:190} INFO - [2026-09-15T18:39:45.190+0000] {dag.py:3239} INFO - Sync 1 DAGs
[2026-09-15T18:39:45.210+0000] {logging_mixin.py:190} INFO - [2026-09-15T18:39:45.210+0000] {dag.py:4180} INFO - Setting next_dagrun for waseet_daily to 2026-09-14 00:00:00+00:00, run_after=2026-09-15 00:00:00+00:00
[2026-09-15T18:39:45.228+0000] {processor.py:208} INFO - Processing /opt/airflow/dags/waseet_daily.py took 0.084 seconds
[2026-09-15T18:40:15.530+0000] {processor.py:186} INFO - Started process (PID=701) to work on /opt/airflow/dags/waseet_daily.py
[2026-09-15T18:40:15.531+0000] {processor.py:914} INFO - Processing file /opt/airflow/dags/waseet_daily.py for tasks to queue
[2026-09-15T18:40:15.534+0000] {logging_mixin.py:190} INFO - [2026-09-15T18:40:15.533+0000] {dagbag.py:588} INFO - Filling up the DagBag from /opt/airflow/dags/waseet_daily.py
[2026-09-15T18:40:15.549+0000] {processor.py:925} INFO - DAG(s) 'waseet_daily' retrieved from /opt/airflow/dags/waseet_daily.py
[2026-09-15T18:40:15.567+0000] {logging_mixin.py:190} INFO - [2026-09-15T18:40:15.567+0000] {dag.py:3239} INFO - Sync 1 DAGs
[2026-09-15T18:40:15.585+0000] {logging_mixin.py:190} INFO - [2026-09-15T18:40:15.585+0000] {dag.py:4180} INFO - Setting next_dagrun for waseet_daily to 2026-09-14 00:00:00+00:00, run_after=2026-09-15 00:00:00+00:00
[2026-09-15T18:40:15.601+0000] {processor.py:208} INFO - Processing /opt/airflow/dags/waseet_daily.py took 0.075 seconds
[2026-09-15T18:40:45.931+0000] {processor.py:186} INFO - Started process (PID=706) to work on /opt/airflow/dags/waseet_daily.py
[2026-09-15T18:40:45.932+0000] {processor.py:914} INFO - Processing file /opt/airflow/dags/waseet_daily.py for tasks to queue
[2026-09-15T18:40:45.934+0000] {logging_mixin.py:190} INFO - [2026-09-15T18:40:45.934+0000] {dagbag.py:588} INFO - Filling up the DagBag from /opt/airflow/dags/waseet_daily.py
[2026-09-15T18:40:45.949+0000] {processor.py:925} INFO - DAG(s) 'waseet_daily' retrieved from /opt/airflow/dags/waseet_daily.py
[2026-09-15T18:40:45.969+0000] {logging_mixin.py:190} INFO - [2026-09-15T18:40:45.968+0000] {dag.py:3239} INFO - Sync 1 DAGs
[2026-09-15T18:40:45.986+0000] {logging_mixin.py:190} INFO - [2026-09-15T18:40:45.986+0000] {dag.py:4180} INFO - Setting next_dagrun for waseet_daily to 2026-09-14 00:00:00+00:00, run_after=2026-09-15 00:00:00+00:00
[2026-09-15T18:40:46.008+0000] {processor.py:208} INFO - Processing /opt/airflow/dags/waseet_daily.py took 0.081 seconds
[2026-09-15T18:41:16.358+0000] {processor.py:186} INFO - Started process (PID=711) to work on /opt/airflow/dags/waseet_daily.py
[2026-09-15T18:41:16.359+0000] {processor.py:914} INFO - Processing file /opt/airflow/dags/waseet_daily.py for tasks to queue
[2026-09-15T18:41:16.361+0000] {logging_mixin.py:190} INFO - [2026-09-15T18:41:16.361+0000] {dagbag.py:588} INFO - Filling up the DagBag from /opt/airflow/dags/waseet_daily.py
[2026-09-15T18:41:16.381+0000] {processor.py:925} INFO - DAG(s) 'waseet_daily' retrieved from /opt/airflow/dags/waseet_daily.py
[2026-09-15T18:41:16.404+0000] {logging_mixin.py:190} INFO - [2026-09-15T18:41:16.404+0000] {dag.py:3239} INFO - Sync 1 DAGs
[2026-09-15T18:41:16.424+0000] {logging_mixin.py:190} INFO - [2026-09-15T18:41:16.423+0000] {dag.py:4180} INFO - Setting next_dagrun for waseet_daily to 2026-09-14 00:00:00+00:00, run_after=2026-09-15 00:00:00+00:00
[2026-09-15T18:41:16.464+0000] {processor.py:208} INFO - Processing /opt/airflow/dags/waseet_daily.py took 0.110 seconds
[2026-09-15T18:41:46.845+0000] {processor.py:186} INFO - Started process (PID=716) to work on /opt/airflow/dags/waseet_daily.py
[2026-09-15T18:41:46.847+0000] {processor.py:914} INFO - Processing file /opt/airflow/dags/waseet_daily.py for tasks to queue
[2026-09-15T18:41:46.849+0000] {logging_mixin.py:190} INFO - [2026-09-15T18:41:46.849+0000] {dagbag.py:588} INFO - Filling up the DagBag from /opt/airflow/dags/waseet_daily.py
[2026-09-15T18:41:46.870+0000] {processor.py:925} INFO - DAG(s) 'waseet_daily' retrieved from /opt/airflow/dags/waseet_daily.py
[2026-09-15T18:41:46.889+0000] {logging_mixin.py:190} INFO - [2026-09-15T18:41:46.889+0000] {dag.py:3239} INFO - Sync 1 DAGs
[2026-09-15T18:41:46.906+0000] {logging_mixin.py:190} INFO - [2026-09-15T18:41:46.906+0000] {dag.py:4180} INFO - Setting next_dagrun for waseet_daily to 2026-09-14 00:00:00+00:00, run_after=2026-09-15 00:00:00+00:00
[2026-09-15T18:41:46.933+0000] {processor.py:208} INFO - Processing /opt/airflow/dags/waseet_daily.py took 0.092 seconds
[2026-09-15T18:42:17.241+0000] {processor.py:186} INFO - Started process (PID=721) to work on /opt/airflow/dags/waseet_daily.py
[2026-09-15T18:42:17.242+0000] {processor.py:914} INFO - Processing file /opt/airflow/dags/waseet_daily.py for tasks to queue
[2026-09-15T18:42:17.245+0000] {logging_mixin.py:190} INFO - [2026-09-15T18:42:17.245+0000] {dagbag.py:588} INFO - Filling up the DagBag from /opt/airflow/dags/waseet_daily.py
[2026-09-15T18:42:17.274+0000] {processor.py:925} INFO - DAG(s) 'waseet_daily' retrieved from /opt/airflow/dags/waseet_daily.py
[2026-09-15T18:42:17.294+0000] {logging_mixin.py:190} INFO - [2026-09-15T18:42:17.294+0000] {dag.py:3239} INFO - Sync 1 DAGs
[2026-09-15T18:42:17.311+0000] {logging_mixin.py:190} INFO - [2026-09-15T18:42:17.311+0000] {dag.py:4180} INFO - Setting next_dagrun for waseet_daily to 2026-09-14 00:00:00+00:00, run_after=2026-09-15 00:00:00+00:00
[2026-09-15T18:42:17.329+0000] {processor.py:208} INFO - Processing /opt/airflow/dags/waseet_daily.py took 0.092 seconds
[2026-09-15T18:42:47.672+0000] {processor.py:186} INFO - Started process (PID=726) to work on /opt/airflow/dags/waseet_daily.py
[2026-09-15T18:42:47.674+0000] {processor.py:914} INFO - Processing file /opt/airflow/dags/waseet_daily.py for tasks to queue
[2026-09-15T18:42:47.677+0000] {logging_mixin.py:190} INFO - [2026-09-15T18:42:47.677+0000] {dagbag.py:588} INFO - Filling up the DagBag from /opt/airflow/dags/waseet_daily.py
[2026-09-15T18:42:47.701+0000] {processor.py:925} INFO - DAG(s) 'waseet_daily' retrieved from /opt/airflow/dags/waseet_daily.py
[2026-09-15T18:42:47.725+0000] {logging_mixin.py:190} INFO - [2026-09-15T18:42:47.724+0000] {dag.py:3239} INFO - Sync 1 DAGs
[2026-09-15T18:42:47.745+0000] {logging_mixin.py:190} INFO - [2026-09-15T18:42:47.745+0000] {dag.py:4180} INFO - Setting next_dagrun for waseet_daily to 2026-09-14 00:00:00+00:00, run_after=2026-09-15 00:00:00+00:00
[2026-09-15T18:42:47.791+0000] {processor.py:208} INFO - Processing /opt/airflow/dags/waseet_daily.py took 0.123 seconds
[2026-09-15T18:43:18.103+0000] {processor.py:186} INFO - Started process (PID=731) to work on /opt/airflow/dags/waseet_daily.py
[2026-09-15T18:43:18.104+0000] {processor.py:914} INFO - Processing file /opt/airflow/dags/waseet_daily.py for tasks to queue
[2026-09-15T18:43:18.105+0000] {logging_mixin.py:190} INFO - [2026-09-15T18:43:18.105+0000] {dagbag.py:588} INFO - Filling up the DagBag from /opt/airflow/dags/waseet_daily.py
[2026-09-15T18:43:18.119+0000] {processor.py:925} INFO - DAG(s) 'waseet_daily' retrieved from /opt/airflow/dags/waseet_daily.py
[2026-09-15T18:43:18.138+0000] {logging_mixin.py:190} INFO - [2026-09-15T18:43:18.138+0000] {dag.py:3239} INFO - Sync 1 DAGs
[2026-09-15T18:43:18.158+0000] {logging_mixin.py:190} INFO - [2026-09-15T18:43:18.157+0000] {dag.py:4180} INFO - Setting next_dagrun for waseet_daily to 2026-09-14 00:00:00+00:00, run_after=2026-09-15 00:00:00+00:00
[2026-09-15T18:43:18.173+0000] {processor.py:208} INFO - Processing /opt/airflow/dags/waseet_daily.py took 0.075 seconds
[2026-09-15T18:43:48.472+0000] {processor.py:186} INFO - Started process (PID=736) to work on /opt/airflow/dags/waseet_daily.py
[2026-09-15T18:43:48.473+0000] {processor.py:914} INFO - Processing file /opt/airflow/dags/waseet_daily.py for tasks to queue
[2026-09-15T18:43:48.475+0000] {logging_mixin.py:190} INFO - [2026-09-15T18:43:48.474+0000] {dagbag.py:588} INFO - Filling up the DagBag from /opt/airflow/dags/waseet_daily.py
[2026-09-15T18:43:48.493+0000] {processor.py:925} INFO - DAG(s) 'waseet_daily' retrieved from /opt/airflow/dags/waseet_daily.py
[2026-09-15T18:43:48.523+0000] {logging_mixin.py:190} INFO - [2026-09-15T18:43:48.520+0000] {dag.py:3239} INFO - Sync 1 DAGs
[2026-09-15T18:43:48.555+0000] {logging_mixin.py:190} INFO - [2026-09-15T18:43:48.554+0000] {dag.py:4180} INFO - Setting next_dagrun for waseet_daily to 2026-09-14 00:00:00+00:00, run_after=2026-09-15 00:00:00+00:00
[2026-09-15T18:43:48.593+0000] {processor.py:208} INFO - Processing /opt/airflow/dags/waseet_daily.py took 0.126 seconds
[2026-09-15T18:44:18.856+0000] {processor.py:186} INFO - Started process (PID=741) to work on /opt/airflow/dags/waseet_daily.py
[2026-09-15T18:44:18.858+0000] {processor.py:914} INFO - Processing file /opt/airflow/dags/waseet_daily.py for tasks to queue
[2026-09-15T18:44:18.860+0000] {logging_mixin.py:190} INFO - [2026-09-15T18:44:18.860+0000] {dagbag.py:588} INFO - Filling up the DagBag from /opt/airflow/dags/waseet_daily.py
[2026-09-15T18:44:18.875+0000] {processor.py:925} INFO - DAG(s) 'waseet_daily' retrieved from /opt/airflow/dags/waseet_daily.py
[2026-09-15T18:44:18.896+0000] {logging_mixin.py:190} INFO - [2026-09-15T18:44:18.896+0000] {dag.py:3239} INFO - Sync 1 DAGs
[2026-09-15T18:44:18.915+0000] {logging_mixin.py:190} INFO - [2026-09-15T18:44:18.915+0000] {dag.py:4180} INFO - Setting next_dagrun for waseet_daily to 2026-09-14 00:00:00+00:00, run_after=2026-09-15 00:00:00+00:00
[2026-09-15T18:44:18.935+0000] {processor.py:208} INFO - Processing /opt/airflow/dags/waseet_daily.py took 0.083 seconds
[2026-09-15T18:44:49.302+0000] {processor.py:186} INFO - Started process (PID=746) to work on /opt/airflow/dags/waseet_daily.py
[2026-09-15T18:44:49.303+0000] {processor.py:914} INFO - Processing file /opt/airflow/dags/waseet_daily.py for tasks to queue
[2026-09-15T18:44:49.305+0000] {logging_mixin.py:190} INFO - [2026-09-15T18:44:49.305+0000] {dagbag.py:588} INFO - Filling up the DagBag from /opt/airflow/dags/waseet_daily.py
[2026-09-15T18:44:49.322+0000] {processor.py:925} INFO - DAG(s) 'waseet_daily' retrieved from /opt/airflow/dags/waseet_daily.py
[2026-09-15T18:44:49.342+0000] {logging_mixin.py:190} INFO - [2026-09-15T18:44:49.342+0000] {dag.py:3239} INFO - Sync 1 DAGs
[2026-09-15T18:44:49.359+0000] {logging_mixin.py:190} INFO - [2026-09-15T18:44:49.359+0000] {dag.py:4180} INFO - Setting next_dagrun for waseet_daily to 2026-09-14 00:00:00+00:00, run_after=2026-09-15 00:00:00+00:00
[2026-09-15T18:44:49.394+0000] {processor.py:208} INFO - Processing /opt/airflow/dags/waseet_daily.py took 0.097 seconds
[2026-09-15T18:45:19.711+0000] {processor.py:186} INFO - Started process (PID=751) to work on /opt/airflow/dags/waseet_daily.py
[2026-09-15T18:45:19.712+0000] {processor.py:914} INFO - Processing file /opt/airflow/dags/waseet_daily.py for tasks to queue
[2026-09-15T18:45:19.714+0000] {logging_mixin.py:190} INFO - [2026-09-15T18:45:19.714+0000] {dagbag.py:588} INFO - Filling up the DagBag from /opt/airflow/dags/waseet_daily.py
[2026-09-15T18:45:19.734+0000] {processor.py:925} INFO - DAG(s) 'waseet_daily' retrieved from /opt/airflow/dags/waseet_daily.py
[2026-09-15T18:45:19.754+0000] {logging_mixin.py:190} INFO - [2026-09-15T18:45:19.754+0000] {dag.py:3239} INFO - Sync 1 DAGs
[2026-09-15T18:45:19.773+0000] {logging_mixin.py:190} INFO - [2026-09-15T18:45:19.773+0000] {dag.py:4180} INFO - Setting next_dagrun for waseet_daily to 2026-09-14 00:00:00+00:00, run_after=2026-09-15 00:00:00+00:00
[2026-09-15T18:45:19.792+0000] {processor.py:208} INFO - Processing /opt/airflow/dags/waseet_daily.py took 0.085 seconds
[2026-09-15T18:45:50.113+0000] {processor.py:186} INFO - Started process (PID=756) to work on /opt/airflow/dags/waseet_daily.py
[2026-09-15T18:45:50.115+0000] {processor.py:914} INFO - Processing file /opt/airflow/dags/waseet_daily.py for tasks to queue
[2026-09-15T18:45:50.117+0000] {logging_mixin.py:190} INFO - [2026-09-15T18:45:50.116+0000] {dagbag.py:588} INFO - Filling up the DagBag from /opt/airflow/dags/waseet_daily.py
[2026-09-15T18:45:50.132+0000] {processor.py:925} INFO - DAG(s) 'waseet_daily' retrieved from /opt/airflow/dags/waseet_daily.py
[2026-09-15T18:45:50.152+0000] {logging_mixin.py:190} INFO - [2026-09-15T18:45:50.151+0000] {dag.py:3239} INFO - Sync 1 DAGs
[2026-09-15T18:45:50.170+0000] {logging_mixin.py:190} INFO - [2026-09-15T18:45:50.170+0000] {dag.py:4180} INFO - Setting next_dagrun for waseet_daily to 2026-09-14 00:00:00+00:00, run_after=2026-09-15 00:00:00+00:00
[2026-09-15T18:45:50.188+0000] {processor.py:208} INFO - Processing /opt/airflow/dags/waseet_daily.py took 0.079 seconds
[2026-09-15T18:46:20.570+0000] {processor.py:186} INFO - Started process (PID=761) to work on /opt/airflow/dags/waseet_daily.py
[2026-09-15T18:46:20.571+0000] {processor.py:914} INFO - Processing file /opt/airflow/dags/waseet_daily.py for tasks to queue
[2026-09-15T18:46:20.573+0000] {logging_mixin.py:190} INFO - [2026-09-15T18:46:20.573+0000] {dagbag.py:588} INFO - Filling up the DagBag from /opt/airflow/dags/waseet_daily.py
[2026-09-15T18:46:20.589+0000] {processor.py:925} INFO - DAG(s) 'waseet_daily' retrieved from /opt/airflow/dags/waseet_daily.py
[2026-09-15T18:46:20.611+0000] {logging_mixin.py:190} INFO - [2026-09-15T18:46:20.610+0000] {dag.py:3239} INFO - Sync 1 DAGs
[2026-09-15T18:46:20.630+0000] {logging_mixin.py:190} INFO - [2026-09-15T18:46:20.629+0000] {dag.py:4180} INFO - Setting next_dagrun for waseet_daily to 2026-09-14 00:00:00+00:00, run_after=2026-09-15 00:00:00+00:00
[2026-09-15T18:46:20.648+0000] {processor.py:208} INFO - Processing /opt/airflow/dags/waseet_daily.py took 0.083 seconds
[2026-09-15T18:46:50.950+0000] {processor.py:186} INFO - Started process (PID=766) to work on /opt/airflow/dags/waseet_daily.py
[2026-09-15T18:46:50.951+0000] {processor.py:914} INFO - Processing file /opt/airflow/dags/waseet_daily.py for tasks to queue
[2026-09-15T18:46:50.954+0000] {logging_mixin.py:190} INFO - [2026-09-15T18:46:50.953+0000] {dagbag.py:588} INFO - Filling up the DagBag from /opt/airflow/dags/waseet_daily.py
[2026-09-15T18:46:50.979+0000] {processor.py:925} INFO - DAG(s) 'waseet_daily' retrieved from /opt/airflow/dags/waseet_daily.py
[2026-09-15T18:46:51.001+0000] {logging_mixin.py:190} INFO - [2026-09-15T18:46:51.000+0000] {dag.py:3239} INFO - Sync 1 DAGs
[2026-09-15T18:46:51.019+0000] {logging_mixin.py:190} INFO - [2026-09-15T18:46:51.018+0000] {dag.py:4180} INFO - Setting next_dagrun for waseet_daily to 2026-09-14 00:00:00+00:00, run_after=2026-09-15 00:00:00+00:00
[2026-09-15T18:46:51.053+0000] {processor.py:208} INFO - Processing /opt/airflow/dags/waseet_daily.py took 0.107 seconds
[2026-09-15T18:47:21.389+0000] {processor.py:186} INFO - Started process (PID=771) to work on /opt/airflow/dags/waseet_daily.py
[2026-09-15T18:47:21.391+0000] {processor.py:914} INFO - Processing file /opt/airflow/dags/waseet_daily.py for tasks to queue
[2026-09-15T18:47:21.393+0000] {logging_mixin.py:190} INFO - [2026-09-15T18:47:21.393+0000] {dagbag.py:588} INFO - Filling up the DagBag from /opt/airflow/dags/waseet_daily.py
[2026-09-15T18:47:21.417+0000] {processor.py:925} INFO - DAG(s) 'waseet_daily' retrieved from /opt/airflow/dags/waseet_daily.py
[2026-09-15T18:47:21.446+0000] {logging_mixin.py:190} INFO - [2026-09-15T18:47:21.446+0000] {dag.py:3239} INFO - Sync 1 DAGs
[2026-09-15T18:47:21.469+0000] {logging_mixin.py:190} INFO - [2026-09-15T18:47:21.468+0000] {dag.py:4180} INFO - Setting next_dagrun for waseet_daily to 2026-09-14 00:00:00+00:00, run_after=2026-09-15 00:00:00+00:00
[2026-09-15T18:47:21.490+0000] {processor.py:208} INFO - Processing /opt/airflow/dags/waseet_daily.py took 0.105 seconds
[2026-09-15T18:47:51.834+0000] {processor.py:186} INFO - Started process (PID=776) to work on /opt/airflow/dags/waseet_daily.py
[2026-09-15T18:47:51.835+0000] {processor.py:914} INFO - Processing file /opt/airflow/dags/waseet_daily.py for tasks to queue
[2026-09-15T18:47:51.837+0000] {logging_mixin.py:190} INFO - [2026-09-15T18:47:51.837+0000] {dagbag.py:588} INFO - Filling up the DagBag from /opt/airflow/dags/waseet_daily.py
[2026-09-15T18:47:51.855+0000] {processor.py:925} INFO - DAG(s) 'waseet_daily' retrieved from /opt/airflow/dags/waseet_daily.py
[2026-09-15T18:47:51.875+0000] {logging_mixin.py:190} INFO - [2026-09-15T18:47:51.875+0000] {dag.py:3239} INFO - Sync 1 DAGs
[2026-09-15T18:47:51.896+0000] {logging_mixin.py:190} INFO - [2026-09-15T18:47:51.895+0000] {dag.py:4180} INFO - Setting next_dagrun for waseet_daily to 2026-09-14 00:00:00+00:00, run_after=2026-09-15 00:00:00+00:00
[2026-09-15T18:47:51.924+0000] {processor.py:208} INFO - Processing /opt/airflow/dags/waseet_daily.py took 0.095 seconds
[2026-09-15T18:48:22.265+0000] {processor.py:186} INFO - Started process (PID=781) to work on /opt/airflow/dags/waseet_daily.py
[2026-09-15T18:48:22.266+0000] {processor.py:914} INFO - Processing file /opt/airflow/dags/waseet_daily.py for tasks to queue
[2026-09-15T18:48:22.268+0000] {logging_mixin.py:190} INFO - [2026-09-15T18:48:22.267+0000] {dagbag.py:588} INFO - Filling up the DagBag from /opt/airflow/dags/waseet_daily.py
[2026-09-15T18:48:22.284+0000] {processor.py:925} INFO - DAG(s) 'waseet_daily' retrieved from /opt/airflow/dags/waseet_daily.py
[2026-09-15T18:48:22.305+0000] {logging_mixin.py:190} INFO - [2026-09-15T18:48:22.305+0000] {dag.py:3239} INFO - Sync 1 DAGs
[2026-09-15T18:48:22.323+0000] {logging_mixin.py:190} INFO - [2026-09-15T18:48:22.323+0000] {dag.py:4180} INFO - Setting next_dagrun for waseet_daily to 2026-09-14 00:00:00+00:00, run_after=2026-09-15 00:00:00+00:00
[2026-09-15T18:48:22.352+0000] {processor.py:208} INFO - Processing /opt/airflow/dags/waseet_daily.py took 0.092 seconds
[2026-09-15T18:48:54.623+0000] {processor.py:186} INFO - Started process (PID=257) to work on /opt/airflow/dags/waseet_daily.py
[2026-09-15T18:48:54.625+0000] {processor.py:914} INFO - Processing file /opt/airflow/dags/waseet_daily.py for tasks to queue
[2026-09-15T18:48:54.626+0000] {logging_mixin.py:190} INFO - [2026-09-15T18:48:54.626+0000] {dagbag.py:588} INFO - Filling up the DagBag from /opt/airflow/dags/waseet_daily.py
[2026-09-15T18:48:54.644+0000] {processor.py:925} INFO - DAG(s) 'waseet_daily' retrieved from /opt/airflow/dags/waseet_daily.py
[2026-09-15T18:48:54.666+0000] {logging_mixin.py:190} INFO - [2026-09-15T18:48:54.666+0000] {dag.py:3239} INFO - Sync 1 DAGs
[2026-09-15T18:48:54.686+0000] {logging_mixin.py:190} INFO - [2026-09-15T18:48:54.686+0000] {dag.py:4180} INFO - Setting next_dagrun for waseet_daily to 2026-09-14 00:00:00+00:00, run_after=2026-09-15 00:00:00+00:00
[2026-09-15T18:48:54.706+0000] {processor.py:208} INFO - Processing /opt/airflow/dags/waseet_daily.py took 0.088 seconds
[2026-09-15T18:49:25.100+0000] {processor.py:186} INFO - Started process (PID=294) to work on /opt/airflow/dags/waseet_daily.py
[2026-09-15T18:49:25.101+0000] {processor.py:914} INFO - Processing file /opt/airflow/dags/waseet_daily.py for tasks to queue
[2026-09-15T18:49:25.104+0000] {logging_mixin.py:190} INFO - [2026-09-15T18:49:25.104+0000] {dagbag.py:588} INFO - Filling up the DagBag from /opt/airflow/dags/waseet_daily.py
[2026-09-15T18:49:25.118+0000] {processor.py:925} INFO - DAG(s) 'waseet_daily' retrieved from /opt/airflow/dags/waseet_daily.py
[2026-09-15T18:49:25.137+0000] {logging_mixin.py:190} INFO - [2026-09-15T18:49:25.137+0000] {dag.py:3239} INFO - Sync 1 DAGs
[2026-09-15T18:49:25.156+0000] {logging_mixin.py:190} INFO - [2026-09-15T18:49:25.156+0000] {dag.py:4180} INFO - Setting next_dagrun for waseet_daily to 2026-09-14 00:00:00+00:00, run_after=2026-09-15 00:00:00+00:00
[2026-09-15T18:49:25.187+0000] {processor.py:208} INFO - Processing /opt/airflow/dags/waseet_daily.py took 0.091 seconds
[2026-09-15T18:49:55.694+0000] {processor.py:186} INFO - Started process (PID=299) to work on /opt/airflow/dags/waseet_daily.py
[2026-09-15T18:49:55.696+0000] {processor.py:914} INFO - Processing file /opt/airflow/dags/waseet_daily.py for tasks to queue
[2026-09-15T18:49:55.699+0000] {logging_mixin.py:190} INFO - [2026-09-15T18:49:55.698+0000] {dagbag.py:588} INFO - Filling up the DagBag from /opt/airflow/dags/waseet_daily.py
[2026-09-15T18:49:55.722+0000] {processor.py:925} INFO - DAG(s) 'waseet_daily' retrieved from /opt/airflow/dags/waseet_daily.py
[2026-09-15T18:49:55.745+0000] {logging_mixin.py:190} INFO - [2026-09-15T18:49:55.745+0000] {dag.py:3239} INFO - Sync 1 DAGs
[2026-09-15T18:49:55.763+0000] {logging_mixin.py:190} INFO - [2026-09-15T18:49:55.763+0000] {dag.py:4180} INFO - Setting next_dagrun for waseet_daily to 2026-09-14 00:00:00+00:00, run_after=2026-09-15 00:00:00+00:00
[2026-09-15T18:49:55.780+0000] {processor.py:208} INFO - Processing /opt/airflow/dags/waseet_daily.py took 0.105 seconds
[2026-09-15T18:50:26.118+0000] {processor.py:186} INFO - Started process (PID=304) to work on /opt/airflow/dags/waseet_daily.py
[2026-09-15T18:50:26.119+0000] {processor.py:914} INFO - Processing file /opt/airflow/dags/waseet_daily.py for tasks to queue
[2026-09-15T18:50:26.121+0000] {logging_mixin.py:190} INFO - [2026-09-15T18:50:26.121+0000] {dagbag.py:588} INFO - Filling up the DagBag from /opt/airflow/dags/waseet_daily.py
[2026-09-15T18:50:26.143+0000] {processor.py:925} INFO - DAG(s) 'waseet_daily' retrieved from /opt/airflow/dags/waseet_daily.py
[2026-09-15T18:50:26.164+0000] {logging_mixin.py:190} INFO - [2026-09-15T18:50:26.164+0000] {dag.py:3239} INFO - Sync 1 DAGs
[2026-09-15T18:50:26.181+0000] {logging_mixin.py:190} INFO - [2026-09-15T18:50:26.180+0000] {dag.py:4180} INFO - Setting next_dagrun for waseet_daily to 2026-09-14 00:00:00+00:00, run_after=2026-09-15 00:00:00+00:00
[2026-09-15T18:50:26.201+0000] {processor.py:208} INFO - Processing /opt/airflow/dags/waseet_daily.py took 0.087 seconds
[2026-09-15T18:50:56.507+0000] {processor.py:186} INFO - Started process (PID=309) to work on /opt/airflow/dags/waseet_daily.py
[2026-09-15T18:50:56.508+0000] {processor.py:914} INFO - Processing file /opt/airflow/dags/waseet_daily.py for tasks to queue
[2026-09-15T18:50:56.510+0000] {logging_mixin.py:190} INFO - [2026-09-15T18:50:56.510+0000] {dagbag.py:588} INFO - Filling up the DagBag from /opt/airflow/dags/waseet_daily.py
[2026-09-15T18:50:56.529+0000] {processor.py:925} INFO - DAG(s) 'waseet_daily' retrieved from /opt/airflow/dags/waseet_daily.py
[2026-09-15T18:50:56.564+0000] {logging_mixin.py:190} INFO - [2026-09-15T18:50:56.564+0000] {dag.py:3239} INFO - Sync 1 DAGs
[2026-09-15T18:50:56.595+0000] {logging_mixin.py:190} INFO - [2026-09-15T18:50:56.594+0000] {dag.py:4180} INFO - Setting next_dagrun for waseet_daily to 2026-09-14 00:00:00+00:00, run_after=2026-09-15 00:00:00+00:00
[2026-09-15T18:50:56.626+0000] {processor.py:208} INFO - Processing /opt/airflow/dags/waseet_daily.py took 0.124 seconds
[2026-09-15T18:51:26.930+0000] {processor.py:186} INFO - Started process (PID=314) to work on /opt/airflow/dags/waseet_daily.py
[2026-09-15T18:51:26.931+0000] {processor.py:914} INFO - Processing file /opt/airflow/dags/waseet_daily.py for tasks to queue
[2026-09-15T18:51:26.933+0000] {logging_mixin.py:190} INFO - [2026-09-15T18:51:26.933+0000] {dagbag.py:588} INFO - Filling up the DagBag from /opt/airflow/dags/waseet_daily.py
[2026-09-15T18:51:26.949+0000] {processor.py:925} INFO - DAG(s) 'waseet_daily' retrieved from /opt/airflow/dags/waseet_daily.py
[2026-09-15T18:51:26.969+0000] {logging_mixin.py:190} INFO - [2026-09-15T18:51:26.968+0000] {dag.py:3239} INFO - Sync 1 DAGs
[2026-09-15T18:51:26.986+0000] {logging_mixin.py:190} INFO - [2026-09-15T18:51:26.986+0000] {dag.py:4180} INFO - Setting next_dagrun for waseet_daily to 2026-09-14 00:00:00+00:00, run_after=2026-09-15 00:00:00+00:00
[2026-09-15T18:51:27.001+0000] {processor.py:208} INFO - Processing /opt/airflow/dags/waseet_daily.py took 0.074 seconds
[2026-09-15T18:51:57.381+0000] {processor.py:186} INFO - Started process (PID=319) to work on /opt/airflow/dags/waseet_daily.py
[2026-09-15T18:51:57.382+0000] {processor.py:914} INFO - Processing file /opt/airflow/dags/waseet_daily.py for tasks to queue
[2026-09-15T18:51:57.385+0000] {logging_mixin.py:190} INFO - [2026-09-15T18:51:57.384+0000] {dagbag.py:588} INFO - Filling up the DagBag from /opt/airflow/dags/waseet_daily.py
[2026-09-15T18:51:57.412+0000] {processor.py:925} INFO - DAG(s) 'waseet_daily' retrieved from /opt/airflow/dags/waseet_daily.py
[2026-09-15T18:51:57.433+0000] {logging_mixin.py:190} INFO - [2026-09-15T18:51:57.433+0000] {dag.py:3239} INFO - Sync 1 DAGs
[2026-09-15T18:51:57.452+0000] {logging_mixin.py:190} INFO - [2026-09-15T18:51:57.452+0000] {dag.py:4180} INFO - Setting next_dagrun for waseet_daily to 2026-09-14 00:00:00+00:00, run_after=2026-09-15 00:00:00+00:00
[2026-09-15T18:51:57.479+0000] {processor.py:208} INFO - Processing /opt/airflow/dags/waseet_daily.py took 0.102 seconds
[2026-09-15T18:52:28.969+0000] {processor.py:186} INFO - Started process (PID=324) to work on /opt/airflow/dags/waseet_daily.py
[2026-09-15T18:52:28.970+0000] {processor.py:914} INFO - Processing file /opt/airflow/dags/waseet_daily.py for tasks to queue
[2026-09-15T18:52:28.973+0000] {logging_mixin.py:190} INFO - [2026-09-15T18:52:28.973+0000] {dagbag.py:588} INFO - Filling up the DagBag from /opt/airflow/dags/waseet_daily.py
[2026-09-15T18:52:28.990+0000] {processor.py:925} INFO - DAG(s) 'waseet_daily' retrieved from /opt/airflow/dags/waseet_daily.py
[2026-09-15T18:52:29.012+0000] {logging_mixin.py:190} INFO - [2026-09-15T18:52:29.012+0000] {dag.py:3239} INFO - Sync 1 DAGs
[2026-09-15T18:52:29.034+0000] {logging_mixin.py:190} INFO - [2026-09-15T18:52:29.033+0000] {dag.py:4180} INFO - Setting next_dagrun for waseet_daily to 2026-09-14 00:00:00+00:00, run_after=2026-09-15 00:00:00+00:00
[2026-09-15T18:52:29.053+0000] {processor.py:208} INFO - Processing /opt/airflow/dags/waseet_daily.py took 0.088 seconds
[2026-09-15T18:52:59.395+0000] {processor.py:186} INFO - Started process (PID=329) to work on /opt/airflow/dags/waseet_daily.py
[2026-09-15T18:52:59.396+0000] {processor.py:914} INFO - Processing file /opt/airflow/dags/waseet_daily.py for tasks to queue
[2026-09-15T18:52:59.398+0000] {logging_mixin.py:190} INFO - [2026-09-15T18:52:59.398+0000] {dagbag.py:588} INFO - Filling up the DagBag from /opt/airflow/dags/waseet_daily.py
[2026-09-15T18:52:59.417+0000] {processor.py:925} INFO - DAG(s) 'waseet_daily' retrieved from /opt/airflow/dags/waseet_daily.py
[2026-09-15T18:52:59.435+0000] {logging_mixin.py:190} INFO - [2026-09-15T18:52:59.435+0000] {dag.py:3239} INFO - Sync 1 DAGs
[2026-09-15T18:52:59.452+0000] {logging_mixin.py:190} INFO - [2026-09-15T18:52:59.452+0000] {dag.py:4180} INFO - Setting next_dagrun for waseet_daily to 2026-09-14 00:00:00+00:00, run_after=2026-09-15 00:00:00+00:00
[2026-09-15T18:52:59.466+0000] {processor.py:208} INFO - Processing /opt/airflow/dags/waseet_daily.py took 0.075 seconds
[2026-09-15T18:53:29.820+0000] {processor.py:186} INFO - Started process (PID=334) to work on /opt/airflow/dags/waseet_daily.py
[2026-09-15T18:53:29.821+0000] {processor.py:914} INFO - Processing file /opt/airflow/dags/waseet_daily.py for tasks to queue
[2026-09-15T18:53:29.823+0000] {logging_mixin.py:190} INFO - [2026-09-15T18:53:29.823+0000] {dagbag.py:588} INFO - Filling up the DagBag from /opt/airflow/dags/waseet_daily.py
[2026-09-15T18:53:29.852+0000] {processor.py:925} INFO - DAG(s) 'waseet_daily' retrieved from /opt/airflow/dags/waseet_daily.py
[2026-09-15T18:53:29.876+0000] {logging_mixin.py:190} INFO - [2026-09-15T18:53:29.876+0000] {dag.py:3239} INFO - Sync 1 DAGs
[2026-09-15T18:53:29.894+0000] {logging_mixin.py:190} INFO - [2026-09-15T18:53:29.894+0000] {dag.py:4180} INFO - Setting next_dagrun for waseet_daily to 2026-09-14 00:00:00+00:00, run_after=2026-09-15 00:00:00+00:00
[2026-09-15T18:53:29.912+0000] {processor.py:208} INFO - Processing /opt/airflow/dags/waseet_daily.py took 0.097 seconds
[2026-09-15T18:54:00.193+0000] {processor.py:186} INFO - Started process (PID=340) to work on /opt/airflow/dags/waseet_daily.py
[2026-09-15T18:54:00.194+0000] {processor.py:914} INFO - Processing file /opt/airflow/dags/waseet_daily.py for tasks to queue
[2026-09-15T18:54:00.197+0000] {logging_mixin.py:190} INFO - [2026-09-15T18:54:00.196+0000] {dagbag.py:588} INFO - Filling up the DagBag from /opt/airflow/dags/waseet_daily.py
[2026-09-15T18:54:00.211+0000] {processor.py:925} INFO - DAG(s) 'waseet_daily' retrieved from /opt/airflow/dags/waseet_daily.py
[2026-09-15T18:54:00.229+0000] {logging_mixin.py:190} INFO - [2026-09-15T18:54:00.229+0000] {dag.py:3239} INFO - Sync 1 DAGs
[2026-09-15T18:54:00.245+0000] {logging_mixin.py:190} INFO - [2026-09-15T18:54:00.245+0000] {dag.py:4180} INFO - Setting next_dagrun for waseet_daily to 2026-09-14 00:00:00+00:00, run_after=2026-09-15 00:00:00+00:00
[2026-09-15T18:54:00.261+0000] {processor.py:208} INFO - Processing /opt/airflow/dags/waseet_daily.py took 0.071 seconds
[2026-09-15T18:54:30.774+0000] {processor.py:186} INFO - Started process (PID=345) to work on /opt/airflow/dags/waseet_daily.py
[2026-09-15T18:54:30.775+0000] {processor.py:914} INFO - Processing file /opt/airflow/dags/waseet_daily.py for tasks to queue
[2026-09-15T18:54:30.777+0000] {logging_mixin.py:190} INFO - [2026-09-15T18:54:30.776+0000] {dagbag.py:588} INFO - Filling up the DagBag from /opt/airflow/dags/waseet_daily.py
[2026-09-15T18:54:30.794+0000] {processor.py:925} INFO - DAG(s) 'waseet_daily' retrieved from /opt/airflow/dags/waseet_daily.py
[2026-09-15T18:54:30.810+0000] {logging_mixin.py:190} INFO - [2026-09-15T18:54:30.810+0000] {dag.py:3239} INFO - Sync 1 DAGs
[2026-09-15T18:54:30.827+0000] {logging_mixin.py:190} INFO - [2026-09-15T18:54:30.827+0000] {dag.py:4180} INFO - Setting next_dagrun for waseet_daily to 2026-09-14 00:00:00+00:00, run_after=2026-09-15 00:00:00+00:00
[2026-09-15T18:54:30.843+0000] {processor.py:208} INFO - Processing /opt/airflow/dags/waseet_daily.py took 0.073 seconds
[2026-09-15T18:55:01.271+0000] {processor.py:186} INFO - Started process (PID=350) to work on /opt/airflow/dags/waseet_daily.py
[2026-09-15T18:55:01.272+0000] {processor.py:914} INFO - Processing file /opt/airflow/dags/waseet_daily.py for tasks to queue
[2026-09-15T18:55:01.274+0000] {logging_mixin.py:190} INFO - [2026-09-15T18:55:01.274+0000] {dagbag.py:588} INFO - Filling up the DagBag from /opt/airflow/dags/waseet_daily.py
[2026-09-15T18:55:01.296+0000] {processor.py:925} INFO - DAG(s) 'waseet_daily' retrieved from /opt/airflow/dags/waseet_daily.py
[2026-09-15T18:55:01.316+0000] {logging_mixin.py:190} INFO - [2026-09-15T18:55:01.316+0000] {dag.py:3239} INFO - Sync 1 DAGs
[2026-09-15T18:55:01.334+0000] {logging_mixin.py:190} INFO - [2026-09-15T18:55:01.334+0000] {dag.py:4180} INFO - Setting next_dagrun for waseet_daily to 2026-09-14 00:00:00+00:00, run_after=2026-09-15 00:00:00+00:00
[2026-09-15T18:55:01.364+0000] {processor.py:208} INFO - Processing /opt/airflow/dags/waseet_daily.py took 0.096 seconds
[2026-09-15T18:55:31.786+0000] {processor.py:186} INFO - Started process (PID=355) to work on /opt/airflow/dags/waseet_daily.py
[2026-09-15T18:55:31.788+0000] {processor.py:914} INFO - Processing file /opt/airflow/dags/waseet_daily.py for tasks to queue
[2026-09-15T18:55:31.790+0000] {logging_mixin.py:190} INFO - [2026-09-15T18:55:31.789+0000] {dagbag.py:588} INFO - Filling up the DagBag from /opt/airflow/dags/waseet_daily.py
[2026-09-15T18:55:31.803+0000] {processor.py:925} INFO - DAG(s) 'waseet_daily' retrieved from /opt/airflow/dags/waseet_daily.py
[2026-09-15T18:55:31.819+0000] {logging_mixin.py:190} INFO - [2026-09-15T18:55:31.819+0000] {dag.py:3239} INFO - Sync 1 DAGs
[2026-09-15T18:55:31.836+0000] {logging_mixin.py:190} INFO - [2026-09-15T18:55:31.836+0000] {dag.py:4180} INFO - Setting next_dagrun for waseet_daily to 2026-09-14 00:00:00+00:00, run_after=2026-09-15 00:00:00+00:00
[2026-09-15T18:55:31.854+0000] {processor.py:208} INFO - Processing /opt/airflow/dags/waseet_daily.py took 0.071 seconds
[2026-09-15T18:56:02.264+0000] {processor.py:186} INFO - Started process (PID=360) to work on /opt/airflow/dags/waseet_daily.py
[2026-09-15T18:56:02.265+0000] {processor.py:914} INFO - Processing file /opt/airflow/dags/waseet_daily.py for tasks to queue
[2026-09-15T18:56:02.267+0000] {logging_mixin.py:190} INFO - [2026-09-15T18:56:02.267+0000] {dagbag.py:588} INFO - Filling up the DagBag from /opt/airflow/dags/waseet_daily.py
[2026-09-15T18:56:02.285+0000] {processor.py:925} INFO - DAG(s) 'waseet_daily' retrieved from /opt/airflow/dags/waseet_daily.py
[2026-09-15T18:56:02.306+0000] {logging_mixin.py:190} INFO - [2026-09-15T18:56:02.306+0000] {dag.py:3239} INFO - Sync 1 DAGs
[2026-09-15T18:56:02.324+0000] {logging_mixin.py:190} INFO - [2026-09-15T18:56:02.323+0000] {dag.py:4180} INFO - Setting next_dagrun for waseet_daily to 2026-09-14 00:00:00+00:00, run_after=2026-09-15 00:00:00+00:00
[2026-09-15T18:56:02.353+0000] {processor.py:208} INFO - Processing /opt/airflow/dags/waseet_daily.py took 0.095 seconds
[2026-09-15T18:56:32.694+0000] {processor.py:186} INFO - Started process (PID=365) to work on /opt/airflow/dags/waseet_daily.py
[2026-09-15T18:56:32.695+0000] {processor.py:914} INFO - Processing file /opt/airflow/dags/waseet_daily.py for tasks to queue
[2026-09-15T18:56:32.697+0000] {logging_mixin.py:190} INFO - [2026-09-15T18:56:32.697+0000] {dagbag.py:588} INFO - Filling up the DagBag from /opt/airflow/dags/waseet_daily.py
[2026-09-15T18:56:32.714+0000] {processor.py:925} INFO - DAG(s) 'waseet_daily' retrieved from /opt/airflow/dags/waseet_daily.py
[2026-09-15T18:56:32.732+0000] {logging_mixin.py:190} INFO - [2026-09-15T18:56:32.732+0000] {dag.py:3239} INFO - Sync 1 DAGs
[2026-09-15T18:56:32.750+0000] {logging_mixin.py:190} INFO - [2026-09-15T18:56:32.749+0000] {dag.py:4180} INFO - Setting next_dagrun for waseet_daily to 2026-09-14 00:00:00+00:00, run_after=2026-09-15 00:00:00+00:00
[2026-09-15T18:56:32.783+0000] {processor.py:208} INFO - Processing /opt/airflow/dags/waseet_daily.py took 0.092 seconds
[2026-09-15T18:57:03.112+0000] {processor.py:186} INFO - Started process (PID=370) to work on /opt/airflow/dags/waseet_daily.py
[2026-09-15T18:57:03.114+0000] {processor.py:914} INFO - Processing file /opt/airflow/dags/waseet_daily.py for tasks to queue
[2026-09-15T18:57:03.116+0000] {logging_mixin.py:190} INFO - [2026-09-15T18:57:03.116+0000] {dagbag.py:588} INFO - Filling up the DagBag from /opt/airflow/dags/waseet_daily.py
[2026-09-15T18:57:03.141+0000] {processor.py:925} INFO - DAG(s) 'waseet_daily' retrieved from /opt/airflow/dags/waseet_daily.py
[2026-09-15T18:57:03.163+0000] {logging_mixin.py:190} INFO - [2026-09-15T18:57:03.163+0000] {dag.py:3239} INFO - Sync 1 DAGs
[2026-09-15T18:57:03.181+0000] {logging_mixin.py:190} INFO - [2026-09-15T18:57:03.181+0000] {dag.py:4180} INFO - Setting next_dagrun for waseet_daily to 2026-09-14 00:00:00+00:00, run_after=2026-09-15 00:00:00+00:00
[2026-09-15T18:57:03.222+0000] {processor.py:208} INFO - Processing /opt/airflow/dags/waseet_daily.py took 0.114 seconds
[2026-09-15T18:57:33.537+0000] {processor.py:186} INFO - Started process (PID=375) to work on /opt/airflow/dags/waseet_daily.py
[2026-09-15T18:57:33.538+0000] {processor.py:914} INFO - Processing file /opt/airflow/dags/waseet_daily.py for tasks to queue
[2026-09-15T18:57:33.541+0000] {logging_mixin.py:190} INFO - [2026-09-15T18:57:33.541+0000] {dagbag.py:588} INFO - Filling up the DagBag from /opt/airflow/dags/waseet_daily.py
[2026-09-15T18:57:33.559+0000] {processor.py:925} INFO - DAG(s) 'waseet_daily' retrieved from /opt/airflow/dags/waseet_daily.py
[2026-09-15T18:57:33.589+0000] {logging_mixin.py:190} INFO - [2026-09-15T18:57:33.589+0000] {dag.py:3239} INFO - Sync 1 DAGs
[2026-09-15T18:57:33.610+0000] {logging_mixin.py:190} INFO - [2026-09-15T18:57:33.610+0000] {dag.py:4180} INFO - Setting next_dagrun for waseet_daily to 2026-09-14 00:00:00+00:00, run_after=2026-09-15 00:00:00+00:00
[2026-09-15T18:57:33.631+0000] {processor.py:208} INFO - Processing /opt/airflow/dags/waseet_daily.py took 0.098 seconds
[2026-09-15T18:58:03.890+0000] {processor.py:186} INFO - Started process (PID=381) to work on /opt/airflow/dags/waseet_daily.py
[2026-09-15T18:58:03.892+0000] {processor.py:914} INFO - Processing file /opt/airflow/dags/waseet_daily.py for tasks to queue
[2026-09-15T18:58:03.894+0000] {logging_mixin.py:190} INFO - [2026-09-15T18:58:03.894+0000] {dagbag.py:588} INFO - Filling up the DagBag from /opt/airflow/dags/waseet_daily.py
[2026-09-15T18:58:03.909+0000] {processor.py:925} INFO - DAG(s) 'waseet_daily' retrieved from /opt/airflow/dags/waseet_daily.py
[2026-09-15T18:58:03.929+0000] {logging_mixin.py:190} INFO - [2026-09-15T18:58:03.929+0000] {dag.py:3239} INFO - Sync 1 DAGs
[2026-09-15T18:58:03.947+0000] {logging_mixin.py:190} INFO - [2026-09-15T18:58:03.946+0000] {dag.py:4180} INFO - Setting next_dagrun for waseet_daily to 2026-09-14 00:00:00+00:00, run_after=2026-09-15 00:00:00+00:00
[2026-09-15T18:58:03.965+0000] {processor.py:208} INFO - Processing /opt/airflow/dags/waseet_daily.py took 0.079 seconds
[2026-09-15T18:58:34.306+0000] {processor.py:186} INFO - Started process (PID=386) to work on /opt/airflow/dags/waseet_daily.py
[2026-09-15T18:58:34.307+0000] {processor.py:914} INFO - Processing file /opt/airflow/dags/waseet_daily.py for tasks to queue
[2026-09-15T18:58:34.309+0000] {logging_mixin.py:190} INFO - [2026-09-15T18:58:34.309+0000] {dagbag.py:588} INFO - Filling up the DagBag from /opt/airflow/dags/waseet_daily.py
[2026-09-15T18:58:34.326+0000] {processor.py:925} INFO - DAG(s) 'waseet_daily' retrieved from /opt/airflow/dags/waseet_daily.py
[2026-09-15T18:58:34.347+0000] {logging_mixin.py:190} INFO - [2026-09-15T18:58:34.347+0000] {dag.py:3239} INFO - Sync 1 DAGs
[2026-09-15T18:58:34.366+0000] {logging_mixin.py:190} INFO - [2026-09-15T18:58:34.365+0000] {dag.py:4180} INFO - Setting next_dagrun for waseet_daily to 2026-09-14 00:00:00+00:00, run_after=2026-09-15 00:00:00+00:00
[2026-09-15T18:58:34.385+0000] {processor.py:208} INFO - Processing /opt/airflow/dags/waseet_daily.py took 0.083 seconds
[2026-09-15T18:59:04.766+0000] {processor.py:186} INFO - Started process (PID=391) to work on /opt/airflow/dags/waseet_daily.py
[2026-09-15T18:59:04.767+0000] {processor.py:914} INFO - Processing file /opt/airflow/dags/waseet_daily.py for tasks to queue
[2026-09-15T18:59:04.770+0000] {logging_mixin.py:190} INFO - [2026-09-15T18:59:04.769+0000] {dagbag.py:588} INFO - Filling up the DagBag from /opt/airflow/dags/waseet_daily.py
[2026-09-15T18:59:04.788+0000] {processor.py:925} INFO - DAG(s) 'waseet_daily' retrieved from /opt/airflow/dags/waseet_daily.py
[2026-09-15T18:59:04.810+0000] {logging_mixin.py:190} INFO - [2026-09-15T18:59:04.809+0000] {dag.py:3239} INFO - Sync 1 DAGs
[2026-09-15T18:59:04.829+0000] {logging_mixin.py:190} INFO - [2026-09-15T18:59:04.829+0000] {dag.py:4180} INFO - Setting next_dagrun for waseet_daily to 2026-09-14 00:00:00+00:00, run_after=2026-09-15 00:00:00+00:00
[2026-09-15T18:59:04.863+0000] {processor.py:208} INFO - Processing /opt/airflow/dags/waseet_daily.py took 0.101 seconds
[2026-09-15T18:59:35.166+0000] {processor.py:186} INFO - Started process (PID=396) to work on /opt/airflow/dags/waseet_daily.py
[2026-09-15T18:59:35.168+0000] {processor.py:914} INFO - Processing file /opt/airflow/dags/waseet_daily.py for tasks to queue
[2026-09-15T18:59:35.170+0000] {logging_mixin.py:190} INFO - [2026-09-15T18:59:35.170+0000] {dagbag.py:588} INFO - Filling up the DagBag from /opt/airflow/dags/waseet_daily.py
[2026-09-15T18:59:35.194+0000] {processor.py:925} INFO - DAG(s) 'waseet_daily' retrieved from /opt/airflow/dags/waseet_daily.py
[2026-09-15T18:59:35.213+0000] {logging_mixin.py:190} INFO - [2026-09-15T18:59:35.213+0000] {dag.py:3239} INFO - Sync 1 DAGs
[2026-09-15T18:59:35.231+0000] {logging_mixin.py:190} INFO - [2026-09-15T18:59:35.231+0000] {dag.py:4180} INFO - Setting next_dagrun for waseet_daily to 2026-09-14 00:00:00+00:00, run_after=2026-09-15 00:00:00+00:00
[2026-09-15T18:59:35.248+0000] {processor.py:208} INFO - Processing /opt/airflow/dags/waseet_daily.py took 0.086 seconds
[2026-09-15T19:00:05.548+0000] {processor.py:186} INFO - Started process (PID=401) to work on /opt/airflow/dags/waseet_daily.py
[2026-09-15T19:00:05.549+0000] {processor.py:914} INFO - Processing file /opt/airflow/dags/waseet_daily.py for tasks to queue
[2026-09-15T19:00:05.551+0000] {logging_mixin.py:190} INFO - [2026-09-15T19:00:05.551+0000] {dagbag.py:588} INFO - Filling up the DagBag from /opt/airflow/dags/waseet_daily.py
[2026-09-15T19:00:05.576+0000] {processor.py:925} INFO - DAG(s) 'waseet_daily' retrieved from /opt/airflow/dags/waseet_daily.py
[2026-09-15T19:00:05.604+0000] {logging_mixin.py:190} INFO - [2026-09-15T19:00:05.604+0000] {dag.py:3239} INFO - Sync 1 DAGs
[2026-09-15T19:00:05.626+0000] {logging_mixin.py:190} INFO - [2026-09-15T19:00:05.626+0000] {dag.py:4180} INFO - Setting next_dagrun for waseet_daily to 2026-09-14 00:00:00+00:00, run_after=2026-09-15 00:00:00+00:00
[2026-09-15T19:00:05.644+0000] {processor.py:208} INFO - Processing /opt/airflow/dags/waseet_daily.py took 0.101 seconds
[2026-09-15T19:00:35.946+0000] {processor.py:186} INFO - Started process (PID=406) to work on /opt/airflow/dags/waseet_daily.py
[2026-09-15T19:00:35.947+0000] {processor.py:914} INFO - Processing file /opt/airflow/dags/waseet_daily.py for tasks to queue
[2026-09-15T19:00:35.950+0000] {logging_mixin.py:190} INFO - [2026-09-15T19:00:35.949+0000] {dagbag.py:588} INFO - Filling up the DagBag from /opt/airflow/dags/waseet_daily.py
[2026-09-15T19:00:35.966+0000] {processor.py:925} INFO - DAG(s) 'waseet_daily' retrieved from /opt/airflow/dags/waseet_daily.py
[2026-09-15T19:00:35.984+0000] {logging_mixin.py:190} INFO - [2026-09-15T19:00:35.984+0000] {dag.py:3239} INFO - Sync 1 DAGs
[2026-09-15T19:00:36.000+0000] {logging_mixin.py:190} INFO - [2026-09-15T19:00:36.000+0000] {dag.py:4180} INFO - Setting next_dagrun for waseet_daily to 2026-09-14 00:00:00+00:00, run_after=2026-09-15 00:00:00+00:00
[2026-09-15T19:00:36.017+0000] {processor.py:208} INFO - Processing /opt/airflow/dags/waseet_daily.py took 0.075 seconds
[2026-09-15T19:01:06.336+0000] {processor.py:186} INFO - Started process (PID=411) to work on /opt/airflow/dags/waseet_daily.py
[2026-09-15T19:01:06.337+0000] {processor.py:914} INFO - Processing file /opt/airflow/dags/waseet_daily.py for tasks to queue
[2026-09-15T19:01:06.340+0000] {logging_mixin.py:190} INFO - [2026-09-15T19:01:06.340+0000] {dagbag.py:588} INFO - Filling up the DagBag from /opt/airflow/dags/waseet_daily.py
[2026-09-15T19:01:06.355+0000] {processor.py:925} INFO - DAG(s) 'waseet_daily' retrieved from /opt/airflow/dags/waseet_daily.py
[2026-09-15T19:01:06.378+0000] {logging_mixin.py:190} INFO - [2026-09-15T19:01:06.378+0000] {dag.py:3239} INFO - Sync 1 DAGs
[2026-09-15T19:01:06.397+0000] {logging_mixin.py:190} INFO - [2026-09-15T19:01:06.397+0000] {dag.py:4180} INFO - Setting next_dagrun for waseet_daily to 2026-09-14 00:00:00+00:00, run_after=2026-09-15 00:00:00+00:00
[2026-09-15T19:01:06.414+0000] {processor.py:208} INFO - Processing /opt/airflow/dags/waseet_daily.py took 0.083 seconds
[2026-09-15T19:01:36.784+0000] {processor.py:186} INFO - Started process (PID=416) to work on /opt/airflow/dags/waseet_daily.py
[2026-09-15T19:01:36.785+0000] {processor.py:914} INFO - Processing file /opt/airflow/dags/waseet_daily.py for tasks to queue
[2026-09-15T19:01:36.787+0000] {logging_mixin.py:190} INFO - [2026-09-15T19:01:36.787+0000] {dagbag.py:588} INFO - Filling up the DagBag from /opt/airflow/dags/waseet_daily.py
[2026-09-15T19:01:36.806+0000] {processor.py:925} INFO - DAG(s) 'waseet_daily' retrieved from /opt/airflow/dags/waseet_daily.py
[2026-09-15T19:01:36.825+0000] {logging_mixin.py:190} INFO - [2026-09-15T19:01:36.824+0000] {dag.py:3239} INFO - Sync 1 DAGs
[2026-09-15T19:01:36.841+0000] {logging_mixin.py:190} INFO - [2026-09-15T19:01:36.841+0000] {dag.py:4180} INFO - Setting next_dagrun for waseet_daily to 2026-09-14 00:00:00+00:00, run_after=2026-09-15 00:00:00+00:00
[2026-09-15T19:01:36.857+0000] {processor.py:208} INFO - Processing /opt/airflow/dags/waseet_daily.py took 0.077 seconds
[2026-09-15T19:02:07.221+0000] {processor.py:186} INFO - Started process (PID=421) to work on /opt/airflow/dags/waseet_daily.py
[2026-09-15T19:02:07.223+0000] {processor.py:914} INFO - Processing file /opt/airflow/dags/waseet_daily.py for tasks to queue
[2026-09-15T19:02:07.226+0000] {logging_mixin.py:190} INFO - [2026-09-15T19:02:07.226+0000] {dagbag.py:588} INFO - Filling up the DagBag from /opt/airflow/dags/waseet_daily.py
[2026-09-15T19:02:07.247+0000] {processor.py:925} INFO - DAG(s) 'waseet_daily' retrieved from /opt/airflow/dags/waseet_daily.py
[2026-09-15T19:02:07.266+0000] {logging_mixin.py:190} INFO - [2026-09-15T19:02:07.266+0000] {dag.py:3239} INFO - Sync 1 DAGs
[2026-09-15T19:02:07.284+0000] {logging_mixin.py:190} INFO - [2026-09-15T19:02:07.284+0000] {dag.py:4180} INFO - Setting next_dagrun for waseet_daily to 2026-09-14 00:00:00+00:00, run_after=2026-09-15 00:00:00+00:00
[2026-09-15T19:02:07.316+0000] {processor.py:208} INFO - Processing /opt/airflow/dags/waseet_daily.py took 0.099 seconds
[2026-09-15T19:02:37.587+0000] {processor.py:186} INFO - Started process (PID=426) to work on /opt/airflow/dags/waseet_daily.py
[2026-09-15T19:02:37.589+0000] {processor.py:914} INFO - Processing file /opt/airflow/dags/waseet_daily.py for tasks to queue
[2026-09-15T19:02:37.592+0000] {logging_mixin.py:190} INFO - [2026-09-15T19:02:37.591+0000] {dagbag.py:588} INFO - Filling up the DagBag from /opt/airflow/dags/waseet_daily.py
[2026-09-15T19:02:37.609+0000] {processor.py:925} INFO - DAG(s) 'waseet_daily' retrieved from /opt/airflow/dags/waseet_daily.py
[2026-09-15T19:02:37.629+0000] {logging_mixin.py:190} INFO - [2026-09-15T19:02:37.629+0000] {dag.py:3239} INFO - Sync 1 DAGs
[2026-09-15T19:02:37.649+0000] {logging_mixin.py:190} INFO - [2026-09-15T19:02:37.649+0000] {dag.py:4180} INFO - Setting next_dagrun for waseet_daily to 2026-09-14 00:00:00+00:00, run_after=2026-09-15 00:00:00+00:00
[2026-09-15T19:02:37.667+0000] {processor.py:208} INFO - Processing /opt/airflow/dags/waseet_daily.py took 0.083 seconds
[2026-09-15T19:03:07.995+0000] {processor.py:186} INFO - Started process (PID=431) to work on /opt/airflow/dags/waseet_daily.py
[2026-09-15T19:03:07.996+0000] {processor.py:914} INFO - Processing file /opt/airflow/dags/waseet_daily.py for tasks to queue
[2026-09-15T19:03:07.999+0000] {logging_mixin.py:190} INFO - [2026-09-15T19:03:07.999+0000] {dagbag.py:588} INFO - Filling up the DagBag from /opt/airflow/dags/waseet_daily.py
[2026-09-15T19:03:08.016+0000] {processor.py:925} INFO - DAG(s) 'waseet_daily' retrieved from /opt/airflow/dags/waseet_daily.py
[2026-09-15T19:03:08.034+0000] {logging_mixin.py:190} INFO - [2026-09-15T19:03:08.034+0000] {dag.py:3239} INFO - Sync 1 DAGs
[2026-09-15T19:03:08.052+0000] {logging_mixin.py:190} INFO - [2026-09-15T19:03:08.052+0000] {dag.py:4180} INFO - Setting next_dagrun for waseet_daily to 2026-09-14 00:00:00+00:00, run_after=2026-09-15 00:00:00+00:00
[2026-09-15T19:03:08.067+0000] {processor.py:208} INFO - Processing /opt/airflow/dags/waseet_daily.py took 0.076 seconds
[2026-09-15T19:03:38.417+0000] {processor.py:186} INFO - Started process (PID=436) to work on /opt/airflow/dags/waseet_daily.py
[2026-09-15T19:03:38.418+0000] {processor.py:914} INFO - Processing file /opt/airflow/dags/waseet_daily.py for tasks to queue
[2026-09-15T19:03:38.421+0000] {logging_mixin.py:190} INFO - [2026-09-15T19:03:38.420+0000] {dagbag.py:588} INFO - Filling up the DagBag from /opt/airflow/dags/waseet_daily.py
[2026-09-15T19:03:38.435+0000] {processor.py:925} INFO - DAG(s) 'waseet_daily' retrieved from /opt/airflow/dags/waseet_daily.py
[2026-09-15T19:03:38.455+0000] {logging_mixin.py:190} INFO - [2026-09-15T19:03:38.455+0000] {dag.py:3239} INFO - Sync 1 DAGs
[2026-09-15T19:03:38.472+0000] {logging_mixin.py:190} INFO - [2026-09-15T19:03:38.472+0000] {dag.py:4180} INFO - Setting next_dagrun for waseet_daily to 2026-09-14 00:00:00+00:00, run_after=2026-09-15 00:00:00+00:00
[2026-09-15T19:03:38.496+0000] {processor.py:208} INFO - Processing /opt/airflow/dags/waseet_daily.py took 0.083 seconds
[2026-09-15T19:04:08.819+0000] {processor.py:186} INFO - Started process (PID=441) to work on /opt/airflow/dags/waseet_daily.py
[2026-09-15T19:04:08.820+0000] {processor.py:914} INFO - Processing file /opt/airflow/dags/waseet_daily.py for tasks to queue
[2026-09-15T19:04:08.822+0000] {logging_mixin.py:190} INFO - [2026-09-15T19:04:08.821+0000] {dagbag.py:588} INFO - Filling up the DagBag from /opt/airflow/dags/waseet_daily.py
[2026-09-15T19:04:08.835+0000] {processor.py:925} INFO - DAG(s) 'waseet_daily' retrieved from /opt/airflow/dags/waseet_daily.py
[2026-09-15T19:04:08.854+0000] {logging_mixin.py:190} INFO - [2026-09-15T19:04:08.853+0000] {dag.py:3239} INFO - Sync 1 DAGs
[2026-09-15T19:04:08.869+0000] {logging_mixin.py:190} INFO - [2026-09-15T19:04:08.869+0000] {dag.py:4180} INFO - Setting next_dagrun for waseet_daily to 2026-09-14 00:00:00+00:00, run_after=2026-09-15 00:00:00+00:00
[2026-09-15T19:04:08.886+0000] {processor.py:208} INFO - Processing /opt/airflow/dags/waseet_daily.py took 0.070 seconds
[2026-09-15T19:04:39.207+0000] {processor.py:186} INFO - Started process (PID=446) to work on /opt/airflow/dags/waseet_daily.py
[2026-09-15T19:04:39.208+0000] {processor.py:914} INFO - Processing file /opt/airflow/dags/waseet_daily.py for tasks to queue
[2026-09-15T19:04:39.210+0000] {logging_mixin.py:190} INFO - [2026-09-15T19:04:39.210+0000] {dagbag.py:588} INFO - Filling up the DagBag from /opt/airflow/dags/waseet_daily.py
[2026-09-15T19:04:39.229+0000] {processor.py:925} INFO - DAG(s) 'waseet_daily' retrieved from /opt/airflow/dags/waseet_daily.py
[2026-09-15T19:04:39.248+0000] {logging_mixin.py:190} INFO - [2026-09-15T19:04:39.247+0000] {dag.py:3239} INFO - Sync 1 DAGs
[2026-09-15T19:04:39.263+0000] {logging_mixin.py:190} INFO - [2026-09-15T19:04:39.263+0000] {dag.py:4180} INFO - Setting next_dagrun for waseet_daily to 2026-09-14 00:00:00+00:00, run_after=2026-09-15 00:00:00+00:00
[2026-09-15T19:04:39.293+0000] {processor.py:208} INFO - Processing /opt/airflow/dags/waseet_daily.py took 0.090 seconds
[2026-09-15T19:05:09.614+0000] {processor.py:186} INFO - Started process (PID=451) to work on /opt/airflow/dags/waseet_daily.py
[2026-09-15T19:05:09.615+0000] {processor.py:914} INFO - Processing file /opt/airflow/dags/waseet_daily.py for tasks to queue
[2026-09-15T19:05:09.617+0000] {logging_mixin.py:190} INFO - [2026-09-15T19:05:09.617+0000] {dagbag.py:588} INFO - Filling up the DagBag from /opt/airflow/dags/waseet_daily.py
[2026-09-15T19:05:09.638+0000] {processor.py:925} INFO - DAG(s) 'waseet_daily' retrieved from /opt/airflow/dags/waseet_daily.py
[2026-09-15T19:05:09.659+0000] {logging_mixin.py:190} INFO - [2026-09-15T19:05:09.658+0000] {dag.py:3239} INFO - Sync 1 DAGs
[2026-09-15T19:05:09.676+0000] {logging_mixin.py:190} INFO - [2026-09-15T19:05:09.675+0000] {dag.py:4180} INFO - Setting next_dagrun for waseet_daily to 2026-09-14 00:00:00+00:00, run_after=2026-09-15 00:00:00+00:00
[2026-09-15T19:05:09.710+0000] {processor.py:208} INFO - Processing /opt/airflow/dags/waseet_daily.py took 0.100 seconds
[2026-09-15T19:05:40.058+0000] {processor.py:186} INFO - Started process (PID=456) to work on /opt/airflow/dags/waseet_daily.py
[2026-09-15T19:05:40.059+0000] {processor.py:914} INFO - Processing file /opt/airflow/dags/waseet_daily.py for tasks to queue
[2026-09-15T19:05:40.061+0000] {logging_mixin.py:190} INFO - [2026-09-15T19:05:40.061+0000] {dagbag.py:588} INFO - Filling up the DagBag from /opt/airflow/dags/waseet_daily.py
[2026-09-15T19:05:40.080+0000] {processor.py:925} INFO - DAG(s) 'waseet_daily' retrieved from /opt/airflow/dags/waseet_daily.py
[2026-09-15T19:05:40.100+0000] {logging_mixin.py:190} INFO - [2026-09-15T19:05:40.100+0000] {dag.py:3239} INFO - Sync 1 DAGs
[2026-09-15T19:05:40.117+0000] {logging_mixin.py:190} INFO - [2026-09-15T19:05:40.117+0000] {dag.py:4180} INFO - Setting next_dagrun for waseet_daily to 2026-09-14 00:00:00+00:00, run_after=2026-09-15 00:00:00+00:00
[2026-09-15T19:05:40.133+0000] {processor.py:208} INFO - Processing /opt/airflow/dags/waseet_daily.py took 0.079 seconds
[2026-09-15T19:06:10.391+0000] {processor.py:186} INFO - Started process (PID=461) to work on /opt/airflow/dags/waseet_daily.py
[2026-09-15T19:06:10.392+0000] {processor.py:914} INFO - Processing file /opt/airflow/dags/waseet_daily.py for tasks to queue
[2026-09-15T19:06:10.394+0000] {logging_mixin.py:190} INFO - [2026-09-15T19:06:10.394+0000] {dagbag.py:588} INFO - Filling up the DagBag from /opt/airflow/dags/waseet_daily.py
[2026-09-15T19:06:10.408+0000] {processor.py:925} INFO - DAG(s) 'waseet_daily' retrieved from /opt/airflow/dags/waseet_daily.py
[2026-09-15T19:06:10.427+0000] {logging_mixin.py:190} INFO - [2026-09-15T19:06:10.427+0000] {dag.py:3239} INFO - Sync 1 DAGs
[2026-09-15T19:06:10.446+0000] {logging_mixin.py:190} INFO - [2026-09-15T19:06:10.446+0000] {dag.py:4180} INFO - Setting next_dagrun for waseet_daily to 2026-09-14 00:00:00+00:00, run_after=2026-09-15 00:00:00+00:00
[2026-09-15T19:06:10.462+0000] {processor.py:208} INFO - Processing /opt/airflow/dags/waseet_daily.py took 0.076 seconds
[2026-09-15T19:06:40.782+0000] {processor.py:186} INFO - Started process (PID=466) to work on /opt/airflow/dags/waseet_daily.py
[2026-09-15T19:06:40.783+0000] {processor.py:914} INFO - Processing file /opt/airflow/dags/waseet_daily.py for tasks to queue
[2026-09-15T19:06:40.786+0000] {logging_mixin.py:190} INFO - [2026-09-15T19:06:40.785+0000] {dagbag.py:588} INFO - Filling up the DagBag from /opt/airflow/dags/waseet_daily.py
[2026-09-15T19:06:40.800+0000] {processor.py:925} INFO - DAG(s) 'waseet_daily' retrieved from /opt/airflow/dags/waseet_daily.py
[2026-09-15T19:06:40.821+0000] {logging_mixin.py:190} INFO - [2026-09-15T19:06:40.821+0000] {dag.py:3239} INFO - Sync 1 DAGs
[2026-09-15T19:06:40.839+0000] {logging_mixin.py:190} INFO - [2026-09-15T19:06:40.839+0000] {dag.py:4180} INFO - Setting next_dagrun for waseet_daily to 2026-09-14 00:00:00+00:00, run_after=2026-09-15 00:00:00+00:00
[2026-09-15T19:06:40.855+0000] {processor.py:208} INFO - Processing /opt/airflow/dags/waseet_daily.py took 0.077 seconds
[2026-09-15T19:07:11.150+0000] {processor.py:186} INFO - Started process (PID=471) to work on /opt/airflow/dags/waseet_daily.py
[2026-09-15T19:07:11.151+0000] {processor.py:914} INFO - Processing file /opt/airflow/dags/waseet_daily.py for tasks to queue
[2026-09-15T19:07:11.154+0000] {logging_mixin.py:190} INFO - [2026-09-15T19:07:11.153+0000] {dagbag.py:588} INFO - Filling up the DagBag from /opt/airflow/dags/waseet_daily.py
[2026-09-15T19:07:11.172+0000] {processor.py:925} INFO - DAG(s) 'waseet_daily' retrieved from /opt/airflow/dags/waseet_daily.py
[2026-09-15T19:07:11.191+0000] {logging_mixin.py:190} INFO - [2026-09-15T19:07:11.191+0000] {dag.py:3239} INFO - Sync 1 DAGs
[2026-09-15T19:07:11.208+0000] {logging_mixin.py:190} INFO - [2026-09-15T19:07:11.208+0000] {dag.py:4180} INFO - Setting next_dagrun for waseet_daily to 2026-09-14 00:00:00+00:00, run_after=2026-09-15 00:00:00+00:00
[2026-09-15T19:07:11.226+0000] {processor.py:208} INFO - Processing /opt/airflow/dags/waseet_daily.py took 0.080 seconds
[2026-09-15T19:07:41.598+0000] {processor.py:186} INFO - Started process (PID=476) to work on /opt/airflow/dags/waseet_daily.py
[2026-09-15T19:07:41.599+0000] {processor.py:914} INFO - Processing file /opt/airflow/dags/waseet_daily.py for tasks to queue
[2026-09-15T19:07:41.601+0000] {logging_mixin.py:190} INFO - [2026-09-15T19:07:41.601+0000] {dagbag.py:588} INFO - Filling up the DagBag from /opt/airflow/dags/waseet_daily.py
[2026-09-15T19:07:41.618+0000] {processor.py:925} INFO - DAG(s) 'waseet_daily' retrieved from /opt/airflow/dags/waseet_daily.py
[2026-09-15T19:07:41.640+0000] {logging_mixin.py:190} INFO - [2026-09-15T19:07:41.640+0000] {dag.py:3239} INFO - Sync 1 DAGs
[2026-09-15T19:07:41.662+0000] {logging_mixin.py:190} INFO - [2026-09-15T19:07:41.662+0000] {dag.py:4180} INFO - Setting next_dagrun for waseet_daily to 2026-09-14 00:00:00+00:00, run_after=2026-09-15 00:00:00+00:00
[2026-09-15T19:07:41.680+0000] {processor.py:208} INFO - Processing /opt/airflow/dags/waseet_daily.py took 0.086 seconds
[2026-09-15T19:08:11.938+0000] {processor.py:186} INFO - Started process (PID=481) to work on /opt/airflow/dags/waseet_daily.py
[2026-09-15T19:08:11.939+0000] {processor.py:914} INFO - Processing file /opt/airflow/dags/waseet_daily.py for tasks to queue
[2026-09-15T19:08:11.941+0000] {logging_mixin.py:190} INFO - [2026-09-15T19:08:11.941+0000] {dagbag.py:588} INFO - Filling up the DagBag from /opt/airflow/dags/waseet_daily.py
[2026-09-15T19:08:11.957+0000] {processor.py:925} INFO - DAG(s) 'waseet_daily' retrieved from /opt/airflow/dags/waseet_daily.py
[2026-09-15T19:08:11.975+0000] {logging_mixin.py:190} INFO - [2026-09-15T19:08:11.975+0000] {dag.py:3239} INFO - Sync 1 DAGs
[2026-09-15T19:08:11.993+0000] {logging_mixin.py:190} INFO - [2026-09-15T19:08:11.992+0000] {dag.py:4180} INFO - Setting next_dagrun for waseet_daily to 2026-09-14 00:00:00+00:00, run_after=2026-09-15 00:00:00+00:00
[2026-09-15T19:08:12.026+0000] {processor.py:208} INFO - Processing /opt/airflow/dags/waseet_daily.py took 0.091 seconds
[2026-09-15T19:08:42.311+0000] {processor.py:186} INFO - Started process (PID=486) to work on /opt/airflow/dags/waseet_daily.py
[2026-09-15T19:08:42.312+0000] {processor.py:914} INFO - Processing file /opt/airflow/dags/waseet_daily.py for tasks to queue
[2026-09-15T19:08:42.315+0000] {logging_mixin.py:190} INFO - [2026-09-15T19:08:42.314+0000] {dagbag.py:588} INFO - Filling up the DagBag from /opt/airflow/dags/waseet_daily.py
[2026-09-15T19:08:42.331+0000] {processor.py:925} INFO - DAG(s) 'waseet_daily' retrieved from /opt/airflow/dags/waseet_daily.py
[2026-09-15T19:08:42.353+0000] {logging_mixin.py:190} INFO - [2026-09-15T19:08:42.353+0000] {dag.py:3239} INFO - Sync 1 DAGs
[2026-09-15T19:08:42.371+0000] {logging_mixin.py:190} INFO - [2026-09-15T19:08:42.370+0000] {dag.py:4180} INFO - Setting next_dagrun for waseet_daily to 2026-09-14 00:00:00+00:00, run_after=2026-09-15 00:00:00+00:00
[2026-09-15T19:08:42.388+0000] {processor.py:208} INFO - Processing /opt/airflow/dags/waseet_daily.py took 0.082 seconds
[2026-09-15T19:09:12.730+0000] {processor.py:186} INFO - Started process (PID=491) to work on /opt/airflow/dags/waseet_daily.py
[2026-09-15T19:09:12.731+0000] {processor.py:914} INFO - Processing file /opt/airflow/dags/waseet_daily.py for tasks to queue
[2026-09-15T19:09:12.734+0000] {logging_mixin.py:190} INFO - [2026-09-15T19:09:12.734+0000] {dagbag.py:588} INFO - Filling up the DagBag from /opt/airflow/dags/waseet_daily.py
[2026-09-15T19:09:12.756+0000] {processor.py:925} INFO - DAG(s) 'waseet_daily' retrieved from /opt/airflow/dags/waseet_daily.py
[2026-09-15T19:09:12.776+0000] {logging_mixin.py:190} INFO - [2026-09-15T19:09:12.776+0000] {dag.py:3239} INFO - Sync 1 DAGs
[2026-09-15T19:09:12.793+0000] {logging_mixin.py:190} INFO - [2026-09-15T19:09:12.793+0000] {dag.py:4180} INFO - Setting next_dagrun for waseet_daily to 2026-09-14 00:00:00+00:00, run_after=2026-09-15 00:00:00+00:00
[2026-09-15T19:09:12.828+0000] {processor.py:208} INFO - Processing /opt/airflow/dags/waseet_daily.py took 0.102 seconds
[2026-09-15T19:09:43.144+0000] {processor.py:186} INFO - Started process (PID=522) to work on /opt/airflow/dags/waseet_daily.py
[2026-09-15T19:09:43.145+0000] {processor.py:914} INFO - Processing file /opt/airflow/dags/waseet_daily.py for tasks to queue
[2026-09-15T19:09:43.147+0000] {logging_mixin.py:190} INFO - [2026-09-15T19:09:43.147+0000] {dagbag.py:588} INFO - Filling up the DagBag from /opt/airflow/dags/waseet_daily.py
[2026-09-15T19:09:43.167+0000] {processor.py:925} INFO - DAG(s) 'waseet_daily' retrieved from /opt/airflow/dags/waseet_daily.py
[2026-09-15T19:09:43.186+0000] {logging_mixin.py:190} INFO - [2026-09-15T19:09:43.186+0000] {dag.py:3239} INFO - Sync 1 DAGs
[2026-09-15T19:09:43.203+0000] {logging_mixin.py:190} INFO - [2026-09-15T19:09:43.203+0000] {dag.py:4180} INFO - Setting next_dagrun for waseet_daily to 2026-09-14 00:00:00+00:00, run_after=2026-09-15 00:00:00+00:00
[2026-09-15T19:09:43.234+0000] {processor.py:208} INFO - Processing /opt/airflow/dags/waseet_daily.py took 0.094 seconds
[2026-09-15T19:10:13.556+0000] {processor.py:186} INFO - Started process (PID=553) to work on /opt/airflow/dags/waseet_daily.py
[2026-09-15T19:10:13.558+0000] {processor.py:914} INFO - Processing file /opt/airflow/dags/waseet_daily.py for tasks to queue
[2026-09-15T19:10:13.560+0000] {logging_mixin.py:190} INFO - [2026-09-15T19:10:13.560+0000] {dagbag.py:588} INFO - Filling up the DagBag from /opt/airflow/dags/waseet_daily.py
[2026-09-15T19:10:13.587+0000] {processor.py:925} INFO - DAG(s) 'waseet_daily' retrieved from /opt/airflow/dags/waseet_daily.py
[2026-09-15T19:10:13.607+0000] {logging_mixin.py:190} INFO - [2026-09-15T19:10:13.607+0000] {dag.py:3239} INFO - Sync 1 DAGs
[2026-09-15T19:10:13.623+0000] {logging_mixin.py:190} INFO - [2026-09-15T19:10:13.623+0000] {dag.py:4180} INFO - Setting next_dagrun for waseet_daily to 2026-09-14 00:00:00+00:00, run_after=2026-09-15 00:00:00+00:00
[2026-09-15T19:10:13.642+0000] {processor.py:208} INFO - Processing /opt/airflow/dags/waseet_daily.py took 0.090 seconds
[2026-09-15T19:10:43.960+0000] {processor.py:186} INFO - Started process (PID=558) to work on /opt/airflow/dags/waseet_daily.py
[2026-09-15T19:10:43.961+0000] {processor.py:914} INFO - Processing file /opt/airflow/dags/waseet_daily.py for tasks to queue
[2026-09-15T19:10:43.963+0000] {logging_mixin.py:190} INFO - [2026-09-15T19:10:43.963+0000] {dagbag.py:588} INFO - Filling up the DagBag from /opt/airflow/dags/waseet_daily.py
[2026-09-15T19:10:43.980+0000] {processor.py:925} INFO - DAG(s) 'waseet_daily' retrieved from /opt/airflow/dags/waseet_daily.py
[2026-09-15T19:10:44.003+0000] {logging_mixin.py:190} INFO - [2026-09-15T19:10:44.002+0000] {dag.py:3239} INFO - Sync 1 DAGs
[2026-09-15T19:10:44.023+0000] {logging_mixin.py:190} INFO - [2026-09-15T19:10:44.022+0000] {dag.py:4180} INFO - Setting next_dagrun for waseet_daily to 2026-09-14 00:00:00+00:00, run_after=2026-09-15 00:00:00+00:00
[2026-09-15T19:10:44.040+0000] {processor.py:208} INFO - Processing /opt/airflow/dags/waseet_daily.py took 0.098 seconds
[2026-09-15T19:11:14.395+0000] {processor.py:186} INFO - Started process (PID=563) to work on /opt/airflow/dags/waseet_daily.py
[2026-09-15T19:11:14.396+0000] {processor.py:914} INFO - Processing file /opt/airflow/dags/waseet_daily.py for tasks to queue
[2026-09-15T19:11:14.399+0000] {logging_mixin.py:190} INFO - [2026-09-15T19:11:14.398+0000] {dagbag.py:588} INFO - Filling up the DagBag from /opt/airflow/dags/waseet_daily.py
[2026-09-15T19:11:14.422+0000] {processor.py:925} INFO - DAG(s) 'waseet_daily' retrieved from /opt/airflow/dags/waseet_daily.py
[2026-09-15T19:11:14.446+0000] {logging_mixin.py:190} INFO - [2026-09-15T19:11:14.446+0000] {dag.py:3239} INFO - Sync 1 DAGs
[2026-09-15T19:11:14.466+0000] {logging_mixin.py:190} INFO - [2026-09-15T19:11:14.466+0000] {dag.py:4180} INFO - Setting next_dagrun for waseet_daily to 2026-09-14 00:00:00+00:00, run_after=2026-09-15 00:00:00+00:00
[2026-09-15T19:11:14.490+0000] {processor.py:208} INFO - Processing /opt/airflow/dags/waseet_daily.py took 0.100 seconds
[2026-09-15T19:11:44.821+0000] {processor.py:186} INFO - Started process (PID=568) to work on /opt/airflow/dags/waseet_daily.py
[2026-09-15T19:11:44.822+0000] {processor.py:914} INFO - Processing file /opt/airflow/dags/waseet_daily.py for tasks to queue
[2026-09-15T19:11:44.824+0000] {logging_mixin.py:190} INFO - [2026-09-15T19:11:44.823+0000] {dagbag.py:588} INFO - Filling up the DagBag from /opt/airflow/dags/waseet_daily.py
[2026-09-15T19:11:44.843+0000] {processor.py:925} INFO - DAG(s) 'waseet_daily' retrieved from /opt/airflow/dags/waseet_daily.py
[2026-09-15T19:11:44.862+0000] {logging_mixin.py:190} INFO - [2026-09-15T19:11:44.862+0000] {dag.py:3239} INFO - Sync 1 DAGs
[2026-09-15T19:11:44.879+0000] {logging_mixin.py:190} INFO - [2026-09-15T19:11:44.878+0000] {dag.py:4180} INFO - Setting next_dagrun for waseet_daily to 2026-09-14 00:00:00+00:00, run_after=2026-09-15 00:00:00+00:00
[2026-09-15T19:11:44.903+0000] {processor.py:208} INFO - Processing /opt/airflow/dags/waseet_daily.py took 0.086 seconds
[2026-09-15T19:12:15.262+0000] {processor.py:186} INFO - Started process (PID=573) to work on /opt/airflow/dags/waseet_daily.py
[2026-09-15T19:12:15.263+0000] {processor.py:914} INFO - Processing file /opt/airflow/dags/waseet_daily.py for tasks to queue
[2026-09-15T19:12:15.266+0000] {logging_mixin.py:190} INFO - [2026-09-15T19:12:15.266+0000] {dagbag.py:588} INFO - Filling up the DagBag from /opt/airflow/dags/waseet_daily.py
[2026-09-15T19:12:15.283+0000] {processor.py:925} INFO - DAG(s) 'waseet_daily' retrieved from /opt/airflow/dags/waseet_daily.py
[2026-09-15T19:12:15.303+0000] {logging_mixin.py:190} INFO - [2026-09-15T19:12:15.302+0000] {dag.py:3239} INFO - Sync 1 DAGs
[2026-09-15T19:12:15.322+0000] {logging_mixin.py:190} INFO - [2026-09-15T19:12:15.322+0000] {dag.py:4180} INFO - Setting next_dagrun for waseet_daily to 2026-09-14 00:00:00+00:00, run_after=2026-09-15 00:00:00+00:00
[2026-09-15T19:12:15.353+0000] {processor.py:208} INFO - Processing /opt/airflow/dags/waseet_daily.py took 0.095 seconds
[2026-09-15T19:12:45.672+0000] {processor.py:186} INFO - Started process (PID=578) to work on /opt/airflow/dags/waseet_daily.py
[2026-09-15T19:12:45.674+0000] {processor.py:914} INFO - Processing file /opt/airflow/dags/waseet_daily.py for tasks to queue
[2026-09-15T19:12:45.676+0000] {logging_mixin.py:190} INFO - [2026-09-15T19:12:45.676+0000] {dagbag.py:588} INFO - Filling up the DagBag from /opt/airflow/dags/waseet_daily.py
[2026-09-15T19:12:45.695+0000] {processor.py:925} INFO - DAG(s) 'waseet_daily' retrieved from /opt/airflow/dags/waseet_daily.py
[2026-09-15T19:12:45.716+0000] {logging_mixin.py:190} INFO - [2026-09-15T19:12:45.716+0000] {dag.py:3239} INFO - Sync 1 DAGs
[2026-09-15T19:12:45.736+0000] {logging_mixin.py:190} INFO - [2026-09-15T19:12:45.736+0000] {dag.py:4180} INFO - Setting next_dagrun for waseet_daily to 2026-09-14 00:00:00+00:00, run_after=2026-09-15 00:00:00+00:00
[2026-09-15T19:12:45.755+0000] {processor.py:208} INFO - Processing /opt/airflow/dags/waseet_daily.py took 0.087 seconds
[2026-09-15T19:13:16.104+0000] {processor.py:186} INFO - Started process (PID=583) to work on /opt/airflow/dags/waseet_daily.py
[2026-09-15T19:13:16.105+0000] {processor.py:914} INFO - Processing file /opt/airflow/dags/waseet_daily.py for tasks to queue
[2026-09-15T19:13:16.107+0000] {logging_mixin.py:190} INFO - [2026-09-15T19:13:16.107+0000] {dagbag.py:588} INFO - Filling up the DagBag from /opt/airflow/dags/waseet_daily.py
[2026-09-15T19:13:16.123+0000] {processor.py:925} INFO - DAG(s) 'waseet_daily' retrieved from /opt/airflow/dags/waseet_daily.py
[2026-09-15T19:13:16.143+0000] {logging_mixin.py:190} INFO - [2026-09-15T19:13:16.143+0000] {dag.py:3239} INFO - Sync 1 DAGs
[2026-09-15T19:13:16.161+0000] {logging_mixin.py:190} INFO - [2026-09-15T19:13:16.161+0000] {dag.py:4180} INFO - Setting next_dagrun for waseet_daily to 2026-09-14 00:00:00+00:00, run_after=2026-09-15 00:00:00+00:00
[2026-09-15T19:13:16.177+0000] {processor.py:208} INFO - Processing /opt/airflow/dags/waseet_daily.py took 0.077 seconds
[2026-09-15T19:13:46.536+0000] {processor.py:186} INFO - Started process (PID=588) to work on /opt/airflow/dags/waseet_daily.py
[2026-09-15T19:13:46.538+0000] {processor.py:914} INFO - Processing file /opt/airflow/dags/waseet_daily.py for tasks to queue
[2026-09-15T19:13:46.541+0000] {logging_mixin.py:190} INFO - [2026-09-15T19:13:46.541+0000] {dagbag.py:588} INFO - Filling up the DagBag from /opt/airflow/dags/waseet_daily.py
[2026-09-15T19:13:46.560+0000] {processor.py:925} INFO - DAG(s) 'waseet_daily' retrieved from /opt/airflow/dags/waseet_daily.py
[2026-09-15T19:13:46.580+0000] {logging_mixin.py:190} INFO - [2026-09-15T19:13:46.580+0000] {dag.py:3239} INFO - Sync 1 DAGs
[2026-09-15T19:13:46.598+0000] {logging_mixin.py:190} INFO - [2026-09-15T19:13:46.598+0000] {dag.py:4180} INFO - Setting next_dagrun for waseet_daily to 2026-09-14 00:00:00+00:00, run_after=2026-09-15 00:00:00+00:00
[2026-09-15T19:13:46.631+0000] {processor.py:208} INFO - Processing /opt/airflow/dags/waseet_daily.py took 0.099 seconds
[2026-09-15T19:14:16.937+0000] {processor.py:186} INFO - Started process (PID=619) to work on /opt/airflow/dags/waseet_daily.py
[2026-09-15T19:14:16.939+0000] {processor.py:914} INFO - Processing file /opt/airflow/dags/waseet_daily.py for tasks to queue
[2026-09-15T19:14:16.941+0000] {logging_mixin.py:190} INFO - [2026-09-15T19:14:16.941+0000] {dagbag.py:588} INFO - Filling up the DagBag from /opt/airflow/dags/waseet_daily.py
[2026-09-15T19:14:16.958+0000] {processor.py:925} INFO - DAG(s) 'waseet_daily' retrieved from /opt/airflow/dags/waseet_daily.py
[2026-09-15T19:14:16.980+0000] {logging_mixin.py:190} INFO - [2026-09-15T19:14:16.980+0000] {dag.py:3239} INFO - Sync 1 DAGs
[2026-09-15T19:14:16.999+0000] {logging_mixin.py:190} INFO - [2026-09-15T19:14:16.998+0000] {dag.py:4180} INFO - Setting next_dagrun for waseet_daily to 2026-09-14 00:00:00+00:00, run_after=2026-09-15 00:00:00+00:00
[2026-09-15T19:14:17.029+0000] {processor.py:208} INFO - Processing /opt/airflow/dags/waseet_daily.py took 0.096 seconds
[2026-09-15T19:14:47.286+0000] {processor.py:186} INFO - Started process (PID=624) to work on /opt/airflow/dags/waseet_daily.py
[2026-09-15T19:14:47.287+0000] {processor.py:914} INFO - Processing file /opt/airflow/dags/waseet_daily.py for tasks to queue
[2026-09-15T19:14:47.290+0000] {logging_mixin.py:190} INFO - [2026-09-15T19:14:47.289+0000] {dagbag.py:588} INFO - Filling up the DagBag from /opt/airflow/dags/waseet_daily.py
[2026-09-15T19:14:47.309+0000] {processor.py:925} INFO - DAG(s) 'waseet_daily' retrieved from /opt/airflow/dags/waseet_daily.py
[2026-09-15T19:14:47.330+0000] {logging_mixin.py:190} INFO - [2026-09-15T19:14:47.330+0000] {dag.py:3239} INFO - Sync 1 DAGs
[2026-09-15T19:14:47.349+0000] {logging_mixin.py:190} INFO - [2026-09-15T19:14:47.349+0000] {dag.py:4180} INFO - Setting next_dagrun for waseet_daily to 2026-09-14 00:00:00+00:00, run_after=2026-09-15 00:00:00+00:00
[2026-09-15T19:14:47.366+0000] {processor.py:208} INFO - Processing /opt/airflow/dags/waseet_daily.py took 0.084 seconds
[2026-09-15T19:15:17.675+0000] {processor.py:186} INFO - Started process (PID=629) to work on /opt/airflow/dags/waseet_daily.py
[2026-09-15T19:15:17.676+0000] {processor.py:914} INFO - Processing file /opt/airflow/dags/waseet_daily.py for tasks to queue
[2026-09-15T19:15:17.678+0000] {logging_mixin.py:190} INFO - [2026-09-15T19:15:17.678+0000] {dagbag.py:588} INFO - Filling up the DagBag from /opt/airflow/dags/waseet_daily.py
[2026-09-15T19:15:17.702+0000] {processor.py:925} INFO - DAG(s) 'waseet_daily' retrieved from /opt/airflow/dags/waseet_daily.py
[2026-09-15T19:15:17.729+0000] {logging_mixin.py:190} INFO - [2026-09-15T19:15:17.729+0000] {dag.py:3239} INFO - Sync 1 DAGs
[2026-09-15T19:15:17.749+0000] {logging_mixin.py:190} INFO - [2026-09-15T19:15:17.748+0000] {dag.py:4180} INFO - Setting next_dagrun for waseet_daily to 2026-09-14 00:00:00+00:00, run_after=2026-09-15 00:00:00+00:00
[2026-09-15T19:15:17.767+0000] {processor.py:208} INFO - Processing /opt/airflow/dags/waseet_daily.py took 0.111 seconds
[2026-09-15T19:15:48.073+0000] {processor.py:186} INFO - Started process (PID=634) to work on /opt/airflow/dags/waseet_daily.py
[2026-09-15T19:15:48.074+0000] {processor.py:914} INFO - Processing file /opt/airflow/dags/waseet_daily.py for tasks to queue
[2026-09-15T19:15:48.077+0000] {logging_mixin.py:190} INFO - [2026-09-15T19:15:48.077+0000] {dagbag.py:588} INFO - Filling up the DagBag from /opt/airflow/dags/waseet_daily.py
[2026-09-15T19:15:48.099+0000] {processor.py:925} INFO - DAG(s) 'waseet_daily' retrieved from /opt/airflow/dags/waseet_daily.py
[2026-09-15T19:15:48.122+0000] {logging_mixin.py:190} INFO - [2026-09-15T19:15:48.122+0000] {dag.py:3239} INFO - Sync 1 DAGs
[2026-09-15T19:15:48.143+0000] {logging_mixin.py:190} INFO - [2026-09-15T19:15:48.142+0000] {dag.py:4180} INFO - Setting next_dagrun for waseet_daily to 2026-09-14 00:00:00+00:00, run_after=2026-09-15 00:00:00+00:00
[2026-09-15T19:15:48.175+0000] {processor.py:208} INFO - Processing /opt/airflow/dags/waseet_daily.py took 0.106 seconds
[2026-09-15T19:16:18.473+0000] {processor.py:186} INFO - Started process (PID=640) to work on /opt/airflow/dags/waseet_daily.py
[2026-09-15T19:16:18.474+0000] {processor.py:914} INFO - Processing file /opt/airflow/dags/waseet_daily.py for tasks to queue
[2026-09-15T19:16:18.477+0000] {logging_mixin.py:190} INFO - [2026-09-15T19:16:18.476+0000] {dagbag.py:588} INFO - Filling up the DagBag from /opt/airflow/dags/waseet_daily.py
[2026-09-15T19:16:18.497+0000] {processor.py:925} INFO - DAG(s) 'waseet_daily' retrieved from /opt/airflow/dags/waseet_daily.py
[2026-09-15T19:16:18.516+0000] {logging_mixin.py:190} INFO - [2026-09-15T19:16:18.516+0000] {dag.py:3239} INFO - Sync 1 DAGs
[2026-09-15T19:16:18.535+0000] {logging_mixin.py:190} INFO - [2026-09-15T19:16:18.534+0000] {dag.py:4180} INFO - Setting next_dagrun for waseet_daily to 2026-09-14 00:00:00+00:00, run_after=2026-09-15 00:00:00+00:00
[2026-09-15T19:16:18.549+0000] {processor.py:208} INFO - Processing /opt/airflow/dags/waseet_daily.py took 0.080 seconds
[2026-09-15T19:16:48.838+0000] {processor.py:186} INFO - Started process (PID=645) to work on /opt/airflow/dags/waseet_daily.py
[2026-09-15T19:16:48.839+0000] {processor.py:914} INFO - Processing file /opt/airflow/dags/waseet_daily.py for tasks to queue
[2026-09-15T19:16:48.841+0000] {logging_mixin.py:190} INFO - [2026-09-15T19:16:48.841+0000] {dagbag.py:588} INFO - Filling up the DagBag from /opt/airflow/dags/waseet_daily.py
[2026-09-15T19:16:48.856+0000] {processor.py:925} INFO - DAG(s) 'waseet_daily' retrieved from /opt/airflow/dags/waseet_daily.py
[2026-09-15T19:16:48.880+0000] {logging_mixin.py:190} INFO - [2026-09-15T19:16:48.879+0000] {dag.py:3239} INFO - Sync 1 DAGs
[2026-09-15T19:16:48.902+0000] {logging_mixin.py:190} INFO - [2026-09-15T19:16:48.901+0000] {dag.py:4180} INFO - Setting next_dagrun for waseet_daily to 2026-09-14 00:00:00+00:00, run_after=2026-09-15 00:00:00+00:00
[2026-09-15T19:16:48.920+0000] {processor.py:208} INFO - Processing /opt/airflow/dags/waseet_daily.py took 0.086 seconds
[2026-09-15T19:17:19.272+0000] {processor.py:186} INFO - Started process (PID=650) to work on /opt/airflow/dags/waseet_daily.py
[2026-09-15T19:17:19.273+0000] {processor.py:914} INFO - Processing file /opt/airflow/dags/waseet_daily.py for tasks to queue
[2026-09-15T19:17:19.275+0000] {logging_mixin.py:190} INFO - [2026-09-15T19:17:19.275+0000] {dagbag.py:588} INFO - Filling up the DagBag from /opt/airflow/dags/waseet_daily.py
[2026-09-15T19:17:19.291+0000] {processor.py:925} INFO - DAG(s) 'waseet_daily' retrieved from /opt/airflow/dags/waseet_daily.py
[2026-09-15T19:17:19.312+0000] {logging_mixin.py:190} INFO - [2026-09-15T19:17:19.312+0000] {dag.py:3239} INFO - Sync 1 DAGs
[2026-09-15T19:17:19.331+0000] {logging_mixin.py:190} INFO - [2026-09-15T19:17:19.331+0000] {dag.py:4180} INFO - Setting next_dagrun for waseet_daily to 2026-09-14 00:00:00+00:00, run_after=2026-09-15 00:00:00+00:00
[2026-09-15T19:17:19.348+0000] {processor.py:208} INFO - Processing /opt/airflow/dags/waseet_daily.py took 0.079 seconds
[2026-09-15T19:17:49.702+0000] {processor.py:186} INFO - Started process (PID=655) to work on /opt/airflow/dags/waseet_daily.py
[2026-09-15T19:17:49.703+0000] {processor.py:914} INFO - Processing file /opt/airflow/dags/waseet_daily.py for tasks to queue
[2026-09-15T19:17:49.706+0000] {logging_mixin.py:190} INFO - [2026-09-15T19:17:49.705+0000] {dagbag.py:588} INFO - Filling up the DagBag from /opt/airflow/dags/waseet_daily.py
[2026-09-15T19:17:49.721+0000] {processor.py:925} INFO - DAG(s) 'waseet_daily' retrieved from /opt/airflow/dags/waseet_daily.py
[2026-09-15T19:17:49.740+0000] {logging_mixin.py:190} INFO - [2026-09-15T19:17:49.740+0000] {dag.py:3239} INFO - Sync 1 DAGs
[2026-09-15T19:17:49.758+0000] {logging_mixin.py:190} INFO - [2026-09-15T19:17:49.758+0000] {dag.py:4180} INFO - Setting next_dagrun for waseet_daily to 2026-09-14 00:00:00+00:00, run_after=2026-09-15 00:00:00+00:00
[2026-09-15T19:17:49.778+0000] {processor.py:208} INFO - Processing /opt/airflow/dags/waseet_daily.py took 0.080 seconds
[2026-09-15T19:17:55.804+0000] {processor.py:186} INFO - Started process (PID=660) to work on /opt/airflow/dags/waseet_daily.py
[2026-09-15T19:17:55.805+0000] {processor.py:914} INFO - Processing file /opt/airflow/dags/waseet_daily.py for tasks to queue
[2026-09-15T19:17:55.807+0000] {logging_mixin.py:190} INFO - [2026-09-15T19:17:55.807+0000] {dagbag.py:588} INFO - Filling up the DagBag from /opt/airflow/dags/waseet_daily.py
[2026-09-15T19:17:55.838+0000] {logging_mixin.py:190} INFO - [2026-09-15T19:17:55.834+0000] {dagbag.py:387} ERROR - Failed to import: /opt/airflow/dags/waseet_daily.py
Traceback (most recent call last):
  File "/home/airflow/.local/lib/python3.12/site-packages/airflow/models/dagbag.py", line 383, in parse
    loader.exec_module(new_module)
  File "<frozen importlib._bootstrap_external>", line 999, in exec_module
  File "<frozen importlib._bootstrap>", line 488, in _call_with_frames_removed
  File "/opt/airflow/dags/waseet_daily.py", line 27, in <module>
    s
NameError: name 's' is not defined
[2026-09-15T19:17:55.840+0000] {processor.py:927} WARNING - No viable dags retrieved from /opt/airflow/dags/waseet_daily.py
[2026-09-15T19:17:55.860+0000] {processor.py:208} INFO - Processing /opt/airflow/dags/waseet_daily.py took 0.061 seconds
[2026-09-15T19:18:26.297+0000] {processor.py:186} INFO - Started process (PID=665) to work on /opt/airflow/dags/waseet_daily.py
[2026-09-15T19:18:26.299+0000] {processor.py:914} INFO - Processing file /opt/airflow/dags/waseet_daily.py for tasks to queue
[2026-09-15T19:18:26.301+0000] {logging_mixin.py:190} INFO - [2026-09-15T19:18:26.301+0000] {dagbag.py:588} INFO - Filling up the DagBag from /opt/airflow/dags/waseet_daily.py
[2026-09-15T19:18:26.319+0000] {logging_mixin.py:190} INFO - [2026-09-15T19:18:26.313+0000] {dagbag.py:387} ERROR - Failed to import: /opt/airflow/dags/waseet_daily.py
Traceback (most recent call last):
  File "/home/airflow/.local/lib/python3.12/site-packages/airflow/models/dagbag.py", line 383, in parse
    loader.exec_module(new_module)
  File "<frozen importlib._bootstrap_external>", line 999, in exec_module
  File "<frozen importlib._bootstrap>", line 488, in _call_with_frames_removed
  File "/opt/airflow/dags/waseet_daily.py", line 27, in <module>
    s
NameError: name 's' is not defined
[2026-09-15T19:18:26.321+0000] {processor.py:927} WARNING - No viable dags retrieved from /opt/airflow/dags/waseet_daily.py
[2026-09-15T19:18:26.339+0000] {processor.py:208} INFO - Processing /opt/airflow/dags/waseet_daily.py took 0.046 seconds
[2026-09-15T19:18:56.763+0000] {processor.py:186} INFO - Started process (PID=670) to work on /opt/airflow/dags/waseet_daily.py
[2026-09-15T19:18:56.765+0000] {processor.py:914} INFO - Processing file /opt/airflow/dags/waseet_daily.py for tasks to queue
[2026-09-15T19:18:56.767+0000] {logging_mixin.py:190} INFO - [2026-09-15T19:18:56.767+0000] {dagbag.py:588} INFO - Filling up the DagBag from /opt/airflow/dags/waseet_daily.py
[2026-09-15T19:18:56.791+0000] {logging_mixin.py:190} INFO - [2026-09-15T19:18:56.784+0000] {dagbag.py:387} ERROR - Failed to import: /opt/airflow/dags/waseet_daily.py
Traceback (most recent call last):
  File "/home/airflow/.local/lib/python3.12/site-packages/airflow/models/dagbag.py", line 383, in parse
    loader.exec_module(new_module)
  File "<frozen importlib._bootstrap_external>", line 999, in exec_module
  File "<frozen importlib._bootstrap>", line 488, in _call_with_frames_removed
  File "/opt/airflow/dags/waseet_daily.py", line 27, in <module>
    s
NameError: name 's' is not defined
[2026-09-15T19:18:56.795+0000] {processor.py:927} WARNING - No viable dags retrieved from /opt/airflow/dags/waseet_daily.py
[2026-09-15T19:18:56.827+0000] {processor.py:208} INFO - Processing /opt/airflow/dags/waseet_daily.py took 0.068 seconds
[2026-09-15T19:19:27.231+0000] {processor.py:186} INFO - Started process (PID=675) to work on /opt/airflow/dags/waseet_daily.py
[2026-09-15T19:19:27.233+0000] {processor.py:914} INFO - Processing file /opt/airflow/dags/waseet_daily.py for tasks to queue
[2026-09-15T19:19:27.235+0000] {logging_mixin.py:190} INFO - [2026-09-15T19:19:27.235+0000] {dagbag.py:588} INFO - Filling up the DagBag from /opt/airflow/dags/waseet_daily.py
[2026-09-15T19:19:27.255+0000] {logging_mixin.py:190} INFO - [2026-09-15T19:19:27.251+0000] {dagbag.py:387} ERROR - Failed to import: /opt/airflow/dags/waseet_daily.py
Traceback (most recent call last):
  File "/home/airflow/.local/lib/python3.12/site-packages/airflow/models/dagbag.py", line 383, in parse
    loader.exec_module(new_module)
  File "<frozen importlib._bootstrap_external>", line 999, in exec_module
  File "<frozen importlib._bootstrap>", line 488, in _call_with_frames_removed
  File "/opt/airflow/dags/waseet_daily.py", line 27, in <module>
    s
NameError: name 's' is not defined
[2026-09-15T19:19:27.257+0000] {processor.py:927} WARNING - No viable dags retrieved from /opt/airflow/dags/waseet_daily.py
[2026-09-15T19:19:27.286+0000] {processor.py:208} INFO - Processing /opt/airflow/dags/waseet_daily.py took 0.058 seconds
[2026-09-15T19:19:57.606+0000] {processor.py:186} INFO - Started process (PID=687) to work on /opt/airflow/dags/waseet_daily.py
[2026-09-15T19:19:57.607+0000] {processor.py:914} INFO - Processing file /opt/airflow/dags/waseet_daily.py for tasks to queue
[2026-09-15T19:19:57.609+0000] {logging_mixin.py:190} INFO - [2026-09-15T19:19:57.608+0000] {dagbag.py:588} INFO - Filling up the DagBag from /opt/airflow/dags/waseet_daily.py
[2026-09-15T19:19:57.625+0000] {logging_mixin.py:190} INFO - [2026-09-15T19:19:57.620+0000] {dagbag.py:387} ERROR - Failed to import: /opt/airflow/dags/waseet_daily.py
Traceback (most recent call last):
  File "/home/airflow/.local/lib/python3.12/site-packages/airflow/models/dagbag.py", line 383, in parse
    loader.exec_module(new_module)
  File "<frozen importlib._bootstrap_external>", line 999, in exec_module
  File "<frozen importlib._bootstrap>", line 488, in _call_with_frames_removed
  File "/opt/airflow/dags/waseet_daily.py", line 27, in <module>
    s
NameError: name 's' is not defined
[2026-09-15T19:19:57.627+0000] {processor.py:927} WARNING - No viable dags retrieved from /opt/airflow/dags/waseet_daily.py
[2026-09-15T19:19:57.650+0000] {processor.py:208} INFO - Processing /opt/airflow/dags/waseet_daily.py took 0.049 seconds
[2026-09-15T19:20:28.048+0000] {processor.py:186} INFO - Started process (PID=692) to work on /opt/airflow/dags/waseet_daily.py
[2026-09-15T19:20:28.049+0000] {processor.py:914} INFO - Processing file /opt/airflow/dags/waseet_daily.py for tasks to queue
[2026-09-15T19:20:28.051+0000] {logging_mixin.py:190} INFO - [2026-09-15T19:20:28.050+0000] {dagbag.py:588} INFO - Filling up the DagBag from /opt/airflow/dags/waseet_daily.py
[2026-09-15T19:20:28.068+0000] {logging_mixin.py:190} INFO - [2026-09-15T19:20:28.063+0000] {dagbag.py:387} ERROR - Failed to import: /opt/airflow/dags/waseet_daily.py
Traceback (most recent call last):
  File "/home/airflow/.local/lib/python3.12/site-packages/airflow/models/dagbag.py", line 383, in parse
    loader.exec_module(new_module)
  File "<frozen importlib._bootstrap_external>", line 999, in exec_module
  File "<frozen importlib._bootstrap>", line 488, in _call_with_frames_removed
  File "/opt/airflow/dags/waseet_daily.py", line 27, in <module>
    s
NameError: name 's' is not defined
[2026-09-15T19:20:28.071+0000] {processor.py:927} WARNING - No viable dags retrieved from /opt/airflow/dags/waseet_daily.py
[2026-09-15T19:20:28.098+0000] {processor.py:208} INFO - Processing /opt/airflow/dags/waseet_daily.py took 0.054 seconds
[2026-09-15T19:20:49.299+0000] {processor.py:186} INFO - Started process (PID=697) to work on /opt/airflow/dags/waseet_daily.py
[2026-09-15T19:20:49.301+0000] {processor.py:914} INFO - Processing file /opt/airflow/dags/waseet_daily.py for tasks to queue
[2026-09-15T19:20:49.302+0000] {logging_mixin.py:190} INFO - [2026-09-15T19:20:49.302+0000] {dagbag.py:588} INFO - Filling up the DagBag from /opt/airflow/dags/waseet_daily.py
[2026-09-15T19:20:49.332+0000] {processor.py:925} INFO - DAG(s) 'waseet_daily' retrieved from /opt/airflow/dags/waseet_daily.py
[2026-09-15T19:20:49.466+0000] {logging_mixin.py:190} INFO - [2026-09-15T19:20:49.466+0000] {dag.py:3239} INFO - Sync 1 DAGs
[2026-09-15T19:20:49.484+0000] {logging_mixin.py:190} INFO - [2026-09-15T19:20:49.484+0000] {dag.py:4180} INFO - Setting next_dagrun for waseet_daily to 2026-09-14 00:00:00+00:00, run_after=2026-09-15 00:00:00+00:00
[2026-09-15T19:20:49.509+0000] {processor.py:208} INFO - Processing /opt/airflow/dags/waseet_daily.py took 0.229 seconds
[2026-09-15T19:21:19.646+0000] {processor.py:186} INFO - Started process (PID=750) to work on /opt/airflow/dags/waseet_daily.py
[2026-09-15T19:21:19.648+0000] {processor.py:914} INFO - Processing file /opt/airflow/dags/waseet_daily.py for tasks to queue
[2026-09-15T19:21:19.649+0000] {logging_mixin.py:190} INFO - [2026-09-15T19:21:19.649+0000] {dagbag.py:588} INFO - Filling up the DagBag from /opt/airflow/dags/waseet_daily.py
[2026-09-15T19:21:19.668+0000] {processor.py:925} INFO - DAG(s) 'waseet_daily' retrieved from /opt/airflow/dags/waseet_daily.py
[2026-09-15T19:21:19.710+0000] {logging_mixin.py:190} INFO - [2026-09-15T19:21:19.710+0000] {dag.py:3239} INFO - Sync 1 DAGs
[2026-09-15T19:21:19.729+0000] {logging_mixin.py:190} INFO - [2026-09-15T19:21:19.729+0000] {dag.py:4180} INFO - Setting next_dagrun for waseet_daily to 2026-09-14 00:00:00+00:00, run_after=2026-09-15 00:00:00+00:00
[2026-09-15T19:21:19.747+0000] {processor.py:208} INFO - Processing /opt/airflow/dags/waseet_daily.py took 0.105 seconds
[2026-09-15T19:21:50.114+0000] {processor.py:186} INFO - Started process (PID=755) to work on /opt/airflow/dags/waseet_daily.py
[2026-09-15T19:21:50.115+0000] {processor.py:914} INFO - Processing file /opt/airflow/dags/waseet_daily.py for tasks to queue
[2026-09-15T19:21:50.117+0000] {logging_mixin.py:190} INFO - [2026-09-15T19:21:50.116+0000] {dagbag.py:588} INFO - Filling up the DagBag from /opt/airflow/dags/waseet_daily.py
[2026-09-15T19:21:50.138+0000] {processor.py:925} INFO - DAG(s) 'waseet_daily' retrieved from /opt/airflow/dags/waseet_daily.py
[2026-09-15T19:21:50.171+0000] {logging_mixin.py:190} INFO - [2026-09-15T19:21:50.171+0000] {dag.py:3239} INFO - Sync 1 DAGs
[2026-09-15T19:21:50.189+0000] {logging_mixin.py:190} INFO - [2026-09-15T19:21:50.188+0000] {dag.py:4180} INFO - Setting next_dagrun for waseet_daily to 2026-09-14 00:00:00+00:00, run_after=2026-09-15 00:00:00+00:00
[2026-09-15T19:21:50.208+0000] {processor.py:208} INFO - Processing /opt/airflow/dags/waseet_daily.py took 0.097 seconds
[2026-09-15T19:22:20.573+0000] {processor.py:186} INFO - Started process (PID=760) to work on /opt/airflow/dags/waseet_daily.py
[2026-09-15T19:22:20.574+0000] {processor.py:914} INFO - Processing file /opt/airflow/dags/waseet_daily.py for tasks to queue
[2026-09-15T19:22:20.576+0000] {logging_mixin.py:190} INFO - [2026-09-15T19:22:20.576+0000] {dagbag.py:588} INFO - Filling up the DagBag from /opt/airflow/dags/waseet_daily.py
[2026-09-15T19:22:20.603+0000] {processor.py:925} INFO - DAG(s) 'waseet_daily' retrieved from /opt/airflow/dags/waseet_daily.py
[2026-09-15T19:22:20.655+0000] {logging_mixin.py:190} INFO - [2026-09-15T19:22:20.654+0000] {dag.py:3239} INFO - Sync 1 DAGs
[2026-09-15T19:22:20.672+0000] {logging_mixin.py:190} INFO - [2026-09-15T19:22:20.672+0000] {dag.py:4180} INFO - Setting next_dagrun for waseet_daily to 2026-09-14 00:00:00+00:00, run_after=2026-09-15 00:00:00+00:00
[2026-09-15T19:22:20.691+0000] {processor.py:208} INFO - Processing /opt/airflow/dags/waseet_daily.py took 0.122 seconds
[2026-09-15T19:22:51.004+0000] {processor.py:186} INFO - Started process (PID=765) to work on /opt/airflow/dags/waseet_daily.py
[2026-09-15T19:22:51.005+0000] {processor.py:914} INFO - Processing file /opt/airflow/dags/waseet_daily.py for tasks to queue
[2026-09-15T19:22:51.007+0000] {logging_mixin.py:190} INFO - [2026-09-15T19:22:51.006+0000] {dagbag.py:588} INFO - Filling up the DagBag from /opt/airflow/dags/waseet_daily.py
[2026-09-15T19:22:51.025+0000] {processor.py:925} INFO - DAG(s) 'waseet_daily' retrieved from /opt/airflow/dags/waseet_daily.py
[2026-09-15T19:22:51.063+0000] {logging_mixin.py:190} INFO - [2026-09-15T19:22:51.063+0000] {dag.py:3239} INFO - Sync 1 DAGs
[2026-09-15T19:22:51.080+0000] {logging_mixin.py:190} INFO - [2026-09-15T19:22:51.080+0000] {dag.py:4180} INFO - Setting next_dagrun for waseet_daily to 2026-09-14 00:00:00+00:00, run_after=2026-09-15 00:00:00+00:00
[2026-09-15T19:22:51.111+0000] {processor.py:208} INFO - Processing /opt/airflow/dags/waseet_daily.py took 0.111 seconds
[2026-09-15T19:23:21.375+0000] {processor.py:186} INFO - Started process (PID=770) to work on /opt/airflow/dags/waseet_daily.py
[2026-09-15T19:23:21.377+0000] {processor.py:914} INFO - Processing file /opt/airflow/dags/waseet_daily.py for tasks to queue
[2026-09-15T19:23:21.379+0000] {logging_mixin.py:190} INFO - [2026-09-15T19:23:21.379+0000] {dagbag.py:588} INFO - Filling up the DagBag from /opt/airflow/dags/waseet_daily.py
[2026-09-15T19:23:21.400+0000] {processor.py:925} INFO - DAG(s) 'waseet_daily' retrieved from /opt/airflow/dags/waseet_daily.py
[2026-09-15T19:23:21.435+0000] {logging_mixin.py:190} INFO - [2026-09-15T19:23:21.434+0000] {dag.py:3239} INFO - Sync 1 DAGs
[2026-09-15T19:23:21.456+0000] {logging_mixin.py:190} INFO - [2026-09-15T19:23:21.456+0000] {dag.py:4180} INFO - Setting next_dagrun for waseet_daily to 2026-09-14 00:00:00+00:00, run_after=2026-09-15 00:00:00+00:00
[2026-09-15T19:23:21.474+0000] {processor.py:208} INFO - Processing /opt/airflow/dags/waseet_daily.py took 0.104 seconds
[2026-09-15T19:23:51.798+0000] {processor.py:186} INFO - Started process (PID=775) to work on /opt/airflow/dags/waseet_daily.py
[2026-09-15T19:23:51.800+0000] {processor.py:914} INFO - Processing file /opt/airflow/dags/waseet_daily.py for tasks to queue
[2026-09-15T19:23:51.801+0000] {logging_mixin.py:190} INFO - [2026-09-15T19:23:51.801+0000] {dagbag.py:588} INFO - Filling up the DagBag from /opt/airflow/dags/waseet_daily.py
[2026-09-15T19:23:51.819+0000] {processor.py:925} INFO - DAG(s) 'waseet_daily' retrieved from /opt/airflow/dags/waseet_daily.py
[2026-09-15T19:23:51.846+0000] {logging_mixin.py:190} INFO - [2026-09-15T19:23:51.846+0000] {dag.py:3239} INFO - Sync 1 DAGs
[2026-09-15T19:23:51.864+0000] {logging_mixin.py:190} INFO - [2026-09-15T19:23:51.864+0000] {dag.py:4180} INFO - Setting next_dagrun for waseet_daily to 2026-09-14 00:00:00+00:00, run_after=2026-09-15 00:00:00+00:00
[2026-09-15T19:23:51.879+0000] {processor.py:208} INFO - Processing /opt/airflow/dags/waseet_daily.py took 0.085 seconds
[2026-09-15T19:23:57.887+0000] {processor.py:186} INFO - Started process (PID=780) to work on /opt/airflow/dags/waseet_daily.py
[2026-09-15T19:23:57.888+0000] {processor.py:914} INFO - Processing file /opt/airflow/dags/waseet_daily.py for tasks to queue
[2026-09-15T19:23:57.889+0000] {logging_mixin.py:190} INFO - [2026-09-15T19:23:57.889+0000] {dagbag.py:588} INFO - Filling up the DagBag from /opt/airflow/dags/waseet_daily.py
[2026-09-15T19:23:57.915+0000] {processor.py:925} INFO - DAG(s) 'waseet_daily' retrieved from /opt/airflow/dags/waseet_daily.py
[2026-09-15T19:23:58.066+0000] {logging_mixin.py:190} INFO - [2026-09-15T19:23:58.065+0000] {dag.py:3239} INFO - Sync 1 DAGs
[2026-09-15T19:23:58.084+0000] {logging_mixin.py:190} INFO - [2026-09-15T19:23:58.084+0000] {dag.py:4180} INFO - Setting next_dagrun for waseet_daily to 2026-09-14 00:00:00+00:00, run_after=2026-09-15 00:00:00+00:00
[2026-09-15T19:23:58.106+0000] {processor.py:208} INFO - Processing /opt/airflow/dags/waseet_daily.py took 0.224 seconds
[2026-09-15T19:24:28.316+0000] {processor.py:186} INFO - Started process (PID=811) to work on /opt/airflow/dags/waseet_daily.py
[2026-09-15T19:24:28.317+0000] {processor.py:914} INFO - Processing file /opt/airflow/dags/waseet_daily.py for tasks to queue
[2026-09-15T19:24:28.318+0000] {logging_mixin.py:190} INFO - [2026-09-15T19:24:28.318+0000] {dagbag.py:588} INFO - Filling up the DagBag from /opt/airflow/dags/waseet_daily.py
[2026-09-15T19:24:28.335+0000] {processor.py:925} INFO - DAG(s) 'waseet_daily' retrieved from /opt/airflow/dags/waseet_daily.py
[2026-09-15T19:24:28.366+0000] {logging_mixin.py:190} INFO - [2026-09-15T19:24:28.366+0000] {dag.py:3239} INFO - Sync 1 DAGs
[2026-09-15T19:24:28.384+0000] {logging_mixin.py:190} INFO - [2026-09-15T19:24:28.384+0000] {dag.py:4180} INFO - Setting next_dagrun for waseet_daily to 2026-09-14 00:00:00+00:00, run_after=2026-09-15 00:00:00+00:00
[2026-09-15T19:24:28.399+0000] {processor.py:208} INFO - Processing /opt/airflow/dags/waseet_daily.py took 0.088 seconds
[2026-09-15T19:24:58.687+0000] {processor.py:186} INFO - Started process (PID=816) to work on /opt/airflow/dags/waseet_daily.py
[2026-09-15T19:24:58.688+0000] {processor.py:914} INFO - Processing file /opt/airflow/dags/waseet_daily.py for tasks to queue
[2026-09-15T19:24:58.690+0000] {logging_mixin.py:190} INFO - [2026-09-15T19:24:58.690+0000] {dagbag.py:588} INFO - Filling up the DagBag from /opt/airflow/dags/waseet_daily.py
[2026-09-15T19:24:58.715+0000] {processor.py:925} INFO - DAG(s) 'waseet_daily' retrieved from /opt/airflow/dags/waseet_daily.py
[2026-09-15T19:24:58.754+0000] {logging_mixin.py:190} INFO - [2026-09-15T19:24:58.754+0000] {dag.py:3239} INFO - Sync 1 DAGs
[2026-09-15T19:24:58.776+0000] {logging_mixin.py:190} INFO - [2026-09-15T19:24:58.776+0000] {dag.py:4180} INFO - Setting next_dagrun for waseet_daily to 2026-09-14 00:00:00+00:00, run_after=2026-09-15 00:00:00+00:00
[2026-09-15T19:24:58.795+0000] {processor.py:208} INFO - Processing /opt/airflow/dags/waseet_daily.py took 0.113 seconds
[2026-09-15T19:25:29.091+0000] {processor.py:186} INFO - Started process (PID=821) to work on /opt/airflow/dags/waseet_daily.py
[2026-09-15T19:25:29.094+0000] {processor.py:914} INFO - Processing file /opt/airflow/dags/waseet_daily.py for tasks to queue
[2026-09-15T19:25:29.096+0000] {logging_mixin.py:190} INFO - [2026-09-15T19:25:29.096+0000] {dagbag.py:588} INFO - Filling up the DagBag from /opt/airflow/dags/waseet_daily.py
[2026-09-15T19:25:29.122+0000] {processor.py:925} INFO - DAG(s) 'waseet_daily' retrieved from /opt/airflow/dags/waseet_daily.py
[2026-09-15T19:25:29.174+0000] {logging_mixin.py:190} INFO - [2026-09-15T19:25:29.174+0000] {dag.py:3239} INFO - Sync 1 DAGs
[2026-09-15T19:25:29.194+0000] {logging_mixin.py:190} INFO - [2026-09-15T19:25:29.194+0000] {dag.py:4180} INFO - Setting next_dagrun for waseet_daily to 2026-09-14 00:00:00+00:00, run_after=2026-09-15 00:00:00+00:00
[2026-09-15T19:25:29.214+0000] {processor.py:208} INFO - Processing /opt/airflow/dags/waseet_daily.py took 0.142 seconds
[2026-09-15T19:25:59.496+0000] {processor.py:186} INFO - Started process (PID=826) to work on /opt/airflow/dags/waseet_daily.py
[2026-09-15T19:25:59.497+0000] {processor.py:914} INFO - Processing file /opt/airflow/dags/waseet_daily.py for tasks to queue
[2026-09-15T19:25:59.498+0000] {logging_mixin.py:190} INFO - [2026-09-15T19:25:59.498+0000] {dagbag.py:588} INFO - Filling up the DagBag from /opt/airflow/dags/waseet_daily.py
[2026-09-15T19:25:59.516+0000] {processor.py:925} INFO - DAG(s) 'waseet_daily' retrieved from /opt/airflow/dags/waseet_daily.py
[2026-09-15T19:25:59.555+0000] {logging_mixin.py:190} INFO - [2026-09-15T19:25:59.555+0000] {dag.py:3239} INFO - Sync 1 DAGs
[2026-09-15T19:25:59.574+0000] {logging_mixin.py:190} INFO - [2026-09-15T19:25:59.574+0000] {dag.py:4180} INFO - Setting next_dagrun for waseet_daily to 2026-09-14 00:00:00+00:00, run_after=2026-09-15 00:00:00+00:00
[2026-09-15T19:25:59.593+0000] {processor.py:208} INFO - Processing /opt/airflow/dags/waseet_daily.py took 0.102 seconds
[2026-09-15T19:26:29.934+0000] {processor.py:186} INFO - Started process (PID=852) to work on /opt/airflow/dags/waseet_daily.py
[2026-09-15T19:26:29.935+0000] {processor.py:914} INFO - Processing file /opt/airflow/dags/waseet_daily.py for tasks to queue
[2026-09-15T19:26:29.937+0000] {logging_mixin.py:190} INFO - [2026-09-15T19:26:29.936+0000] {dagbag.py:588} INFO - Filling up the DagBag from /opt/airflow/dags/waseet_daily.py
[2026-09-15T19:26:29.951+0000] {processor.py:925} INFO - DAG(s) 'waseet_daily' retrieved from /opt/airflow/dags/waseet_daily.py
[2026-09-15T19:26:29.977+0000] {logging_mixin.py:190} INFO - [2026-09-15T19:26:29.977+0000] {dag.py:3239} INFO - Sync 1 DAGs
[2026-09-15T19:26:29.992+0000] {logging_mixin.py:190} INFO - [2026-09-15T19:26:29.992+0000] {dag.py:4180} INFO - Setting next_dagrun for waseet_daily to 2026-09-14 00:00:00+00:00, run_after=2026-09-15 00:00:00+00:00
[2026-09-15T19:26:30.007+0000] {processor.py:208} INFO - Processing /opt/airflow/dags/waseet_daily.py took 0.076 seconds
[2026-09-15T19:27:00.385+0000] {processor.py:186} INFO - Started process (PID=864) to work on /opt/airflow/dags/waseet_daily.py
[2026-09-15T19:27:00.386+0000] {processor.py:914} INFO - Processing file /opt/airflow/dags/waseet_daily.py for tasks to queue
[2026-09-15T19:27:00.387+0000] {logging_mixin.py:190} INFO - [2026-09-15T19:27:00.387+0000] {dagbag.py:588} INFO - Filling up the DagBag from /opt/airflow/dags/waseet_daily.py
[2026-09-15T19:27:00.405+0000] {processor.py:925} INFO - DAG(s) 'waseet_daily' retrieved from /opt/airflow/dags/waseet_daily.py
[2026-09-15T19:27:00.435+0000] {logging_mixin.py:190} INFO - [2026-09-15T19:27:00.435+0000] {dag.py:3239} INFO - Sync 1 DAGs
[2026-09-15T19:27:00.452+0000] {logging_mixin.py:190} INFO - [2026-09-15T19:27:00.452+0000] {dag.py:4180} INFO - Setting next_dagrun for waseet_daily to 2026-09-14 00:00:00+00:00, run_after=2026-09-15 00:00:00+00:00
[2026-09-15T19:27:00.468+0000] {processor.py:208} INFO - Processing /opt/airflow/dags/waseet_daily.py took 0.088 seconds
[2026-09-15T19:27:30.783+0000] {processor.py:186} INFO - Started process (PID=899) to work on /opt/airflow/dags/waseet_daily.py
[2026-09-15T19:27:30.785+0000] {processor.py:914} INFO - Processing file /opt/airflow/dags/waseet_daily.py for tasks to queue
[2026-09-15T19:27:30.786+0000] {logging_mixin.py:190} INFO - [2026-09-15T19:27:30.786+0000] {dagbag.py:588} INFO - Filling up the DagBag from /opt/airflow/dags/waseet_daily.py
[2026-09-15T19:27:30.811+0000] {processor.py:925} INFO - DAG(s) 'waseet_daily' retrieved from /opt/airflow/dags/waseet_daily.py
[2026-09-15T19:27:30.851+0000] {logging_mixin.py:190} INFO - [2026-09-15T19:27:30.851+0000] {dag.py:3239} INFO - Sync 1 DAGs
[2026-09-15T19:27:30.869+0000] {logging_mixin.py:190} INFO - [2026-09-15T19:27:30.869+0000] {dag.py:4180} INFO - Setting next_dagrun for waseet_daily to 2026-09-14 00:00:00+00:00, run_after=2026-09-15 00:00:00+00:00
[2026-09-15T19:27:30.887+0000] {processor.py:208} INFO - Processing /opt/airflow/dags/waseet_daily.py took 0.108 seconds
[2026-09-15T19:28:01.204+0000] {processor.py:186} INFO - Started process (PID=904) to work on /opt/airflow/dags/waseet_daily.py
[2026-09-15T19:28:01.206+0000] {processor.py:914} INFO - Processing file /opt/airflow/dags/waseet_daily.py for tasks to queue
[2026-09-15T19:28:01.209+0000] {logging_mixin.py:190} INFO - [2026-09-15T19:28:01.209+0000] {dagbag.py:588} INFO - Filling up the DagBag from /opt/airflow/dags/waseet_daily.py
[2026-09-15T19:28:01.235+0000] {processor.py:925} INFO - DAG(s) 'waseet_daily' retrieved from /opt/airflow/dags/waseet_daily.py
[2026-09-15T19:28:01.270+0000] {logging_mixin.py:190} INFO - [2026-09-15T19:28:01.270+0000] {dag.py:3239} INFO - Sync 1 DAGs
[2026-09-15T19:28:01.288+0000] {logging_mixin.py:190} INFO - [2026-09-15T19:28:01.288+0000] {dag.py:4180} INFO - Setting next_dagrun for waseet_daily to 2026-09-14 00:00:00+00:00, run_after=2026-09-15 00:00:00+00:00
[2026-09-15T19:28:01.305+0000] {processor.py:208} INFO - Processing /opt/airflow/dags/waseet_daily.py took 0.121 seconds
[2026-09-15T19:28:31.588+0000] {processor.py:186} INFO - Started process (PID=935) to work on /opt/airflow/dags/waseet_daily.py
[2026-09-15T19:28:31.590+0000] {processor.py:914} INFO - Processing file /opt/airflow/dags/waseet_daily.py for tasks to queue
[2026-09-15T19:28:31.592+0000] {logging_mixin.py:190} INFO - [2026-09-15T19:28:31.592+0000] {dagbag.py:588} INFO - Filling up the DagBag from /opt/airflow/dags/waseet_daily.py
[2026-09-15T19:28:31.624+0000] {processor.py:925} INFO - DAG(s) 'waseet_daily' retrieved from /opt/airflow/dags/waseet_daily.py
[2026-09-15T19:28:31.664+0000] {logging_mixin.py:190} INFO - [2026-09-15T19:28:31.664+0000] {dag.py:3239} INFO - Sync 1 DAGs
[2026-09-15T19:28:31.682+0000] {logging_mixin.py:190} INFO - [2026-09-15T19:28:31.682+0000] {dag.py:4180} INFO - Setting next_dagrun for waseet_daily to 2026-09-14 00:00:00+00:00, run_after=2026-09-15 00:00:00+00:00
[2026-09-15T19:28:31.700+0000] {processor.py:208} INFO - Processing /opt/airflow/dags/waseet_daily.py took 0.116 seconds
[2026-09-15T19:29:02.004+0000] {processor.py:186} INFO - Started process (PID=940) to work on /opt/airflow/dags/waseet_daily.py
[2026-09-15T19:29:02.005+0000] {processor.py:914} INFO - Processing file /opt/airflow/dags/waseet_daily.py for tasks to queue
[2026-09-15T19:29:02.007+0000] {logging_mixin.py:190} INFO - [2026-09-15T19:29:02.007+0000] {dagbag.py:588} INFO - Filling up the DagBag from /opt/airflow/dags/waseet_daily.py
[2026-09-15T19:29:02.036+0000] {processor.py:925} INFO - DAG(s) 'waseet_daily' retrieved from /opt/airflow/dags/waseet_daily.py
[2026-09-15T19:29:02.084+0000] {logging_mixin.py:190} INFO - [2026-09-15T19:29:02.083+0000] {dag.py:3239} INFO - Sync 1 DAGs
[2026-09-15T19:29:02.104+0000] {logging_mixin.py:190} INFO - [2026-09-15T19:29:02.104+0000] {dag.py:4180} INFO - Setting next_dagrun for waseet_daily to 2026-09-14 00:00:00+00:00, run_after=2026-09-15 00:00:00+00:00
[2026-09-15T19:29:02.125+0000] {processor.py:208} INFO - Processing /opt/airflow/dags/waseet_daily.py took 0.125 seconds
[2026-09-15T19:29:32.448+0000] {processor.py:186} INFO - Started process (PID=952) to work on /opt/airflow/dags/waseet_daily.py
[2026-09-15T19:29:32.449+0000] {processor.py:914} INFO - Processing file /opt/airflow/dags/waseet_daily.py for tasks to queue
[2026-09-15T19:29:32.450+0000] {logging_mixin.py:190} INFO - [2026-09-15T19:29:32.450+0000] {dagbag.py:588} INFO - Filling up the DagBag from /opt/airflow/dags/waseet_daily.py
[2026-09-15T19:29:32.466+0000] {processor.py:925} INFO - DAG(s) 'waseet_daily' retrieved from /opt/airflow/dags/waseet_daily.py
[2026-09-15T19:29:32.505+0000] {logging_mixin.py:190} INFO - [2026-09-15T19:29:32.505+0000] {dag.py:3239} INFO - Sync 1 DAGs
[2026-09-15T19:29:32.521+0000] {logging_mixin.py:190} INFO - [2026-09-15T19:29:32.521+0000] {dag.py:4180} INFO - Setting next_dagrun for waseet_daily to 2026-09-14 00:00:00+00:00, run_after=2026-09-15 00:00:00+00:00
[2026-09-15T19:29:32.553+0000] {processor.py:208} INFO - Processing /opt/airflow/dags/waseet_daily.py took 0.109 seconds
[2026-09-15T19:30:02.820+0000] {processor.py:186} INFO - Started process (PID=991) to work on /opt/airflow/dags/waseet_daily.py
[2026-09-15T19:30:02.821+0000] {processor.py:914} INFO - Processing file /opt/airflow/dags/waseet_daily.py for tasks to queue
[2026-09-15T19:30:02.823+0000] {logging_mixin.py:190} INFO - [2026-09-15T19:30:02.822+0000] {dagbag.py:588} INFO - Filling up the DagBag from /opt/airflow/dags/waseet_daily.py
[2026-09-15T19:30:02.841+0000] {processor.py:925} INFO - DAG(s) 'waseet_daily' retrieved from /opt/airflow/dags/waseet_daily.py
[2026-09-15T19:30:02.870+0000] {logging_mixin.py:190} INFO - [2026-09-15T19:30:02.870+0000] {dag.py:3239} INFO - Sync 1 DAGs
[2026-09-15T19:30:02.888+0000] {logging_mixin.py:190} INFO - [2026-09-15T19:30:02.888+0000] {dag.py:4180} INFO - Setting next_dagrun for waseet_daily to 2026-09-14 00:00:00+00:00, run_after=2026-09-15 00:00:00+00:00
[2026-09-15T19:30:02.902+0000] {processor.py:208} INFO - Processing /opt/airflow/dags/waseet_daily.py took 0.086 seconds
[2026-09-15T19:30:33.270+0000] {processor.py:186} INFO - Started process (PID=996) to work on /opt/airflow/dags/waseet_daily.py
[2026-09-15T19:30:33.271+0000] {processor.py:914} INFO - Processing file /opt/airflow/dags/waseet_daily.py for tasks to queue
[2026-09-15T19:30:33.272+0000] {logging_mixin.py:190} INFO - [2026-09-15T19:30:33.272+0000] {dagbag.py:588} INFO - Filling up the DagBag from /opt/airflow/dags/waseet_daily.py
[2026-09-15T19:30:33.293+0000] {processor.py:925} INFO - DAG(s) 'waseet_daily' retrieved from /opt/airflow/dags/waseet_daily.py
[2026-09-15T19:30:33.329+0000] {logging_mixin.py:190} INFO - [2026-09-15T19:30:33.329+0000] {dag.py:3239} INFO - Sync 1 DAGs
[2026-09-15T19:30:33.346+0000] {logging_mixin.py:190} INFO - [2026-09-15T19:30:33.346+0000] {dag.py:4180} INFO - Setting next_dagrun for waseet_daily to 2026-09-14 00:00:00+00:00, run_after=2026-09-15 00:00:00+00:00
[2026-09-15T19:30:33.363+0000] {processor.py:208} INFO - Processing /opt/airflow/dags/waseet_daily.py took 0.098 seconds
[2026-09-15T19:31:03.695+0000] {processor.py:186} INFO - Started process (PID=1001) to work on /opt/airflow/dags/waseet_daily.py
[2026-09-15T19:31:03.697+0000] {processor.py:914} INFO - Processing file /opt/airflow/dags/waseet_daily.py for tasks to queue
[2026-09-15T19:31:03.698+0000] {logging_mixin.py:190} INFO - [2026-09-15T19:31:03.698+0000] {dagbag.py:588} INFO - Filling up the DagBag from /opt/airflow/dags/waseet_daily.py
[2026-09-15T19:31:03.713+0000] {processor.py:925} INFO - DAG(s) 'waseet_daily' retrieved from /opt/airflow/dags/waseet_daily.py
[2026-09-15T19:31:03.747+0000] {logging_mixin.py:190} INFO - [2026-09-15T19:31:03.747+0000] {dag.py:3239} INFO - Sync 1 DAGs
[2026-09-15T19:31:03.765+0000] {logging_mixin.py:190} INFO - [2026-09-15T19:31:03.765+0000] {dag.py:4180} INFO - Setting next_dagrun for waseet_daily to 2026-09-14 00:00:00+00:00, run_after=2026-09-15 00:00:00+00:00
[2026-09-15T19:31:03.782+0000] {processor.py:208} INFO - Processing /opt/airflow/dags/waseet_daily.py took 0.091 seconds
[2026-09-15T19:31:34.100+0000] {processor.py:186} INFO - Started process (PID=1027) to work on /opt/airflow/dags/waseet_daily.py
[2026-09-15T19:31:34.102+0000] {processor.py:914} INFO - Processing file /opt/airflow/dags/waseet_daily.py for tasks to queue
[2026-09-15T19:31:34.104+0000] {logging_mixin.py:190} INFO - [2026-09-15T19:31:34.104+0000] {dagbag.py:588} INFO - Filling up the DagBag from /opt/airflow/dags/waseet_daily.py
[2026-09-15T19:31:34.124+0000] {processor.py:925} INFO - DAG(s) 'waseet_daily' retrieved from /opt/airflow/dags/waseet_daily.py
[2026-09-15T19:31:34.152+0000] {logging_mixin.py:190} INFO - [2026-09-15T19:31:34.152+0000] {dag.py:3239} INFO - Sync 1 DAGs
[2026-09-15T19:31:34.169+0000] {logging_mixin.py:190} INFO - [2026-09-15T19:31:34.169+0000] {dag.py:4180} INFO - Setting next_dagrun for waseet_daily to 2026-09-14 00:00:00+00:00, run_after=2026-09-15 00:00:00+00:00
[2026-09-15T19:31:34.185+0000] {processor.py:208} INFO - Processing /opt/airflow/dags/waseet_daily.py took 0.088 seconds
[2026-09-15T19:32:04.525+0000] {processor.py:186} INFO - Started process (PID=1032) to work on /opt/airflow/dags/waseet_daily.py
[2026-09-15T19:32:04.526+0000] {processor.py:914} INFO - Processing file /opt/airflow/dags/waseet_daily.py for tasks to queue
[2026-09-15T19:32:04.528+0000] {logging_mixin.py:190} INFO - [2026-09-15T19:32:04.527+0000] {dagbag.py:588} INFO - Filling up the DagBag from /opt/airflow/dags/waseet_daily.py
[2026-09-15T19:32:04.545+0000] {processor.py:925} INFO - DAG(s) 'waseet_daily' retrieved from /opt/airflow/dags/waseet_daily.py
[2026-09-15T19:32:04.581+0000] {logging_mixin.py:190} INFO - [2026-09-15T19:32:04.581+0000] {dag.py:3239} INFO - Sync 1 DAGs
[2026-09-15T19:32:04.602+0000] {logging_mixin.py:190} INFO - [2026-09-15T19:32:04.601+0000] {dag.py:4180} INFO - Setting next_dagrun for waseet_daily to 2026-09-14 00:00:00+00:00, run_after=2026-09-15 00:00:00+00:00
[2026-09-15T19:32:04.618+0000] {processor.py:208} INFO - Processing /opt/airflow/dags/waseet_daily.py took 0.098 seconds
[2026-09-15T19:32:34.913+0000] {processor.py:186} INFO - Started process (PID=1037) to work on /opt/airflow/dags/waseet_daily.py
[2026-09-15T19:32:34.914+0000] {processor.py:914} INFO - Processing file /opt/airflow/dags/waseet_daily.py for tasks to queue
[2026-09-15T19:32:34.916+0000] {logging_mixin.py:190} INFO - [2026-09-15T19:32:34.915+0000] {dagbag.py:588} INFO - Filling up the DagBag from /opt/airflow/dags/waseet_daily.py
[2026-09-15T19:32:34.933+0000] {processor.py:925} INFO - DAG(s) 'waseet_daily' retrieved from /opt/airflow/dags/waseet_daily.py
[2026-09-15T19:32:34.966+0000] {logging_mixin.py:190} INFO - [2026-09-15T19:32:34.966+0000] {dag.py:3239} INFO - Sync 1 DAGs
[2026-09-15T19:32:34.986+0000] {logging_mixin.py:190} INFO - [2026-09-15T19:32:34.986+0000] {dag.py:4180} INFO - Setting next_dagrun for waseet_daily to 2026-09-14 00:00:00+00:00, run_after=2026-09-15 00:00:00+00:00
[2026-09-15T19:32:35.003+0000] {processor.py:208} INFO - Processing /opt/airflow/dags/waseet_daily.py took 0.095 seconds
[2026-09-15T19:33:05.333+0000] {processor.py:186} INFO - Started process (PID=1042) to work on /opt/airflow/dags/waseet_daily.py
[2026-09-15T19:33:05.335+0000] {processor.py:914} INFO - Processing file /opt/airflow/dags/waseet_daily.py for tasks to queue
[2026-09-15T19:33:05.337+0000] {logging_mixin.py:190} INFO - [2026-09-15T19:33:05.336+0000] {dagbag.py:588} INFO - Filling up the DagBag from /opt/airflow/dags/waseet_daily.py
[2026-09-15T19:33:05.357+0000] {processor.py:925} INFO - DAG(s) 'waseet_daily' retrieved from /opt/airflow/dags/waseet_daily.py
[2026-09-15T19:33:05.400+0000] {logging_mixin.py:190} INFO - [2026-09-15T19:33:05.400+0000] {dag.py:3239} INFO - Sync 1 DAGs
[2026-09-15T19:33:05.428+0000] {logging_mixin.py:190} INFO - [2026-09-15T19:33:05.428+0000] {dag.py:4180} INFO - Setting next_dagrun for waseet_daily to 2026-09-14 00:00:00+00:00, run_after=2026-09-15 00:00:00+00:00
[2026-09-15T19:33:05.449+0000] {processor.py:208} INFO - Processing /opt/airflow/dags/waseet_daily.py took 0.121 seconds
[2026-09-15T19:33:35.747+0000] {processor.py:186} INFO - Started process (PID=1047) to work on /opt/airflow/dags/waseet_daily.py
[2026-09-15T19:33:35.748+0000] {processor.py:914} INFO - Processing file /opt/airflow/dags/waseet_daily.py for tasks to queue
[2026-09-15T19:33:35.749+0000] {logging_mixin.py:190} INFO - [2026-09-15T19:33:35.749+0000] {dagbag.py:588} INFO - Filling up the DagBag from /opt/airflow/dags/waseet_daily.py
[2026-09-15T19:33:35.768+0000] {processor.py:925} INFO - DAG(s) 'waseet_daily' retrieved from /opt/airflow/dags/waseet_daily.py
[2026-09-15T19:33:35.802+0000] {logging_mixin.py:190} INFO - [2026-09-15T19:33:35.801+0000] {dag.py:3239} INFO - Sync 1 DAGs
[2026-09-15T19:33:35.821+0000] {logging_mixin.py:190} INFO - [2026-09-15T19:33:35.821+0000] {dag.py:4180} INFO - Setting next_dagrun for waseet_daily to 2026-09-14 00:00:00+00:00, run_after=2026-09-15 00:00:00+00:00
[2026-09-15T19:33:35.843+0000] {processor.py:208} INFO - Processing /opt/airflow/dags/waseet_daily.py took 0.101 seconds
[2026-09-15T19:34:06.139+0000] {processor.py:186} INFO - Started process (PID=1052) to work on /opt/airflow/dags/waseet_daily.py
[2026-09-15T19:34:06.140+0000] {processor.py:914} INFO - Processing file /opt/airflow/dags/waseet_daily.py for tasks to queue
[2026-09-15T19:34:06.142+0000] {logging_mixin.py:190} INFO - [2026-09-15T19:34:06.141+0000] {dagbag.py:588} INFO - Filling up the DagBag from /opt/airflow/dags/waseet_daily.py
[2026-09-15T19:34:06.159+0000] {processor.py:925} INFO - DAG(s) 'waseet_daily' retrieved from /opt/airflow/dags/waseet_daily.py
[2026-09-15T19:34:06.191+0000] {logging_mixin.py:190} INFO - [2026-09-15T19:34:06.191+0000] {dag.py:3239} INFO - Sync 1 DAGs
[2026-09-15T19:34:06.211+0000] {logging_mixin.py:190} INFO - [2026-09-15T19:34:06.211+0000] {dag.py:4180} INFO - Setting next_dagrun for waseet_daily to 2026-09-14 00:00:00+00:00, run_after=2026-09-15 00:00:00+00:00
[2026-09-15T19:34:06.231+0000] {processor.py:208} INFO - Processing /opt/airflow/dags/waseet_daily.py took 0.096 seconds
[2026-09-15T19:34:36.545+0000] {processor.py:186} INFO - Started process (PID=1057) to work on /opt/airflow/dags/waseet_daily.py
[2026-09-15T19:34:36.547+0000] {processor.py:914} INFO - Processing file /opt/airflow/dags/waseet_daily.py for tasks to queue
[2026-09-15T19:34:36.549+0000] {logging_mixin.py:190} INFO - [2026-09-15T19:34:36.549+0000] {dagbag.py:588} INFO - Filling up the DagBag from /opt/airflow/dags/waseet_daily.py
[2026-09-15T19:34:36.568+0000] {processor.py:925} INFO - DAG(s) 'waseet_daily' retrieved from /opt/airflow/dags/waseet_daily.py
[2026-09-15T19:34:36.604+0000] {logging_mixin.py:190} INFO - [2026-09-15T19:34:36.604+0000] {dag.py:3239} INFO - Sync 1 DAGs
[2026-09-15T19:34:36.623+0000] {logging_mixin.py:190} INFO - [2026-09-15T19:34:36.623+0000] {dag.py:4180} INFO - Setting next_dagrun for waseet_daily to 2026-09-14 00:00:00+00:00, run_after=2026-09-15 00:00:00+00:00
[2026-09-15T19:34:36.644+0000] {processor.py:208} INFO - Processing /opt/airflow/dags/waseet_daily.py took 0.103 seconds
[2026-09-15T19:35:06.929+0000] {processor.py:186} INFO - Started process (PID=1062) to work on /opt/airflow/dags/waseet_daily.py
[2026-09-15T19:35:06.931+0000] {processor.py:914} INFO - Processing file /opt/airflow/dags/waseet_daily.py for tasks to queue
[2026-09-15T19:35:06.932+0000] {logging_mixin.py:190} INFO - [2026-09-15T19:35:06.932+0000] {dagbag.py:588} INFO - Filling up the DagBag from /opt/airflow/dags/waseet_daily.py
[2026-09-15T19:35:06.953+0000] {processor.py:925} INFO - DAG(s) 'waseet_daily' retrieved from /opt/airflow/dags/waseet_daily.py
[2026-09-15T19:35:06.989+0000] {logging_mixin.py:190} INFO - [2026-09-15T19:35:06.989+0000] {dag.py:3239} INFO - Sync 1 DAGs
[2026-09-15T19:35:07.009+0000] {logging_mixin.py:190} INFO - [2026-09-15T19:35:07.009+0000] {dag.py:4180} INFO - Setting next_dagrun for waseet_daily to 2026-09-14 00:00:00+00:00, run_after=2026-09-15 00:00:00+00:00
[2026-09-15T19:35:07.043+0000] {processor.py:208} INFO - Processing /opt/airflow/dags/waseet_daily.py took 0.119 seconds
[2026-09-15T19:35:37.317+0000] {processor.py:186} INFO - Started process (PID=1067) to work on /opt/airflow/dags/waseet_daily.py
[2026-09-15T19:35:37.318+0000] {processor.py:914} INFO - Processing file /opt/airflow/dags/waseet_daily.py for tasks to queue
[2026-09-15T19:35:37.319+0000] {logging_mixin.py:190} INFO - [2026-09-15T19:35:37.319+0000] {dagbag.py:588} INFO - Filling up the DagBag from /opt/airflow/dags/waseet_daily.py
[2026-09-15T19:35:37.339+0000] {processor.py:925} INFO - DAG(s) 'waseet_daily' retrieved from /opt/airflow/dags/waseet_daily.py
[2026-09-15T19:35:37.377+0000] {logging_mixin.py:190} INFO - [2026-09-15T19:35:37.377+0000] {dag.py:3239} INFO - Sync 1 DAGs
[2026-09-15T19:35:37.397+0000] {logging_mixin.py:190} INFO - [2026-09-15T19:35:37.397+0000] {dag.py:4180} INFO - Setting next_dagrun for waseet_daily to 2026-09-14 00:00:00+00:00, run_after=2026-09-15 00:00:00+00:00
[2026-09-15T19:35:37.415+0000] {processor.py:208} INFO - Processing /opt/airflow/dags/waseet_daily.py took 0.102 seconds
[2026-09-15T19:36:07.724+0000] {processor.py:186} INFO - Started process (PID=1072) to work on /opt/airflow/dags/waseet_daily.py
[2026-09-15T19:36:07.726+0000] {processor.py:914} INFO - Processing file /opt/airflow/dags/waseet_daily.py for tasks to queue
[2026-09-15T19:36:07.728+0000] {logging_mixin.py:190} INFO - [2026-09-15T19:36:07.728+0000] {dagbag.py:588} INFO - Filling up the DagBag from /opt/airflow/dags/waseet_daily.py
[2026-09-15T19:36:07.747+0000] {processor.py:925} INFO - DAG(s) 'waseet_daily' retrieved from /opt/airflow/dags/waseet_daily.py
[2026-09-15T19:36:07.779+0000] {logging_mixin.py:190} INFO - [2026-09-15T19:36:07.779+0000] {dag.py:3239} INFO - Sync 1 DAGs
[2026-09-15T19:36:07.796+0000] {logging_mixin.py:190} INFO - [2026-09-15T19:36:07.796+0000] {dag.py:4180} INFO - Setting next_dagrun for waseet_daily to 2026-09-14 00:00:00+00:00, run_after=2026-09-15 00:00:00+00:00
[2026-09-15T19:36:07.828+0000] {processor.py:208} INFO - Processing /opt/airflow/dags/waseet_daily.py took 0.108 seconds
[2026-09-15T19:36:38.142+0000] {processor.py:186} INFO - Started process (PID=1077) to work on /opt/airflow/dags/waseet_daily.py
[2026-09-15T19:36:38.144+0000] {processor.py:914} INFO - Processing file /opt/airflow/dags/waseet_daily.py for tasks to queue
[2026-09-15T19:36:38.145+0000] {logging_mixin.py:190} INFO - [2026-09-15T19:36:38.145+0000] {dagbag.py:588} INFO - Filling up the DagBag from /opt/airflow/dags/waseet_daily.py
[2026-09-15T19:36:38.163+0000] {processor.py:925} INFO - DAG(s) 'waseet_daily' retrieved from /opt/airflow/dags/waseet_daily.py
[2026-09-15T19:36:38.192+0000] {logging_mixin.py:190} INFO - [2026-09-15T19:36:38.191+0000] {dag.py:3239} INFO - Sync 1 DAGs
[2026-09-15T19:36:38.207+0000] {logging_mixin.py:190} INFO - [2026-09-15T19:36:38.207+0000] {dag.py:4180} INFO - Setting next_dagrun for waseet_daily to 2026-09-14 00:00:00+00:00, run_after=2026-09-15 00:00:00+00:00
[2026-09-15T19:36:38.236+0000] {processor.py:208} INFO - Processing /opt/airflow/dags/waseet_daily.py took 0.097 seconds
[2026-09-15T19:37:08.529+0000] {processor.py:186} INFO - Started process (PID=1082) to work on /opt/airflow/dags/waseet_daily.py
[2026-09-15T19:37:08.530+0000] {processor.py:914} INFO - Processing file /opt/airflow/dags/waseet_daily.py for tasks to queue
[2026-09-15T19:37:08.532+0000] {logging_mixin.py:190} INFO - [2026-09-15T19:37:08.531+0000] {dagbag.py:588} INFO - Filling up the DagBag from /opt/airflow/dags/waseet_daily.py
[2026-09-15T19:37:08.548+0000] {processor.py:925} INFO - DAG(s) 'waseet_daily' retrieved from /opt/airflow/dags/waseet_daily.py
[2026-09-15T19:37:08.585+0000] {logging_mixin.py:190} INFO - [2026-09-15T19:37:08.584+0000] {dag.py:3239} INFO - Sync 1 DAGs
[2026-09-15T19:37:08.601+0000] {logging_mixin.py:190} INFO - [2026-09-15T19:37:08.601+0000] {dag.py:4180} INFO - Setting next_dagrun for waseet_daily to 2026-09-14 00:00:00+00:00, run_after=2026-09-15 00:00:00+00:00
[2026-09-15T19:37:08.619+0000] {processor.py:208} INFO - Processing /opt/airflow/dags/waseet_daily.py took 0.094 seconds
[2026-09-15T19:37:38.961+0000] {processor.py:186} INFO - Started process (PID=1087) to work on /opt/airflow/dags/waseet_daily.py
[2026-09-15T19:37:38.963+0000] {processor.py:914} INFO - Processing file /opt/airflow/dags/waseet_daily.py for tasks to queue
[2026-09-15T19:37:38.964+0000] {logging_mixin.py:190} INFO - [2026-09-15T19:37:38.964+0000] {dagbag.py:588} INFO - Filling up the DagBag from /opt/airflow/dags/waseet_daily.py
[2026-09-15T19:37:38.981+0000] {processor.py:925} INFO - DAG(s) 'waseet_daily' retrieved from /opt/airflow/dags/waseet_daily.py
[2026-09-15T19:37:39.019+0000] {logging_mixin.py:190} INFO - [2026-09-15T19:37:39.019+0000] {dag.py:3239} INFO - Sync 1 DAGs
[2026-09-15T19:37:39.036+0000] {logging_mixin.py:190} INFO - [2026-09-15T19:37:39.036+0000] {dag.py:4180} INFO - Setting next_dagrun for waseet_daily to 2026-09-14 00:00:00+00:00, run_after=2026-09-15 00:00:00+00:00
[2026-09-15T19:37:39.052+0000] {processor.py:208} INFO - Processing /opt/airflow/dags/waseet_daily.py took 0.095 seconds
[2026-09-15T19:38:09.368+0000] {processor.py:186} INFO - Started process (PID=1092) to work on /opt/airflow/dags/waseet_daily.py
[2026-09-15T19:38:09.369+0000] {processor.py:914} INFO - Processing file /opt/airflow/dags/waseet_daily.py for tasks to queue
[2026-09-15T19:38:09.370+0000] {logging_mixin.py:190} INFO - [2026-09-15T19:38:09.370+0000] {dagbag.py:588} INFO - Filling up the DagBag from /opt/airflow/dags/waseet_daily.py
[2026-09-15T19:38:09.391+0000] {processor.py:925} INFO - DAG(s) 'waseet_daily' retrieved from /opt/airflow/dags/waseet_daily.py
[2026-09-15T19:38:09.432+0000] {logging_mixin.py:190} INFO - [2026-09-15T19:38:09.431+0000] {dag.py:3239} INFO - Sync 1 DAGs
[2026-09-15T19:38:09.450+0000] {logging_mixin.py:190} INFO - [2026-09-15T19:38:09.450+0000] {dag.py:4180} INFO - Setting next_dagrun for waseet_daily to 2026-09-14 00:00:00+00:00, run_after=2026-09-15 00:00:00+00:00
[2026-09-15T19:38:09.479+0000] {processor.py:208} INFO - Processing /opt/airflow/dags/waseet_daily.py took 0.115 seconds
[2026-09-15T19:38:39.799+0000] {processor.py:186} INFO - Started process (PID=1097) to work on /opt/airflow/dags/waseet_daily.py
[2026-09-15T19:38:39.800+0000] {processor.py:914} INFO - Processing file /opt/airflow/dags/waseet_daily.py for tasks to queue
[2026-09-15T19:38:39.801+0000] {logging_mixin.py:190} INFO - [2026-09-15T19:38:39.801+0000] {dagbag.py:588} INFO - Filling up the DagBag from /opt/airflow/dags/waseet_daily.py
[2026-09-15T19:38:39.822+0000] {processor.py:925} INFO - DAG(s) 'waseet_daily' retrieved from /opt/airflow/dags/waseet_daily.py
[2026-09-15T19:38:39.864+0000] {logging_mixin.py:190} INFO - [2026-09-15T19:38:39.864+0000] {dag.py:3239} INFO - Sync 1 DAGs
[2026-09-15T19:38:39.882+0000] {logging_mixin.py:190} INFO - [2026-09-15T19:38:39.881+0000] {dag.py:4180} INFO - Setting next_dagrun for waseet_daily to 2026-09-14 00:00:00+00:00, run_after=2026-09-15 00:00:00+00:00
[2026-09-15T19:38:39.901+0000] {processor.py:208} INFO - Processing /opt/airflow/dags/waseet_daily.py took 0.107 seconds
[2026-09-15T19:39:10.232+0000] {processor.py:186} INFO - Started process (PID=1102) to work on /opt/airflow/dags/waseet_daily.py
[2026-09-15T19:39:10.233+0000] {processor.py:914} INFO - Processing file /opt/airflow/dags/waseet_daily.py for tasks to queue
[2026-09-15T19:39:10.235+0000] {logging_mixin.py:190} INFO - [2026-09-15T19:39:10.235+0000] {dagbag.py:588} INFO - Filling up the DagBag from /opt/airflow/dags/waseet_daily.py
[2026-09-15T19:39:10.253+0000] {processor.py:925} INFO - DAG(s) 'waseet_daily' retrieved from /opt/airflow/dags/waseet_daily.py
[2026-09-15T19:39:10.288+0000] {logging_mixin.py:190} INFO - [2026-09-15T19:39:10.288+0000] {dag.py:3239} INFO - Sync 1 DAGs
[2026-09-15T19:39:10.306+0000] {logging_mixin.py:190} INFO - [2026-09-15T19:39:10.306+0000] {dag.py:4180} INFO - Setting next_dagrun for waseet_daily to 2026-09-14 00:00:00+00:00, run_after=2026-09-15 00:00:00+00:00
[2026-09-15T19:39:10.324+0000] {processor.py:208} INFO - Processing /opt/airflow/dags/waseet_daily.py took 0.096 seconds
[2026-09-15T19:39:40.649+0000] {processor.py:186} INFO - Started process (PID=1107) to work on /opt/airflow/dags/waseet_daily.py
[2026-09-15T19:39:40.650+0000] {processor.py:914} INFO - Processing file /opt/airflow/dags/waseet_daily.py for tasks to queue
[2026-09-15T19:39:40.651+0000] {logging_mixin.py:190} INFO - [2026-09-15T19:39:40.651+0000] {dagbag.py:588} INFO - Filling up the DagBag from /opt/airflow/dags/waseet_daily.py
[2026-09-15T19:39:40.668+0000] {processor.py:925} INFO - DAG(s) 'waseet_daily' retrieved from /opt/airflow/dags/waseet_daily.py
[2026-09-15T19:39:40.700+0000] {logging_mixin.py:190} INFO - [2026-09-15T19:39:40.700+0000] {dag.py:3239} INFO - Sync 1 DAGs
[2026-09-15T19:39:40.720+0000] {logging_mixin.py:190} INFO - [2026-09-15T19:39:40.720+0000] {dag.py:4180} INFO - Setting next_dagrun for waseet_daily to 2026-09-14 00:00:00+00:00, run_after=2026-09-15 00:00:00+00:00
[2026-09-15T19:39:40.736+0000] {processor.py:208} INFO - Processing /opt/airflow/dags/waseet_daily.py took 0.092 seconds
[2026-09-15T19:40:11.074+0000] {processor.py:186} INFO - Started process (PID=1112) to work on /opt/airflow/dags/waseet_daily.py
[2026-09-15T19:40:11.075+0000] {processor.py:914} INFO - Processing file /opt/airflow/dags/waseet_daily.py for tasks to queue
[2026-09-15T19:40:11.077+0000] {logging_mixin.py:190} INFO - [2026-09-15T19:40:11.076+0000] {dagbag.py:588} INFO - Filling up the DagBag from /opt/airflow/dags/waseet_daily.py
[2026-09-15T19:40:11.092+0000] {processor.py:925} INFO - DAG(s) 'waseet_daily' retrieved from /opt/airflow/dags/waseet_daily.py
[2026-09-15T19:40:11.120+0000] {logging_mixin.py:190} INFO - [2026-09-15T19:40:11.120+0000] {dag.py:3239} INFO - Sync 1 DAGs
[2026-09-15T19:40:11.137+0000] {logging_mixin.py:190} INFO - [2026-09-15T19:40:11.137+0000] {dag.py:4180} INFO - Setting next_dagrun for waseet_daily to 2026-09-14 00:00:00+00:00, run_after=2026-09-15 00:00:00+00:00
[2026-09-15T19:40:11.173+0000] {processor.py:208} INFO - Processing /opt/airflow/dags/waseet_daily.py took 0.102 seconds
[2026-09-15T19:40:41.472+0000] {processor.py:186} INFO - Started process (PID=1117) to work on /opt/airflow/dags/waseet_daily.py
[2026-09-15T19:40:41.474+0000] {processor.py:914} INFO - Processing file /opt/airflow/dags/waseet_daily.py for tasks to queue
[2026-09-15T19:40:41.475+0000] {logging_mixin.py:190} INFO - [2026-09-15T19:40:41.475+0000] {dagbag.py:588} INFO - Filling up the DagBag from /opt/airflow/dags/waseet_daily.py
[2026-09-15T19:40:41.496+0000] {processor.py:925} INFO - DAG(s) 'waseet_daily' retrieved from /opt/airflow/dags/waseet_daily.py
[2026-09-15T19:40:41.536+0000] {logging_mixin.py:190} INFO - [2026-09-15T19:40:41.536+0000] {dag.py:3239} INFO - Sync 1 DAGs
[2026-09-15T19:40:41.553+0000] {logging_mixin.py:190} INFO - [2026-09-15T19:40:41.553+0000] {dag.py:4180} INFO - Setting next_dagrun for waseet_daily to 2026-09-14 00:00:00+00:00, run_after=2026-09-15 00:00:00+00:00
[2026-09-15T19:40:41.584+0000] {processor.py:208} INFO - Processing /opt/airflow/dags/waseet_daily.py took 0.118 seconds
[2026-09-15T19:41:11.917+0000] {processor.py:186} INFO - Started process (PID=1122) to work on /opt/airflow/dags/waseet_daily.py
[2026-09-15T19:41:11.918+0000] {processor.py:914} INFO - Processing file /opt/airflow/dags/waseet_daily.py for tasks to queue
[2026-09-15T19:41:11.920+0000] {logging_mixin.py:190} INFO - [2026-09-15T19:41:11.920+0000] {dagbag.py:588} INFO - Filling up the DagBag from /opt/airflow/dags/waseet_daily.py
[2026-09-15T19:41:11.943+0000] {processor.py:925} INFO - DAG(s) 'waseet_daily' retrieved from /opt/airflow/dags/waseet_daily.py
[2026-09-15T19:41:11.976+0000] {logging_mixin.py:190} INFO - [2026-09-15T19:41:11.976+0000] {dag.py:3239} INFO - Sync 1 DAGs
[2026-09-15T19:41:11.994+0000] {logging_mixin.py:190} INFO - [2026-09-15T19:41:11.994+0000] {dag.py:4180} INFO - Setting next_dagrun for waseet_daily to 2026-09-14 00:00:00+00:00, run_after=2026-09-15 00:00:00+00:00
[2026-09-15T19:41:12.009+0000] {processor.py:208} INFO - Processing /opt/airflow/dags/waseet_daily.py took 0.096 seconds
[2026-09-15T19:41:42.335+0000] {processor.py:186} INFO - Started process (PID=1127) to work on /opt/airflow/dags/waseet_daily.py
[2026-09-15T19:41:42.336+0000] {processor.py:914} INFO - Processing file /opt/airflow/dags/waseet_daily.py for tasks to queue
[2026-09-15T19:41:42.338+0000] {logging_mixin.py:190} INFO - [2026-09-15T19:41:42.337+0000] {dagbag.py:588} INFO - Filling up the DagBag from /opt/airflow/dags/waseet_daily.py
[2026-09-15T19:41:42.359+0000] {processor.py:925} INFO - DAG(s) 'waseet_daily' retrieved from /opt/airflow/dags/waseet_daily.py
[2026-09-15T19:41:42.397+0000] {logging_mixin.py:190} INFO - [2026-09-15T19:41:42.397+0000] {dag.py:3239} INFO - Sync 1 DAGs
[2026-09-15T19:41:42.416+0000] {logging_mixin.py:190} INFO - [2026-09-15T19:41:42.416+0000] {dag.py:4180} INFO - Setting next_dagrun for waseet_daily to 2026-09-14 00:00:00+00:00, run_after=2026-09-15 00:00:00+00:00
[2026-09-15T19:41:42.450+0000] {processor.py:208} INFO - Processing /opt/airflow/dags/waseet_daily.py took 0.120 seconds
[2026-09-15T19:42:12.773+0000] {processor.py:186} INFO - Started process (PID=1132) to work on /opt/airflow/dags/waseet_daily.py
[2026-09-15T19:42:12.774+0000] {processor.py:914} INFO - Processing file /opt/airflow/dags/waseet_daily.py for tasks to queue
[2026-09-15T19:42:12.775+0000] {logging_mixin.py:190} INFO - [2026-09-15T19:42:12.775+0000] {dagbag.py:588} INFO - Filling up the DagBag from /opt/airflow/dags/waseet_daily.py
[2026-09-15T19:42:12.794+0000] {processor.py:925} INFO - DAG(s) 'waseet_daily' retrieved from /opt/airflow/dags/waseet_daily.py
[2026-09-15T19:42:12.824+0000] {logging_mixin.py:190} INFO - [2026-09-15T19:42:12.824+0000] {dag.py:3239} INFO - Sync 1 DAGs
[2026-09-15T19:42:12.843+0000] {logging_mixin.py:190} INFO - [2026-09-15T19:42:12.843+0000] {dag.py:4180} INFO - Setting next_dagrun for waseet_daily to 2026-09-14 00:00:00+00:00, run_after=2026-09-15 00:00:00+00:00
[2026-09-15T19:42:12.858+0000] {processor.py:208} INFO - Processing /opt/airflow/dags/waseet_daily.py took 0.090 seconds
[2026-09-15T19:42:43.152+0000] {processor.py:186} INFO - Started process (PID=1137) to work on /opt/airflow/dags/waseet_daily.py
[2026-09-15T19:42:43.153+0000] {processor.py:914} INFO - Processing file /opt/airflow/dags/waseet_daily.py for tasks to queue
[2026-09-15T19:42:43.155+0000] {logging_mixin.py:190} INFO - [2026-09-15T19:42:43.154+0000] {dagbag.py:588} INFO - Filling up the DagBag from /opt/airflow/dags/waseet_daily.py
[2026-09-15T19:42:43.171+0000] {processor.py:925} INFO - DAG(s) 'waseet_daily' retrieved from /opt/airflow/dags/waseet_daily.py
[2026-09-15T19:42:43.213+0000] {logging_mixin.py:190} INFO - [2026-09-15T19:42:43.213+0000] {dag.py:3239} INFO - Sync 1 DAGs
[2026-09-15T19:42:43.229+0000] {logging_mixin.py:190} INFO - [2026-09-15T19:42:43.229+0000] {dag.py:4180} INFO - Setting next_dagrun for waseet_daily to 2026-09-14 00:00:00+00:00, run_after=2026-09-15 00:00:00+00:00
[2026-09-15T19:42:43.260+0000] {processor.py:208} INFO - Processing /opt/airflow/dags/waseet_daily.py took 0.112 seconds
[2026-09-15T19:43:13.572+0000] {processor.py:186} INFO - Started process (PID=1142) to work on /opt/airflow/dags/waseet_daily.py
[2026-09-15T19:43:13.573+0000] {processor.py:914} INFO - Processing file /opt/airflow/dags/waseet_daily.py for tasks to queue
[2026-09-15T19:43:13.574+0000] {logging_mixin.py:190} INFO - [2026-09-15T19:43:13.574+0000] {dagbag.py:588} INFO - Filling up the DagBag from /opt/airflow/dags/waseet_daily.py
[2026-09-15T19:43:13.593+0000] {processor.py:925} INFO - DAG(s) 'waseet_daily' retrieved from /opt/airflow/dags/waseet_daily.py
[2026-09-15T19:43:13.630+0000] {logging_mixin.py:190} INFO - [2026-09-15T19:43:13.629+0000] {dag.py:3239} INFO - Sync 1 DAGs
[2026-09-15T19:43:13.646+0000] {logging_mixin.py:190} INFO - [2026-09-15T19:43:13.646+0000] {dag.py:4180} INFO - Setting next_dagrun for waseet_daily to 2026-09-14 00:00:00+00:00, run_after=2026-09-15 00:00:00+00:00
[2026-09-15T19:43:13.680+0000] {processor.py:208} INFO - Processing /opt/airflow/dags/waseet_daily.py took 0.112 seconds
[2026-09-15T19:43:44.005+0000] {processor.py:186} INFO - Started process (PID=1147) to work on /opt/airflow/dags/waseet_daily.py
[2026-09-15T19:43:44.007+0000] {processor.py:914} INFO - Processing file /opt/airflow/dags/waseet_daily.py for tasks to queue
[2026-09-15T19:43:44.008+0000] {logging_mixin.py:190} INFO - [2026-09-15T19:43:44.008+0000] {dagbag.py:588} INFO - Filling up the DagBag from /opt/airflow/dags/waseet_daily.py
[2026-09-15T19:43:44.030+0000] {processor.py:925} INFO - DAG(s) 'waseet_daily' retrieved from /opt/airflow/dags/waseet_daily.py
[2026-09-15T19:43:44.062+0000] {logging_mixin.py:190} INFO - [2026-09-15T19:43:44.062+0000] {dag.py:3239} INFO - Sync 1 DAGs
[2026-09-15T19:43:44.078+0000] {logging_mixin.py:190} INFO - [2026-09-15T19:43:44.078+0000] {dag.py:4180} INFO - Setting next_dagrun for waseet_daily to 2026-09-14 00:00:00+00:00, run_after=2026-09-15 00:00:00+00:00
[2026-09-15T19:43:44.104+0000] {processor.py:208} INFO - Processing /opt/airflow/dags/waseet_daily.py took 0.103 seconds
[2026-09-15T19:44:14.421+0000] {processor.py:186} INFO - Started process (PID=1152) to work on /opt/airflow/dags/waseet_daily.py
[2026-09-15T19:44:14.423+0000] {processor.py:914} INFO - Processing file /opt/airflow/dags/waseet_daily.py for tasks to queue
[2026-09-15T19:44:14.425+0000] {logging_mixin.py:190} INFO - [2026-09-15T19:44:14.425+0000] {dagbag.py:588} INFO - Filling up the DagBag from /opt/airflow/dags/waseet_daily.py
[2026-09-15T19:44:14.447+0000] {processor.py:925} INFO - DAG(s) 'waseet_daily' retrieved from /opt/airflow/dags/waseet_daily.py
[2026-09-15T19:44:14.483+0000] {logging_mixin.py:190} INFO - [2026-09-15T19:44:14.482+0000] {dag.py:3239} INFO - Sync 1 DAGs
[2026-09-15T19:44:14.500+0000] {logging_mixin.py:190} INFO - [2026-09-15T19:44:14.500+0000] {dag.py:4180} INFO - Setting next_dagrun for waseet_daily to 2026-09-14 00:00:00+00:00, run_after=2026-09-15 00:00:00+00:00
[2026-09-15T19:44:14.519+0000] {processor.py:208} INFO - Processing /opt/airflow/dags/waseet_daily.py took 0.102 seconds
[2026-09-15T19:44:44.825+0000] {processor.py:186} INFO - Started process (PID=1157) to work on /opt/airflow/dags/waseet_daily.py
[2026-09-15T19:44:44.826+0000] {processor.py:914} INFO - Processing file /opt/airflow/dags/waseet_daily.py for tasks to queue
[2026-09-15T19:44:44.827+0000] {logging_mixin.py:190} INFO - [2026-09-15T19:44:44.827+0000] {dagbag.py:588} INFO - Filling up the DagBag from /opt/airflow/dags/waseet_daily.py
[2026-09-15T19:44:44.844+0000] {processor.py:925} INFO - DAG(s) 'waseet_daily' retrieved from /opt/airflow/dags/waseet_daily.py
[2026-09-15T19:44:44.874+0000] {logging_mixin.py:190} INFO - [2026-09-15T19:44:44.874+0000] {dag.py:3239} INFO - Sync 1 DAGs
[2026-09-15T19:44:44.893+0000] {logging_mixin.py:190} INFO - [2026-09-15T19:44:44.893+0000] {dag.py:4180} INFO - Setting next_dagrun for waseet_daily to 2026-09-14 00:00:00+00:00, run_after=2026-09-15 00:00:00+00:00
[2026-09-15T19:44:44.916+0000] {processor.py:208} INFO - Processing /opt/airflow/dags/waseet_daily.py took 0.096 seconds
[2026-09-15T19:45:15.224+0000] {processor.py:186} INFO - Started process (PID=1162) to work on /opt/airflow/dags/waseet_daily.py
[2026-09-15T19:45:15.225+0000] {processor.py:914} INFO - Processing file /opt/airflow/dags/waseet_daily.py for tasks to queue
[2026-09-15T19:45:15.226+0000] {logging_mixin.py:190} INFO - [2026-09-15T19:45:15.226+0000] {dagbag.py:588} INFO - Filling up the DagBag from /opt/airflow/dags/waseet_daily.py
[2026-09-15T19:45:15.244+0000] {processor.py:925} INFO - DAG(s) 'waseet_daily' retrieved from /opt/airflow/dags/waseet_daily.py
[2026-09-15T19:45:15.273+0000] {logging_mixin.py:190} INFO - [2026-09-15T19:45:15.273+0000] {dag.py:3239} INFO - Sync 1 DAGs
[2026-09-15T19:45:15.292+0000] {logging_mixin.py:190} INFO - [2026-09-15T19:45:15.292+0000] {dag.py:4180} INFO - Setting next_dagrun for waseet_daily to 2026-09-14 00:00:00+00:00, run_after=2026-09-15 00:00:00+00:00
[2026-09-15T19:45:15.310+0000] {processor.py:208} INFO - Processing /opt/airflow/dags/waseet_daily.py took 0.091 seconds
[2026-09-15T19:45:45.618+0000] {processor.py:186} INFO - Started process (PID=1167) to work on /opt/airflow/dags/waseet_daily.py
[2026-09-15T19:45:45.620+0000] {processor.py:914} INFO - Processing file /opt/airflow/dags/waseet_daily.py for tasks to queue
[2026-09-15T19:45:45.621+0000] {logging_mixin.py:190} INFO - [2026-09-15T19:45:45.621+0000] {dagbag.py:588} INFO - Filling up the DagBag from /opt/airflow/dags/waseet_daily.py
[2026-09-15T19:45:45.644+0000] {processor.py:925} INFO - DAG(s) 'waseet_daily' retrieved from /opt/airflow/dags/waseet_daily.py
[2026-09-15T19:45:45.676+0000] {logging_mixin.py:190} INFO - [2026-09-15T19:45:45.675+0000] {dag.py:3239} INFO - Sync 1 DAGs
[2026-09-15T19:45:45.693+0000] {logging_mixin.py:190} INFO - [2026-09-15T19:45:45.693+0000] {dag.py:4180} INFO - Setting next_dagrun for waseet_daily to 2026-09-14 00:00:00+00:00, run_after=2026-09-15 00:00:00+00:00
[2026-09-15T19:45:45.718+0000] {processor.py:208} INFO - Processing /opt/airflow/dags/waseet_daily.py took 0.104 seconds
[2026-09-15T19:46:16.042+0000] {processor.py:186} INFO - Started process (PID=1172) to work on /opt/airflow/dags/waseet_daily.py
[2026-09-15T19:46:16.043+0000] {processor.py:914} INFO - Processing file /opt/airflow/dags/waseet_daily.py for tasks to queue
[2026-09-15T19:46:16.045+0000] {logging_mixin.py:190} INFO - [2026-09-15T19:46:16.045+0000] {dagbag.py:588} INFO - Filling up the DagBag from /opt/airflow/dags/waseet_daily.py
[2026-09-15T19:46:16.065+0000] {processor.py:925} INFO - DAG(s) 'waseet_daily' retrieved from /opt/airflow/dags/waseet_daily.py
[2026-09-15T19:46:16.104+0000] {logging_mixin.py:190} INFO - [2026-09-15T19:46:16.104+0000] {dag.py:3239} INFO - Sync 1 DAGs
[2026-09-15T19:46:16.122+0000] {logging_mixin.py:190} INFO - [2026-09-15T19:46:16.122+0000] {dag.py:4180} INFO - Setting next_dagrun for waseet_daily to 2026-09-14 00:00:00+00:00, run_after=2026-09-15 00:00:00+00:00
[2026-09-15T19:46:16.155+0000] {processor.py:208} INFO - Processing /opt/airflow/dags/waseet_daily.py took 0.117 seconds
[2026-09-15T19:46:46.429+0000] {processor.py:186} INFO - Started process (PID=1177) to work on /opt/airflow/dags/waseet_daily.py
[2026-09-15T19:46:46.430+0000] {processor.py:914} INFO - Processing file /opt/airflow/dags/waseet_daily.py for tasks to queue
[2026-09-15T19:46:46.432+0000] {logging_mixin.py:190} INFO - [2026-09-15T19:46:46.431+0000] {dagbag.py:588} INFO - Filling up the DagBag from /opt/airflow/dags/waseet_daily.py
[2026-09-15T19:46:46.457+0000] {processor.py:925} INFO - DAG(s) 'waseet_daily' retrieved from /opt/airflow/dags/waseet_daily.py
[2026-09-15T19:46:46.492+0000] {logging_mixin.py:190} INFO - [2026-09-15T19:46:46.491+0000] {dag.py:3239} INFO - Sync 1 DAGs
[2026-09-15T19:46:46.509+0000] {logging_mixin.py:190} INFO - [2026-09-15T19:46:46.509+0000] {dag.py:4180} INFO - Setting next_dagrun for waseet_daily to 2026-09-14 00:00:00+00:00, run_after=2026-09-15 00:00:00+00:00
[2026-09-15T19:46:46.542+0000] {processor.py:208} INFO - Processing /opt/airflow/dags/waseet_daily.py took 0.117 seconds
[2026-09-15T19:47:16.766+0000] {processor.py:186} INFO - Started process (PID=1182) to work on /opt/airflow/dags/waseet_daily.py
[2026-09-15T19:47:16.767+0000] {processor.py:914} INFO - Processing file /opt/airflow/dags/waseet_daily.py for tasks to queue
[2026-09-15T19:47:16.768+0000] {logging_mixin.py:190} INFO - [2026-09-15T19:47:16.768+0000] {dagbag.py:588} INFO - Filling up the DagBag from /opt/airflow/dags/waseet_daily.py
[2026-09-15T19:47:16.783+0000] {processor.py:925} INFO - DAG(s) 'waseet_daily' retrieved from /opt/airflow/dags/waseet_daily.py
[2026-09-15T19:47:16.811+0000] {logging_mixin.py:190} INFO - [2026-09-15T19:47:16.810+0000] {dag.py:3239} INFO - Sync 1 DAGs
[2026-09-15T19:47:16.827+0000] {logging_mixin.py:190} INFO - [2026-09-15T19:47:16.826+0000] {dag.py:4180} INFO - Setting next_dagrun for waseet_daily to 2026-09-14 00:00:00+00:00, run_after=2026-09-15 00:00:00+00:00
[2026-09-15T19:47:16.843+0000] {processor.py:208} INFO - Processing /opt/airflow/dags/waseet_daily.py took 0.081 seconds
[2026-09-15T19:47:47.196+0000] {processor.py:186} INFO - Started process (PID=1187) to work on /opt/airflow/dags/waseet_daily.py
[2026-09-15T19:47:47.197+0000] {processor.py:914} INFO - Processing file /opt/airflow/dags/waseet_daily.py for tasks to queue
[2026-09-15T19:47:47.199+0000] {logging_mixin.py:190} INFO - [2026-09-15T19:47:47.198+0000] {dagbag.py:588} INFO - Filling up the DagBag from /opt/airflow/dags/waseet_daily.py
[2026-09-15T19:47:47.222+0000] {processor.py:925} INFO - DAG(s) 'waseet_daily' retrieved from /opt/airflow/dags/waseet_daily.py
[2026-09-15T19:47:47.256+0000] {logging_mixin.py:190} INFO - [2026-09-15T19:47:47.256+0000] {dag.py:3239} INFO - Sync 1 DAGs
[2026-09-15T19:47:47.273+0000] {logging_mixin.py:190} INFO - [2026-09-15T19:47:47.272+0000] {dag.py:4180} INFO - Setting next_dagrun for waseet_daily to 2026-09-14 00:00:00+00:00, run_after=2026-09-15 00:00:00+00:00
[2026-09-15T19:47:47.292+0000] {processor.py:208} INFO - Processing /opt/airflow/dags/waseet_daily.py took 0.101 seconds
[2026-09-15T19:48:17.612+0000] {processor.py:186} INFO - Started process (PID=1192) to work on /opt/airflow/dags/waseet_daily.py
[2026-09-15T19:48:17.614+0000] {processor.py:914} INFO - Processing file /opt/airflow/dags/waseet_daily.py for tasks to queue
[2026-09-15T19:48:17.616+0000] {logging_mixin.py:190} INFO - [2026-09-15T19:48:17.615+0000] {dagbag.py:588} INFO - Filling up the DagBag from /opt/airflow/dags/waseet_daily.py
[2026-09-15T19:48:17.637+0000] {processor.py:925} INFO - DAG(s) 'waseet_daily' retrieved from /opt/airflow/dags/waseet_daily.py
[2026-09-15T19:48:17.672+0000] {logging_mixin.py:190} INFO - [2026-09-15T19:48:17.672+0000] {dag.py:3239} INFO - Sync 1 DAGs
[2026-09-15T19:48:17.693+0000] {logging_mixin.py:190} INFO - [2026-09-15T19:48:17.693+0000] {dag.py:4180} INFO - Setting next_dagrun for waseet_daily to 2026-09-14 00:00:00+00:00, run_after=2026-09-15 00:00:00+00:00
[2026-09-15T19:48:17.710+0000] {processor.py:208} INFO - Processing /opt/airflow/dags/waseet_daily.py took 0.102 seconds
[2026-09-15T19:48:48.017+0000] {processor.py:186} INFO - Started process (PID=1197) to work on /opt/airflow/dags/waseet_daily.py
[2026-09-15T19:48:48.019+0000] {processor.py:914} INFO - Processing file /opt/airflow/dags/waseet_daily.py for tasks to queue
[2026-09-15T19:48:48.020+0000] {logging_mixin.py:190} INFO - [2026-09-15T19:48:48.020+0000] {dagbag.py:588} INFO - Filling up the DagBag from /opt/airflow/dags/waseet_daily.py
[2026-09-15T19:48:48.039+0000] {processor.py:925} INFO - DAG(s) 'waseet_daily' retrieved from /opt/airflow/dags/waseet_daily.py
[2026-09-15T19:48:48.070+0000] {logging_mixin.py:190} INFO - [2026-09-15T19:48:48.070+0000] {dag.py:3239} INFO - Sync 1 DAGs
[2026-09-15T19:48:48.088+0000] {logging_mixin.py:190} INFO - [2026-09-15T19:48:48.088+0000] {dag.py:4180} INFO - Setting next_dagrun for waseet_daily to 2026-09-14 00:00:00+00:00, run_after=2026-09-15 00:00:00+00:00
[2026-09-15T19:48:48.106+0000] {processor.py:208} INFO - Processing /opt/airflow/dags/waseet_daily.py took 0.093 seconds
[2026-09-15T19:49:18.416+0000] {processor.py:186} INFO - Started process (PID=1202) to work on /opt/airflow/dags/waseet_daily.py
[2026-09-15T19:49:18.418+0000] {processor.py:914} INFO - Processing file /opt/airflow/dags/waseet_daily.py for tasks to queue
[2026-09-15T19:49:18.420+0000] {logging_mixin.py:190} INFO - [2026-09-15T19:49:18.419+0000] {dagbag.py:588} INFO - Filling up the DagBag from /opt/airflow/dags/waseet_daily.py
[2026-09-15T19:49:18.441+0000] {processor.py:925} INFO - DAG(s) 'waseet_daily' retrieved from /opt/airflow/dags/waseet_daily.py
[2026-09-15T19:49:18.477+0000] {logging_mixin.py:190} INFO - [2026-09-15T19:49:18.477+0000] {dag.py:3239} INFO - Sync 1 DAGs
[2026-09-15T19:49:18.496+0000] {logging_mixin.py:190} INFO - [2026-09-15T19:49:18.496+0000] {dag.py:4180} INFO - Setting next_dagrun for waseet_daily to 2026-09-14 00:00:00+00:00, run_after=2026-09-15 00:00:00+00:00
[2026-09-15T19:49:18.527+0000] {processor.py:208} INFO - Processing /opt/airflow/dags/waseet_daily.py took 0.115 seconds
[2026-09-15T19:49:48.831+0000] {processor.py:186} INFO - Started process (PID=1207) to work on /opt/airflow/dags/waseet_daily.py
[2026-09-15T19:49:48.832+0000] {processor.py:914} INFO - Processing file /opt/airflow/dags/waseet_daily.py for tasks to queue
[2026-09-15T19:49:48.834+0000] {logging_mixin.py:190} INFO - [2026-09-15T19:49:48.834+0000] {dagbag.py:588} INFO - Filling up the DagBag from /opt/airflow/dags/waseet_daily.py
[2026-09-15T19:49:48.854+0000] {processor.py:925} INFO - DAG(s) 'waseet_daily' retrieved from /opt/airflow/dags/waseet_daily.py
[2026-09-15T19:49:48.880+0000] {logging_mixin.py:190} INFO - [2026-09-15T19:49:48.879+0000] {dag.py:3239} INFO - Sync 1 DAGs
[2026-09-15T19:49:48.895+0000] {logging_mixin.py:190} INFO - [2026-09-15T19:49:48.895+0000] {dag.py:4180} INFO - Setting next_dagrun for waseet_daily to 2026-09-14 00:00:00+00:00, run_after=2026-09-15 00:00:00+00:00
[2026-09-15T19:49:48.921+0000] {processor.py:208} INFO - Processing /opt/airflow/dags/waseet_daily.py took 0.094 seconds
[2026-09-15T19:50:19.333+0000] {processor.py:186} INFO - Started process (PID=1212) to work on /opt/airflow/dags/waseet_daily.py
[2026-09-15T19:50:19.334+0000] {processor.py:914} INFO - Processing file /opt/airflow/dags/waseet_daily.py for tasks to queue
[2026-09-15T19:50:19.336+0000] {logging_mixin.py:190} INFO - [2026-09-15T19:50:19.335+0000] {dagbag.py:588} INFO - Filling up the DagBag from /opt/airflow/dags/waseet_daily.py
[2026-09-15T19:50:19.360+0000] {processor.py:925} INFO - DAG(s) 'waseet_daily' retrieved from /opt/airflow/dags/waseet_daily.py
[2026-09-15T19:50:19.407+0000] {logging_mixin.py:190} INFO - [2026-09-15T19:50:19.406+0000] {dag.py:3239} INFO - Sync 1 DAGs
[2026-09-15T19:50:19.426+0000] {logging_mixin.py:190} INFO - [2026-09-15T19:50:19.426+0000] {dag.py:4180} INFO - Setting next_dagrun for waseet_daily to 2026-09-14 00:00:00+00:00, run_after=2026-09-15 00:00:00+00:00
[2026-09-15T19:50:19.443+0000] {processor.py:208} INFO - Processing /opt/airflow/dags/waseet_daily.py took 0.114 seconds
[2026-09-15T19:50:49.758+0000] {processor.py:186} INFO - Started process (PID=1217) to work on /opt/airflow/dags/waseet_daily.py
[2026-09-15T19:50:49.759+0000] {processor.py:914} INFO - Processing file /opt/airflow/dags/waseet_daily.py for tasks to queue
[2026-09-15T19:50:49.761+0000] {logging_mixin.py:190} INFO - [2026-09-15T19:50:49.761+0000] {dagbag.py:588} INFO - Filling up the DagBag from /opt/airflow/dags/waseet_daily.py
[2026-09-15T19:50:49.783+0000] {processor.py:925} INFO - DAG(s) 'waseet_daily' retrieved from /opt/airflow/dags/waseet_daily.py
[2026-09-15T19:50:49.819+0000] {logging_mixin.py:190} INFO - [2026-09-15T19:50:49.819+0000] {dag.py:3239} INFO - Sync 1 DAGs
[2026-09-15T19:50:49.840+0000] {logging_mixin.py:190} INFO - [2026-09-15T19:50:49.840+0000] {dag.py:4180} INFO - Setting next_dagrun for waseet_daily to 2026-09-14 00:00:00+00:00, run_after=2026-09-15 00:00:00+00:00
[2026-09-15T19:50:49.857+0000] {processor.py:208} INFO - Processing /opt/airflow/dags/waseet_daily.py took 0.104 seconds
[2026-09-15T19:51:20.224+0000] {processor.py:186} INFO - Started process (PID=1222) to work on /opt/airflow/dags/waseet_daily.py
[2026-09-15T19:51:20.225+0000] {processor.py:914} INFO - Processing file /opt/airflow/dags/waseet_daily.py for tasks to queue
[2026-09-15T19:51:20.226+0000] {logging_mixin.py:190} INFO - [2026-09-15T19:51:20.226+0000] {dagbag.py:588} INFO - Filling up the DagBag from /opt/airflow/dags/waseet_daily.py
[2026-09-15T19:51:20.253+0000] {processor.py:925} INFO - DAG(s) 'waseet_daily' retrieved from /opt/airflow/dags/waseet_daily.py
[2026-09-15T19:51:20.293+0000] {logging_mixin.py:190} INFO - [2026-09-15T19:51:20.293+0000] {dag.py:3239} INFO - Sync 1 DAGs
[2026-09-15T19:51:20.314+0000] {logging_mixin.py:190} INFO - [2026-09-15T19:51:20.313+0000] {dag.py:4180} INFO - Setting next_dagrun for waseet_daily to 2026-09-14 00:00:00+00:00, run_after=2026-09-15 00:00:00+00:00
[2026-09-15T19:51:20.335+0000] {processor.py:208} INFO - Processing /opt/airflow/dags/waseet_daily.py took 0.115 seconds
[2026-09-15T19:51:50.588+0000] {processor.py:186} INFO - Started process (PID=1227) to work on /opt/airflow/dags/waseet_daily.py
[2026-09-15T19:51:50.589+0000] {processor.py:914} INFO - Processing file /opt/airflow/dags/waseet_daily.py for tasks to queue
[2026-09-15T19:51:50.591+0000] {logging_mixin.py:190} INFO - [2026-09-15T19:51:50.591+0000] {dagbag.py:588} INFO - Filling up the DagBag from /opt/airflow/dags/waseet_daily.py
[2026-09-15T19:51:50.610+0000] {processor.py:925} INFO - DAG(s) 'waseet_daily' retrieved from /opt/airflow/dags/waseet_daily.py
[2026-09-15T19:51:50.644+0000] {logging_mixin.py:190} INFO - [2026-09-15T19:51:50.644+0000] {dag.py:3239} INFO - Sync 1 DAGs
[2026-09-15T19:51:50.661+0000] {logging_mixin.py:190} INFO - [2026-09-15T19:51:50.661+0000] {dag.py:4180} INFO - Setting next_dagrun for waseet_daily to 2026-09-14 00:00:00+00:00, run_after=2026-09-15 00:00:00+00:00
[2026-09-15T19:51:50.689+0000] {processor.py:208} INFO - Processing /opt/airflow/dags/waseet_daily.py took 0.105 seconds
[2026-09-15T19:52:21.022+0000] {processor.py:186} INFO - Started process (PID=1232) to work on /opt/airflow/dags/waseet_daily.py
[2026-09-15T19:52:21.023+0000] {processor.py:914} INFO - Processing file /opt/airflow/dags/waseet_daily.py for tasks to queue
[2026-09-15T19:52:21.025+0000] {logging_mixin.py:190} INFO - [2026-09-15T19:52:21.024+0000] {dagbag.py:588} INFO - Filling up the DagBag from /opt/airflow/dags/waseet_daily.py
[2026-09-15T19:52:21.045+0000] {processor.py:925} INFO - DAG(s) 'waseet_daily' retrieved from /opt/airflow/dags/waseet_daily.py
[2026-09-15T19:52:21.078+0000] {logging_mixin.py:190} INFO - [2026-09-15T19:52:21.078+0000] {dag.py:3239} INFO - Sync 1 DAGs
[2026-09-15T19:52:21.098+0000] {logging_mixin.py:190} INFO - [2026-09-15T19:52:21.098+0000] {dag.py:4180} INFO - Setting next_dagrun for waseet_daily to 2026-09-14 00:00:00+00:00, run_after=2026-09-15 00:00:00+00:00
[2026-09-15T19:52:21.130+0000] {processor.py:208} INFO - Processing /opt/airflow/dags/waseet_daily.py took 0.112 seconds
[2026-09-15T19:52:51.466+0000] {processor.py:186} INFO - Started process (PID=1263) to work on /opt/airflow/dags/waseet_daily.py
[2026-09-15T19:52:51.467+0000] {processor.py:914} INFO - Processing file /opt/airflow/dags/waseet_daily.py for tasks to queue
[2026-09-15T19:52:51.468+0000] {logging_mixin.py:190} INFO - [2026-09-15T19:52:51.468+0000] {dagbag.py:588} INFO - Filling up the DagBag from /opt/airflow/dags/waseet_daily.py
[2026-09-15T19:52:51.484+0000] {processor.py:925} INFO - DAG(s) 'waseet_daily' retrieved from /opt/airflow/dags/waseet_daily.py
[2026-09-15T19:52:51.515+0000] {logging_mixin.py:190} INFO - [2026-09-15T19:52:51.514+0000] {dag.py:3239} INFO - Sync 1 DAGs
[2026-09-15T19:52:51.533+0000] {logging_mixin.py:190} INFO - [2026-09-15T19:52:51.533+0000] {dag.py:4180} INFO - Setting next_dagrun for waseet_daily to 2026-09-14 00:00:00+00:00, run_after=2026-09-15 00:00:00+00:00
[2026-09-15T19:52:51.550+0000] {processor.py:208} INFO - Processing /opt/airflow/dags/waseet_daily.py took 0.088 seconds
[2026-09-15T19:53:21.847+0000] {processor.py:186} INFO - Started process (PID=1294) to work on /opt/airflow/dags/waseet_daily.py
[2026-09-15T19:53:21.848+0000] {processor.py:914} INFO - Processing file /opt/airflow/dags/waseet_daily.py for tasks to queue
[2026-09-15T19:53:21.850+0000] {logging_mixin.py:190} INFO - [2026-09-15T19:53:21.849+0000] {dagbag.py:588} INFO - Filling up the DagBag from /opt/airflow/dags/waseet_daily.py
[2026-09-15T19:53:21.865+0000] {processor.py:925} INFO - DAG(s) 'waseet_daily' retrieved from /opt/airflow/dags/waseet_daily.py
[2026-09-15T19:53:21.894+0000] {logging_mixin.py:190} INFO - [2026-09-15T19:53:21.893+0000] {dag.py:3239} INFO - Sync 1 DAGs
[2026-09-15T19:53:21.913+0000] {logging_mixin.py:190} INFO - [2026-09-15T19:53:21.913+0000] {dag.py:4180} INFO - Setting next_dagrun for waseet_daily to 2026-09-14 00:00:00+00:00, run_after=2026-09-15 00:00:00+00:00
[2026-09-15T19:53:21.930+0000] {processor.py:208} INFO - Processing /opt/airflow/dags/waseet_daily.py took 0.087 seconds
[2026-09-15T19:53:52.253+0000] {processor.py:186} INFO - Started process (PID=1299) to work on /opt/airflow/dags/waseet_daily.py
[2026-09-15T19:53:52.254+0000] {processor.py:914} INFO - Processing file /opt/airflow/dags/waseet_daily.py for tasks to queue
[2026-09-15T19:53:52.256+0000] {logging_mixin.py:190} INFO - [2026-09-15T19:53:52.255+0000] {dagbag.py:588} INFO - Filling up the DagBag from /opt/airflow/dags/waseet_daily.py
[2026-09-15T19:53:52.274+0000] {processor.py:925} INFO - DAG(s) 'waseet_daily' retrieved from /opt/airflow/dags/waseet_daily.py
[2026-09-15T19:53:52.311+0000] {logging_mixin.py:190} INFO - [2026-09-15T19:53:52.311+0000] {dag.py:3239} INFO - Sync 1 DAGs
[2026-09-15T19:53:52.331+0000] {logging_mixin.py:190} INFO - [2026-09-15T19:53:52.331+0000] {dag.py:4180} INFO - Setting next_dagrun for waseet_daily to 2026-09-14 00:00:00+00:00, run_after=2026-09-15 00:00:00+00:00
[2026-09-15T19:53:52.363+0000] {processor.py:208} INFO - Processing /opt/airflow/dags/waseet_daily.py took 0.114 seconds
[2026-09-15T19:54:22.654+0000] {processor.py:186} INFO - Started process (PID=1330) to work on /opt/airflow/dags/waseet_daily.py
[2026-09-15T19:54:22.655+0000] {processor.py:914} INFO - Processing file /opt/airflow/dags/waseet_daily.py for tasks to queue
[2026-09-15T19:54:22.657+0000] {logging_mixin.py:190} INFO - [2026-09-15T19:54:22.657+0000] {dagbag.py:588} INFO - Filling up the DagBag from /opt/airflow/dags/waseet_daily.py
[2026-09-15T19:54:22.683+0000] {processor.py:925} INFO - DAG(s) 'waseet_daily' retrieved from /opt/airflow/dags/waseet_daily.py
[2026-09-15T19:54:22.719+0000] {logging_mixin.py:190} INFO - [2026-09-15T19:54:22.719+0000] {dag.py:3239} INFO - Sync 1 DAGs
[2026-09-15T19:54:22.740+0000] {logging_mixin.py:190} INFO - [2026-09-15T19:54:22.739+0000] {dag.py:4180} INFO - Setting next_dagrun for waseet_daily to 2026-09-14 00:00:00+00:00, run_after=2026-09-15 00:00:00+00:00
[2026-09-15T19:54:22.758+0000] {processor.py:208} INFO - Processing /opt/airflow/dags/waseet_daily.py took 0.108 seconds
[2026-09-15T19:54:53.119+0000] {processor.py:186} INFO - Started process (PID=1335) to work on /opt/airflow/dags/waseet_daily.py
[2026-09-15T19:54:53.120+0000] {processor.py:914} INFO - Processing file /opt/airflow/dags/waseet_daily.py for tasks to queue
[2026-09-15T19:54:53.122+0000] {logging_mixin.py:190} INFO - [2026-09-15T19:54:53.122+0000] {dagbag.py:588} INFO - Filling up the DagBag from /opt/airflow/dags/waseet_daily.py
[2026-09-15T19:54:53.146+0000] {processor.py:925} INFO - DAG(s) 'waseet_daily' retrieved from /opt/airflow/dags/waseet_daily.py
[2026-09-15T19:54:53.180+0000] {logging_mixin.py:190} INFO - [2026-09-15T19:54:53.179+0000] {dag.py:3239} INFO - Sync 1 DAGs
[2026-09-15T19:54:53.196+0000] {logging_mixin.py:190} INFO - [2026-09-15T19:54:53.196+0000] {dag.py:4180} INFO - Setting next_dagrun for waseet_daily to 2026-09-14 00:00:00+00:00, run_after=2026-09-15 00:00:00+00:00
[2026-09-15T19:54:53.230+0000] {processor.py:208} INFO - Processing /opt/airflow/dags/waseet_daily.py took 0.115 seconds
[2026-09-15T19:55:23.544+0000] {processor.py:186} INFO - Started process (PID=1340) to work on /opt/airflow/dags/waseet_daily.py
[2026-09-15T19:55:23.546+0000] {processor.py:914} INFO - Processing file /opt/airflow/dags/waseet_daily.py for tasks to queue
[2026-09-15T19:55:23.547+0000] {logging_mixin.py:190} INFO - [2026-09-15T19:55:23.547+0000] {dagbag.py:588} INFO - Filling up the DagBag from /opt/airflow/dags/waseet_daily.py
[2026-09-15T19:55:23.561+0000] {processor.py:925} INFO - DAG(s) 'waseet_daily' retrieved from /opt/airflow/dags/waseet_daily.py
[2026-09-15T19:55:23.596+0000] {logging_mixin.py:190} INFO - [2026-09-15T19:55:23.596+0000] {dag.py:3239} INFO - Sync 1 DAGs
[2026-09-15T19:55:23.612+0000] {logging_mixin.py:190} INFO - [2026-09-15T19:55:23.612+0000] {dag.py:4180} INFO - Setting next_dagrun for waseet_daily to 2026-09-14 00:00:00+00:00, run_after=2026-09-15 00:00:00+00:00
[2026-09-15T19:55:23.626+0000] {processor.py:208} INFO - Processing /opt/airflow/dags/waseet_daily.py took 0.086 seconds
[2026-09-15T19:55:54.093+0000] {processor.py:186} INFO - Started process (PID=1345) to work on /opt/airflow/dags/waseet_daily.py
[2026-09-15T19:55:54.095+0000] {processor.py:914} INFO - Processing file /opt/airflow/dags/waseet_daily.py for tasks to queue
[2026-09-15T19:55:54.096+0000] {logging_mixin.py:190} INFO - [2026-09-15T19:55:54.096+0000] {dagbag.py:588} INFO - Filling up the DagBag from /opt/airflow/dags/waseet_daily.py
[2026-09-15T19:55:54.110+0000] {processor.py:925} INFO - DAG(s) 'waseet_daily' retrieved from /opt/airflow/dags/waseet_daily.py
[2026-09-15T19:55:54.139+0000] {logging_mixin.py:190} INFO - [2026-09-15T19:55:54.139+0000] {dag.py:3239} INFO - Sync 1 DAGs
[2026-09-15T19:55:54.154+0000] {logging_mixin.py:190} INFO - [2026-09-15T19:55:54.154+0000] {dag.py:4180} INFO - Setting next_dagrun for waseet_daily to 2026-09-14 00:00:00+00:00, run_after=2026-09-15 00:00:00+00:00
[2026-09-15T19:55:54.186+0000] {processor.py:208} INFO - Processing /opt/airflow/dags/waseet_daily.py took 0.097 seconds
[2026-09-15T19:56:24.577+0000] {processor.py:186} INFO - Started process (PID=1350) to work on /opt/airflow/dags/waseet_daily.py
[2026-09-15T19:56:24.578+0000] {processor.py:914} INFO - Processing file /opt/airflow/dags/waseet_daily.py for tasks to queue
[2026-09-15T19:56:24.580+0000] {logging_mixin.py:190} INFO - [2026-09-15T19:56:24.580+0000] {dagbag.py:588} INFO - Filling up the DagBag from /opt/airflow/dags/waseet_daily.py
[2026-09-15T19:56:24.605+0000] {processor.py:925} INFO - DAG(s) 'waseet_daily' retrieved from /opt/airflow/dags/waseet_daily.py
[2026-09-15T19:56:24.649+0000] {logging_mixin.py:190} INFO - [2026-09-15T19:56:24.648+0000] {dag.py:3239} INFO - Sync 1 DAGs
[2026-09-15T19:56:24.667+0000] {logging_mixin.py:190} INFO - [2026-09-15T19:56:24.667+0000] {dag.py:4180} INFO - Setting next_dagrun for waseet_daily to 2026-09-14 00:00:00+00:00, run_after=2026-09-15 00:00:00+00:00
[2026-09-15T19:56:24.697+0000] {processor.py:208} INFO - Processing /opt/airflow/dags/waseet_daily.py took 0.124 seconds
[2026-09-15T19:56:55.065+0000] {processor.py:186} INFO - Started process (PID=1355) to work on /opt/airflow/dags/waseet_daily.py
[2026-09-15T19:56:55.066+0000] {processor.py:914} INFO - Processing file /opt/airflow/dags/waseet_daily.py for tasks to queue
[2026-09-15T19:56:55.068+0000] {logging_mixin.py:190} INFO - [2026-09-15T19:56:55.067+0000] {dagbag.py:588} INFO - Filling up the DagBag from /opt/airflow/dags/waseet_daily.py
[2026-09-15T19:56:55.098+0000] {processor.py:925} INFO - DAG(s) 'waseet_daily' retrieved from /opt/airflow/dags/waseet_daily.py
[2026-09-15T19:56:55.133+0000] {logging_mixin.py:190} INFO - [2026-09-15T19:56:55.133+0000] {dag.py:3239} INFO - Sync 1 DAGs
[2026-09-15T19:56:55.152+0000] {logging_mixin.py:190} INFO - [2026-09-15T19:56:55.152+0000] {dag.py:4180} INFO - Setting next_dagrun for waseet_daily to 2026-09-14 00:00:00+00:00, run_after=2026-09-15 00:00:00+00:00
[2026-09-15T19:56:55.183+0000] {processor.py:208} INFO - Processing /opt/airflow/dags/waseet_daily.py took 0.123 seconds
[2026-09-15T19:57:25.485+0000] {processor.py:186} INFO - Started process (PID=1360) to work on /opt/airflow/dags/waseet_daily.py
[2026-09-15T19:57:25.486+0000] {processor.py:914} INFO - Processing file /opt/airflow/dags/waseet_daily.py for tasks to queue
[2026-09-15T19:57:25.488+0000] {logging_mixin.py:190} INFO - [2026-09-15T19:57:25.488+0000] {dagbag.py:588} INFO - Filling up the DagBag from /opt/airflow/dags/waseet_daily.py
[2026-09-15T19:57:25.509+0000] {processor.py:925} INFO - DAG(s) 'waseet_daily' retrieved from /opt/airflow/dags/waseet_daily.py
[2026-09-15T19:57:25.543+0000] {logging_mixin.py:190} INFO - [2026-09-15T19:57:25.543+0000] {dag.py:3239} INFO - Sync 1 DAGs
[2026-09-15T19:57:25.562+0000] {logging_mixin.py:190} INFO - [2026-09-15T19:57:25.562+0000] {dag.py:4180} INFO - Setting next_dagrun for waseet_daily to 2026-09-14 00:00:00+00:00, run_after=2026-09-15 00:00:00+00:00
[2026-09-15T19:57:25.580+0000] {processor.py:208} INFO - Processing /opt/airflow/dags/waseet_daily.py took 0.099 seconds
[2026-09-15T19:57:55.925+0000] {processor.py:186} INFO - Started process (PID=1365) to work on /opt/airflow/dags/waseet_daily.py
[2026-09-15T19:57:55.926+0000] {processor.py:914} INFO - Processing file /opt/airflow/dags/waseet_daily.py for tasks to queue
[2026-09-15T19:57:55.928+0000] {logging_mixin.py:190} INFO - [2026-09-15T19:57:55.927+0000] {dagbag.py:588} INFO - Filling up the DagBag from /opt/airflow/dags/waseet_daily.py
[2026-09-15T19:57:55.944+0000] {processor.py:925} INFO - DAG(s) 'waseet_daily' retrieved from /opt/airflow/dags/waseet_daily.py
[2026-09-15T19:57:55.977+0000] {logging_mixin.py:190} INFO - [2026-09-15T19:57:55.976+0000] {dag.py:3239} INFO - Sync 1 DAGs
[2026-09-15T19:57:55.994+0000] {logging_mixin.py:190} INFO - [2026-09-15T19:57:55.994+0000] {dag.py:4180} INFO - Setting next_dagrun for waseet_daily to 2026-09-14 00:00:00+00:00, run_after=2026-09-15 00:00:00+00:00
[2026-09-15T19:57:56.026+0000] {processor.py:208} INFO - Processing /opt/airflow/dags/waseet_daily.py took 0.105 seconds
[2026-09-15T19:58:26.319+0000] {processor.py:186} INFO - Started process (PID=1370) to work on /opt/airflow/dags/waseet_daily.py
[2026-09-15T19:58:26.320+0000] {processor.py:914} INFO - Processing file /opt/airflow/dags/waseet_daily.py for tasks to queue
[2026-09-15T19:58:26.321+0000] {logging_mixin.py:190} INFO - [2026-09-15T19:58:26.321+0000] {dagbag.py:588} INFO - Filling up the DagBag from /opt/airflow/dags/waseet_daily.py
[2026-09-15T19:58:26.338+0000] {processor.py:925} INFO - DAG(s) 'waseet_daily' retrieved from /opt/airflow/dags/waseet_daily.py
[2026-09-15T19:58:26.375+0000] {logging_mixin.py:190} INFO - [2026-09-15T19:58:26.375+0000] {dag.py:3239} INFO - Sync 1 DAGs
[2026-09-15T19:58:26.397+0000] {logging_mixin.py:190} INFO - [2026-09-15T19:58:26.397+0000] {dag.py:4180} INFO - Setting next_dagrun for waseet_daily to 2026-09-14 00:00:00+00:00, run_after=2026-09-15 00:00:00+00:00
[2026-09-15T19:58:26.432+0000] {processor.py:208} INFO - Processing /opt/airflow/dags/waseet_daily.py took 0.117 seconds
[2026-09-15T19:58:56.774+0000] {processor.py:186} INFO - Started process (PID=1375) to work on /opt/airflow/dags/waseet_daily.py
[2026-09-15T19:58:56.775+0000] {processor.py:914} INFO - Processing file /opt/airflow/dags/waseet_daily.py for tasks to queue
[2026-09-15T19:58:56.777+0000] {logging_mixin.py:190} INFO - [2026-09-15T19:58:56.776+0000] {dagbag.py:588} INFO - Filling up the DagBag from /opt/airflow/dags/waseet_daily.py
[2026-09-15T19:58:56.793+0000] {processor.py:925} INFO - DAG(s) 'waseet_daily' retrieved from /opt/airflow/dags/waseet_daily.py
[2026-09-15T19:58:56.826+0000] {logging_mixin.py:190} INFO - [2026-09-15T19:58:56.826+0000] {dag.py:3239} INFO - Sync 1 DAGs
[2026-09-15T19:58:56.846+0000] {logging_mixin.py:190} INFO - [2026-09-15T19:58:56.846+0000] {dag.py:4180} INFO - Setting next_dagrun for waseet_daily to 2026-09-14 00:00:00+00:00, run_after=2026-09-15 00:00:00+00:00
[2026-09-15T19:58:56.864+0000] {processor.py:208} INFO - Processing /opt/airflow/dags/waseet_daily.py took 0.094 seconds
[2026-09-15T19:59:27.135+0000] {processor.py:186} INFO - Started process (PID=1428) to work on /opt/airflow/dags/waseet_daily.py
[2026-09-15T19:59:27.136+0000] {processor.py:914} INFO - Processing file /opt/airflow/dags/waseet_daily.py for tasks to queue
[2026-09-15T19:59:27.137+0000] {logging_mixin.py:190} INFO - [2026-09-15T19:59:27.137+0000] {dagbag.py:588} INFO - Filling up the DagBag from /opt/airflow/dags/waseet_daily.py
[2026-09-15T19:59:27.153+0000] {processor.py:925} INFO - DAG(s) 'waseet_daily' retrieved from /opt/airflow/dags/waseet_daily.py
[2026-09-15T19:59:27.184+0000] {logging_mixin.py:190} INFO - [2026-09-15T19:59:27.184+0000] {dag.py:3239} INFO - Sync 1 DAGs
[2026-09-15T19:59:27.217+0000] {logging_mixin.py:190} INFO - [2026-09-15T19:59:27.217+0000] {dag.py:4180} INFO - Setting next_dagrun for waseet_daily to 2026-09-14 00:00:00+00:00, run_after=2026-09-15 00:00:00+00:00
[2026-09-15T19:59:27.233+0000] {processor.py:208} INFO - Processing /opt/airflow/dags/waseet_daily.py took 0.102 seconds
[2026-09-15T19:59:57.572+0000] {processor.py:186} INFO - Started process (PID=1433) to work on /opt/airflow/dags/waseet_daily.py
[2026-09-15T19:59:57.574+0000] {processor.py:914} INFO - Processing file /opt/airflow/dags/waseet_daily.py for tasks to queue
[2026-09-15T19:59:57.575+0000] {logging_mixin.py:190} INFO - [2026-09-15T19:59:57.575+0000] {dagbag.py:588} INFO - Filling up the DagBag from /opt/airflow/dags/waseet_daily.py
[2026-09-15T19:59:57.591+0000] {processor.py:925} INFO - DAG(s) 'waseet_daily' retrieved from /opt/airflow/dags/waseet_daily.py
[2026-09-15T19:59:57.623+0000] {logging_mixin.py:190} INFO - [2026-09-15T19:59:57.623+0000] {dag.py:3239} INFO - Sync 1 DAGs
[2026-09-15T19:59:57.641+0000] {logging_mixin.py:190} INFO - [2026-09-15T19:59:57.641+0000] {dag.py:4180} INFO - Setting next_dagrun for waseet_daily to 2026-09-14 00:00:00+00:00, run_after=2026-09-15 00:00:00+00:00
[2026-09-15T19:59:57.659+0000] {processor.py:208} INFO - Processing /opt/airflow/dags/waseet_daily.py took 0.092 seconds
[2026-09-15T20:00:27.959+0000] {processor.py:186} INFO - Started process (PID=1438) to work on /opt/airflow/dags/waseet_daily.py
[2026-09-15T20:00:27.961+0000] {processor.py:914} INFO - Processing file /opt/airflow/dags/waseet_daily.py for tasks to queue
[2026-09-15T20:00:27.963+0000] {logging_mixin.py:190} INFO - [2026-09-15T20:00:27.962+0000] {dagbag.py:588} INFO - Filling up the DagBag from /opt/airflow/dags/waseet_daily.py
[2026-09-15T20:00:27.986+0000] {processor.py:925} INFO - DAG(s) 'waseet_daily' retrieved from /opt/airflow/dags/waseet_daily.py
[2026-09-15T20:00:28.029+0000] {logging_mixin.py:190} INFO - [2026-09-15T20:00:28.028+0000] {dag.py:3239} INFO - Sync 1 DAGs
[2026-09-15T20:00:28.053+0000] {logging_mixin.py:190} INFO - [2026-09-15T20:00:28.052+0000] {dag.py:4180} INFO - Setting next_dagrun for waseet_daily to 2026-09-14 00:00:00+00:00, run_after=2026-09-15 00:00:00+00:00
[2026-09-15T20:00:28.071+0000] {processor.py:208} INFO - Processing /opt/airflow/dags/waseet_daily.py took 0.117 seconds
[2026-09-15T20:00:58.333+0000] {processor.py:186} INFO - Started process (PID=1443) to work on /opt/airflow/dags/waseet_daily.py
[2026-09-15T20:00:58.335+0000] {processor.py:914} INFO - Processing file /opt/airflow/dags/waseet_daily.py for tasks to queue
[2026-09-15T20:00:58.336+0000] {logging_mixin.py:190} INFO - [2026-09-15T20:00:58.336+0000] {dagbag.py:588} INFO - Filling up the DagBag from /opt/airflow/dags/waseet_daily.py
[2026-09-15T20:00:58.353+0000] {processor.py:925} INFO - DAG(s) 'waseet_daily' retrieved from /opt/airflow/dags/waseet_daily.py
[2026-09-15T20:00:58.407+0000] {logging_mixin.py:190} INFO - [2026-09-15T20:00:58.406+0000] {dag.py:3239} INFO - Sync 1 DAGs
[2026-09-15T20:00:58.425+0000] {logging_mixin.py:190} INFO - [2026-09-15T20:00:58.424+0000] {dag.py:4180} INFO - Setting next_dagrun for waseet_daily to 2026-09-14 00:00:00+00:00, run_after=2026-09-15 00:00:00+00:00
[2026-09-15T20:00:58.440+0000] {processor.py:208} INFO - Processing /opt/airflow/dags/waseet_daily.py took 0.112 seconds
[2026-09-15T20:01:28.749+0000] {processor.py:186} INFO - Started process (PID=1448) to work on /opt/airflow/dags/waseet_daily.py
[2026-09-15T20:01:28.750+0000] {processor.py:914} INFO - Processing file /opt/airflow/dags/waseet_daily.py for tasks to queue
[2026-09-15T20:01:28.752+0000] {logging_mixin.py:190} INFO - [2026-09-15T20:01:28.752+0000] {dagbag.py:588} INFO - Filling up the DagBag from /opt/airflow/dags/waseet_daily.py
[2026-09-15T20:01:28.772+0000] {processor.py:925} INFO - DAG(s) 'waseet_daily' retrieved from /opt/airflow/dags/waseet_daily.py
[2026-09-15T20:01:28.801+0000] {logging_mixin.py:190} INFO - [2026-09-15T20:01:28.800+0000] {dag.py:3239} INFO - Sync 1 DAGs
[2026-09-15T20:01:28.816+0000] {logging_mixin.py:190} INFO - [2026-09-15T20:01:28.816+0000] {dag.py:4180} INFO - Setting next_dagrun for waseet_daily to 2026-09-14 00:00:00+00:00, run_after=2026-09-15 00:00:00+00:00
[2026-09-15T20:01:28.833+0000] {processor.py:208} INFO - Processing /opt/airflow/dags/waseet_daily.py took 0.087 seconds
[2026-09-15T20:01:59.175+0000] {processor.py:186} INFO - Started process (PID=1453) to work on /opt/airflow/dags/waseet_daily.py
[2026-09-15T20:01:59.176+0000] {processor.py:914} INFO - Processing file /opt/airflow/dags/waseet_daily.py for tasks to queue
[2026-09-15T20:01:59.178+0000] {logging_mixin.py:190} INFO - [2026-09-15T20:01:59.178+0000] {dagbag.py:588} INFO - Filling up the DagBag from /opt/airflow/dags/waseet_daily.py
[2026-09-15T20:01:59.197+0000] {processor.py:925} INFO - DAG(s) 'waseet_daily' retrieved from /opt/airflow/dags/waseet_daily.py
[2026-09-15T20:01:59.234+0000] {logging_mixin.py:190} INFO - [2026-09-15T20:01:59.234+0000] {dag.py:3239} INFO - Sync 1 DAGs
[2026-09-15T20:01:59.255+0000] {logging_mixin.py:190} INFO - [2026-09-15T20:01:59.255+0000] {dag.py:4180} INFO - Setting next_dagrun for waseet_daily to 2026-09-14 00:00:00+00:00, run_after=2026-09-15 00:00:00+00:00
[2026-09-15T20:01:59.276+0000] {processor.py:208} INFO - Processing /opt/airflow/dags/waseet_daily.py took 0.105 seconds
[2026-09-15T20:02:29.551+0000] {processor.py:186} INFO - Started process (PID=1484) to work on /opt/airflow/dags/waseet_daily.py
[2026-09-15T20:02:29.552+0000] {processor.py:914} INFO - Processing file /opt/airflow/dags/waseet_daily.py for tasks to queue
[2026-09-15T20:02:29.554+0000] {logging_mixin.py:190} INFO - [2026-09-15T20:02:29.554+0000] {dagbag.py:588} INFO - Filling up the DagBag from /opt/airflow/dags/waseet_daily.py
[2026-09-15T20:02:29.572+0000] {processor.py:925} INFO - DAG(s) 'waseet_daily' retrieved from /opt/airflow/dags/waseet_daily.py
[2026-09-15T20:02:29.606+0000] {logging_mixin.py:190} INFO - [2026-09-15T20:02:29.606+0000] {dag.py:3239} INFO - Sync 1 DAGs
[2026-09-15T20:02:29.625+0000] {logging_mixin.py:190} INFO - [2026-09-15T20:02:29.625+0000] {dag.py:4180} INFO - Setting next_dagrun for waseet_daily to 2026-09-14 00:00:00+00:00, run_after=2026-09-15 00:00:00+00:00
[2026-09-15T20:02:29.657+0000] {processor.py:208} INFO - Processing /opt/airflow/dags/waseet_daily.py took 0.110 seconds
[2026-09-15T20:02:59.980+0000] {processor.py:186} INFO - Started process (PID=1489) to work on /opt/airflow/dags/waseet_daily.py
[2026-09-15T20:02:59.981+0000] {processor.py:914} INFO - Processing file /opt/airflow/dags/waseet_daily.py for tasks to queue
[2026-09-15T20:02:59.983+0000] {logging_mixin.py:190} INFO - [2026-09-15T20:02:59.982+0000] {dagbag.py:588} INFO - Filling up the DagBag from /opt/airflow/dags/waseet_daily.py
[2026-09-15T20:03:00.002+0000] {processor.py:925} INFO - DAG(s) 'waseet_daily' retrieved from /opt/airflow/dags/waseet_daily.py
[2026-09-15T20:03:00.042+0000] {logging_mixin.py:190} INFO - [2026-09-15T20:03:00.041+0000] {dag.py:3239} INFO - Sync 1 DAGs
[2026-09-15T20:03:00.060+0000] {logging_mixin.py:190} INFO - [2026-09-15T20:03:00.060+0000] {dag.py:4180} INFO - Setting next_dagrun for waseet_daily to 2026-09-14 00:00:00+00:00, run_after=2026-09-15 00:00:00+00:00
[2026-09-15T20:03:00.080+0000] {processor.py:208} INFO - Processing /opt/airflow/dags/waseet_daily.py took 0.104 seconds
[2026-09-15T20:03:30.412+0000] {processor.py:186} INFO - Started process (PID=1494) to work on /opt/airflow/dags/waseet_daily.py
[2026-09-15T20:03:30.413+0000] {processor.py:914} INFO - Processing file /opt/airflow/dags/waseet_daily.py for tasks to queue
[2026-09-15T20:03:30.415+0000] {logging_mixin.py:190} INFO - [2026-09-15T20:03:30.415+0000] {dagbag.py:588} INFO - Filling up the DagBag from /opt/airflow/dags/waseet_daily.py
[2026-09-15T20:03:30.434+0000] {processor.py:925} INFO - DAG(s) 'waseet_daily' retrieved from /opt/airflow/dags/waseet_daily.py
[2026-09-15T20:03:30.486+0000] {logging_mixin.py:190} INFO - [2026-09-15T20:03:30.486+0000] {dag.py:3239} INFO - Sync 1 DAGs
[2026-09-15T20:03:30.505+0000] {logging_mixin.py:190} INFO - [2026-09-15T20:03:30.504+0000] {dag.py:4180} INFO - Setting next_dagrun for waseet_daily to 2026-09-14 00:00:00+00:00, run_after=2026-09-15 00:00:00+00:00
[2026-09-15T20:03:30.522+0000] {processor.py:208} INFO - Processing /opt/airflow/dags/waseet_daily.py took 0.114 seconds
[2026-09-15T20:04:00.799+0000] {processor.py:186} INFO - Started process (PID=1499) to work on /opt/airflow/dags/waseet_daily.py
[2026-09-15T20:04:00.800+0000] {processor.py:914} INFO - Processing file /opt/airflow/dags/waseet_daily.py for tasks to queue
[2026-09-15T20:04:00.802+0000] {logging_mixin.py:190} INFO - [2026-09-15T20:04:00.801+0000] {dagbag.py:588} INFO - Filling up the DagBag from /opt/airflow/dags/waseet_daily.py
[2026-09-15T20:04:00.822+0000] {processor.py:925} INFO - DAG(s) 'waseet_daily' retrieved from /opt/airflow/dags/waseet_daily.py
[2026-09-15T20:04:00.856+0000] {logging_mixin.py:190} INFO - [2026-09-15T20:04:00.855+0000] {dag.py:3239} INFO - Sync 1 DAGs
[2026-09-15T20:04:00.874+0000] {logging_mixin.py:190} INFO - [2026-09-15T20:04:00.874+0000] {dag.py:4180} INFO - Setting next_dagrun for waseet_daily to 2026-09-14 00:00:00+00:00, run_after=2026-09-15 00:00:00+00:00
[2026-09-15T20:04:00.892+0000] {processor.py:208} INFO - Processing /opt/airflow/dags/waseet_daily.py took 0.098 seconds
[2026-09-15T20:04:31.237+0000] {processor.py:186} INFO - Started process (PID=1551) to work on /opt/airflow/dags/waseet_daily.py
[2026-09-15T20:04:31.238+0000] {processor.py:914} INFO - Processing file /opt/airflow/dags/waseet_daily.py for tasks to queue
[2026-09-15T20:04:31.239+0000] {logging_mixin.py:190} INFO - [2026-09-15T20:04:31.239+0000] {dagbag.py:588} INFO - Filling up the DagBag from /opt/airflow/dags/waseet_daily.py
[2026-09-15T20:04:31.256+0000] {processor.py:925} INFO - DAG(s) 'waseet_daily' retrieved from /opt/airflow/dags/waseet_daily.py
[2026-09-15T20:04:31.287+0000] {logging_mixin.py:190} INFO - [2026-09-15T20:04:31.287+0000] {dag.py:3239} INFO - Sync 1 DAGs
[2026-09-15T20:04:31.305+0000] {logging_mixin.py:190} INFO - [2026-09-15T20:04:31.305+0000] {dag.py:4180} INFO - Setting next_dagrun for waseet_daily to 2026-09-14 00:00:00+00:00, run_after=2026-09-15 00:00:00+00:00
[2026-09-15T20:04:31.322+0000] {processor.py:208} INFO - Processing /opt/airflow/dags/waseet_daily.py took 0.090 seconds
[2026-09-15T20:05:01.644+0000] {processor.py:186} INFO - Started process (PID=1556) to work on /opt/airflow/dags/waseet_daily.py
[2026-09-15T20:05:01.646+0000] {processor.py:914} INFO - Processing file /opt/airflow/dags/waseet_daily.py for tasks to queue
[2026-09-15T20:05:01.648+0000] {logging_mixin.py:190} INFO - [2026-09-15T20:05:01.648+0000] {dagbag.py:588} INFO - Filling up the DagBag from /opt/airflow/dags/waseet_daily.py
[2026-09-15T20:05:01.675+0000] {processor.py:925} INFO - DAG(s) 'waseet_daily' retrieved from /opt/airflow/dags/waseet_daily.py
[2026-09-15T20:05:01.724+0000] {logging_mixin.py:190} INFO - [2026-09-15T20:05:01.723+0000] {dag.py:3239} INFO - Sync 1 DAGs
[2026-09-15T20:05:01.744+0000] {logging_mixin.py:190} INFO - [2026-09-15T20:05:01.744+0000] {dag.py:4180} INFO - Setting next_dagrun for waseet_daily to 2026-09-14 00:00:00+00:00, run_after=2026-09-15 00:00:00+00:00
[2026-09-15T20:05:01.763+0000] {processor.py:208} INFO - Processing /opt/airflow/dags/waseet_daily.py took 0.124 seconds
[2026-09-15T20:05:32.046+0000] {processor.py:186} INFO - Started process (PID=1561) to work on /opt/airflow/dags/waseet_daily.py
[2026-09-15T20:05:32.048+0000] {processor.py:914} INFO - Processing file /opt/airflow/dags/waseet_daily.py for tasks to queue
[2026-09-15T20:05:32.050+0000] {logging_mixin.py:190} INFO - [2026-09-15T20:05:32.050+0000] {dagbag.py:588} INFO - Filling up the DagBag from /opt/airflow/dags/waseet_daily.py
[2026-09-15T20:05:32.074+0000] {processor.py:925} INFO - DAG(s) 'waseet_daily' retrieved from /opt/airflow/dags/waseet_daily.py
[2026-09-15T20:05:32.121+0000] {logging_mixin.py:190} INFO - [2026-09-15T20:05:32.120+0000] {dag.py:3239} INFO - Sync 1 DAGs
[2026-09-15T20:05:32.146+0000] {logging_mixin.py:190} INFO - [2026-09-15T20:05:32.146+0000] {dag.py:4180} INFO - Setting next_dagrun for waseet_daily to 2026-09-14 00:00:00+00:00, run_after=2026-09-15 00:00:00+00:00
[2026-09-15T20:05:32.169+0000] {processor.py:208} INFO - Processing /opt/airflow/dags/waseet_daily.py took 0.127 seconds
[2026-09-15T20:06:02.443+0000] {processor.py:186} INFO - Started process (PID=1592) to work on /opt/airflow/dags/waseet_daily.py
[2026-09-15T20:06:02.444+0000] {processor.py:914} INFO - Processing file /opt/airflow/dags/waseet_daily.py for tasks to queue
[2026-09-15T20:06:02.446+0000] {logging_mixin.py:190} INFO - [2026-09-15T20:06:02.446+0000] {dagbag.py:588} INFO - Filling up the DagBag from /opt/airflow/dags/waseet_daily.py
[2026-09-15T20:06:02.465+0000] {processor.py:925} INFO - DAG(s) 'waseet_daily' retrieved from /opt/airflow/dags/waseet_daily.py
[2026-09-15T20:06:02.502+0000] {logging_mixin.py:190} INFO - [2026-09-15T20:06:02.502+0000] {dag.py:3239} INFO - Sync 1 DAGs
[2026-09-15T20:06:02.519+0000] {logging_mixin.py:190} INFO - [2026-09-15T20:06:02.519+0000] {dag.py:4180} INFO - Setting next_dagrun for waseet_daily to 2026-09-14 00:00:00+00:00, run_after=2026-09-15 00:00:00+00:00
[2026-09-15T20:06:02.538+0000] {processor.py:208} INFO - Processing /opt/airflow/dags/waseet_daily.py took 0.099 seconds
[2026-09-15T20:06:32.854+0000] {processor.py:186} INFO - Started process (PID=1597) to work on /opt/airflow/dags/waseet_daily.py
[2026-09-15T20:06:32.855+0000] {processor.py:914} INFO - Processing file /opt/airflow/dags/waseet_daily.py for tasks to queue
[2026-09-15T20:06:32.857+0000] {logging_mixin.py:190} INFO - [2026-09-15T20:06:32.857+0000] {dagbag.py:588} INFO - Filling up the DagBag from /opt/airflow/dags/waseet_daily.py
[2026-09-15T20:06:32.874+0000] {processor.py:925} INFO - DAG(s) 'waseet_daily' retrieved from /opt/airflow/dags/waseet_daily.py
[2026-09-15T20:06:32.904+0000] {logging_mixin.py:190} INFO - [2026-09-15T20:06:32.904+0000] {dag.py:3239} INFO - Sync 1 DAGs
[2026-09-15T20:06:32.920+0000] {logging_mixin.py:190} INFO - [2026-09-15T20:06:32.920+0000] {dag.py:4180} INFO - Setting next_dagrun for waseet_daily to 2026-09-14 00:00:00+00:00, run_after=2026-09-15 00:00:00+00:00
[2026-09-15T20:06:32.949+0000] {processor.py:208} INFO - Processing /opt/airflow/dags/waseet_daily.py took 0.099 seconds
[2026-09-15T20:07:03.236+0000] {processor.py:186} INFO - Started process (PID=1628) to work on /opt/airflow/dags/waseet_daily.py
[2026-09-15T20:07:03.237+0000] {processor.py:914} INFO - Processing file /opt/airflow/dags/waseet_daily.py for tasks to queue
[2026-09-15T20:07:03.239+0000] {logging_mixin.py:190} INFO - [2026-09-15T20:07:03.238+0000] {dagbag.py:588} INFO - Filling up the DagBag from /opt/airflow/dags/waseet_daily.py
[2026-09-15T20:07:03.254+0000] {processor.py:925} INFO - DAG(s) 'waseet_daily' retrieved from /opt/airflow/dags/waseet_daily.py
[2026-09-15T20:07:03.285+0000] {logging_mixin.py:190} INFO - [2026-09-15T20:07:03.285+0000] {dag.py:3239} INFO - Sync 1 DAGs
[2026-09-15T20:07:03.302+0000] {logging_mixin.py:190} INFO - [2026-09-15T20:07:03.302+0000] {dag.py:4180} INFO - Setting next_dagrun for waseet_daily to 2026-09-14 00:00:00+00:00, run_after=2026-09-15 00:00:00+00:00
[2026-09-15T20:07:03.319+0000] {processor.py:208} INFO - Processing /opt/airflow/dags/waseet_daily.py took 0.087 seconds
[2026-09-15T20:07:33.684+0000] {processor.py:186} INFO - Started process (PID=1659) to work on /opt/airflow/dags/waseet_daily.py
[2026-09-15T20:07:33.685+0000] {processor.py:914} INFO - Processing file /opt/airflow/dags/waseet_daily.py for tasks to queue
[2026-09-15T20:07:33.686+0000] {logging_mixin.py:190} INFO - [2026-09-15T20:07:33.686+0000] {dagbag.py:588} INFO - Filling up the DagBag from /opt/airflow/dags/waseet_daily.py
[2026-09-15T20:07:33.702+0000] {processor.py:925} INFO - DAG(s) 'waseet_daily' retrieved from /opt/airflow/dags/waseet_daily.py
[2026-09-15T20:07:33.733+0000] {logging_mixin.py:190} INFO - [2026-09-15T20:07:33.732+0000] {dag.py:3239} INFO - Sync 1 DAGs
[2026-09-15T20:07:33.752+0000] {logging_mixin.py:190} INFO - [2026-09-15T20:07:33.752+0000] {dag.py:4180} INFO - Setting next_dagrun for waseet_daily to 2026-09-14 00:00:00+00:00, run_after=2026-09-15 00:00:00+00:00
[2026-09-15T20:07:33.768+0000] {processor.py:208} INFO - Processing /opt/airflow/dags/waseet_daily.py took 0.088 seconds
[2026-09-15T20:08:04.111+0000] {processor.py:186} INFO - Started process (PID=1664) to work on /opt/airflow/dags/waseet_daily.py
[2026-09-15T20:08:04.112+0000] {processor.py:914} INFO - Processing file /opt/airflow/dags/waseet_daily.py for tasks to queue
[2026-09-15T20:08:04.113+0000] {logging_mixin.py:190} INFO - [2026-09-15T20:08:04.113+0000] {dagbag.py:588} INFO - Filling up the DagBag from /opt/airflow/dags/waseet_daily.py
[2026-09-15T20:08:04.135+0000] {processor.py:925} INFO - DAG(s) 'waseet_daily' retrieved from /opt/airflow/dags/waseet_daily.py
[2026-09-15T20:08:04.175+0000] {logging_mixin.py:190} INFO - [2026-09-15T20:08:04.175+0000] {dag.py:3239} INFO - Sync 1 DAGs
[2026-09-15T20:08:04.191+0000] {logging_mixin.py:190} INFO - [2026-09-15T20:08:04.191+0000] {dag.py:4180} INFO - Setting next_dagrun for waseet_daily to 2026-09-14 00:00:00+00:00, run_after=2026-09-15 00:00:00+00:00
[2026-09-15T20:08:04.214+0000] {processor.py:208} INFO - Processing /opt/airflow/dags/waseet_daily.py took 0.107 seconds
[2026-09-15T20:08:34.526+0000] {processor.py:186} INFO - Started process (PID=1717) to work on /opt/airflow/dags/waseet_daily.py
[2026-09-15T20:08:34.527+0000] {processor.py:914} INFO - Processing file /opt/airflow/dags/waseet_daily.py for tasks to queue
[2026-09-15T20:08:34.529+0000] {logging_mixin.py:190} INFO - [2026-09-15T20:08:34.529+0000] {dagbag.py:588} INFO - Filling up the DagBag from /opt/airflow/dags/waseet_daily.py
[2026-09-15T20:08:34.548+0000] {processor.py:925} INFO - DAG(s) 'waseet_daily' retrieved from /opt/airflow/dags/waseet_daily.py
[2026-09-15T20:08:34.581+0000] {logging_mixin.py:190} INFO - [2026-09-15T20:08:34.581+0000] {dag.py:3239} INFO - Sync 1 DAGs
[2026-09-15T20:08:34.600+0000] {logging_mixin.py:190} INFO - [2026-09-15T20:08:34.600+0000] {dag.py:4180} INFO - Setting next_dagrun for waseet_daily to 2026-09-14 00:00:00+00:00, run_after=2026-09-15 00:00:00+00:00
[2026-09-15T20:08:34.618+0000] {processor.py:208} INFO - Processing /opt/airflow/dags/waseet_daily.py took 0.097 seconds
[2026-09-15T20:09:04.977+0000] {processor.py:186} INFO - Started process (PID=1743) to work on /opt/airflow/dags/waseet_daily.py
[2026-09-15T20:09:04.978+0000] {processor.py:914} INFO - Processing file /opt/airflow/dags/waseet_daily.py for tasks to queue
[2026-09-15T20:09:04.980+0000] {logging_mixin.py:190} INFO - [2026-09-15T20:09:04.980+0000] {dagbag.py:588} INFO - Filling up the DagBag from /opt/airflow/dags/waseet_daily.py
[2026-09-15T20:09:05.003+0000] {processor.py:925} INFO - DAG(s) 'waseet_daily' retrieved from /opt/airflow/dags/waseet_daily.py
[2026-09-15T20:09:05.043+0000] {logging_mixin.py:190} INFO - [2026-09-15T20:09:05.042+0000] {dag.py:3239} INFO - Sync 1 DAGs
[2026-09-15T20:09:05.059+0000] {logging_mixin.py:190} INFO - [2026-09-15T20:09:05.059+0000] {dag.py:4180} INFO - Setting next_dagrun for waseet_daily to 2026-09-14 00:00:00+00:00, run_after=2026-09-15 00:00:00+00:00
[2026-09-15T20:09:05.074+0000] {processor.py:208} INFO - Processing /opt/airflow/dags/waseet_daily.py took 0.101 seconds
[2026-09-15T20:09:35.414+0000] {processor.py:186} INFO - Started process (PID=1748) to work on /opt/airflow/dags/waseet_daily.py
[2026-09-15T20:09:35.415+0000] {processor.py:914} INFO - Processing file /opt/airflow/dags/waseet_daily.py for tasks to queue
[2026-09-15T20:09:35.417+0000] {logging_mixin.py:190} INFO - [2026-09-15T20:09:35.416+0000] {dagbag.py:588} INFO - Filling up the DagBag from /opt/airflow/dags/waseet_daily.py
[2026-09-15T20:09:35.437+0000] {processor.py:925} INFO - DAG(s) 'waseet_daily' retrieved from /opt/airflow/dags/waseet_daily.py
[2026-09-15T20:09:35.473+0000] {logging_mixin.py:190} INFO - [2026-09-15T20:09:35.473+0000] {dag.py:3239} INFO - Sync 1 DAGs
[2026-09-15T20:09:35.491+0000] {logging_mixin.py:190} INFO - [2026-09-15T20:09:35.490+0000] {dag.py:4180} INFO - Setting next_dagrun for waseet_daily to 2026-09-14 00:00:00+00:00, run_after=2026-09-15 00:00:00+00:00
[2026-09-15T20:09:35.508+0000] {processor.py:208} INFO - Processing /opt/airflow/dags/waseet_daily.py took 0.099 seconds
[2026-09-15T20:10:05.799+0000] {processor.py:186} INFO - Started process (PID=1753) to work on /opt/airflow/dags/waseet_daily.py
[2026-09-15T20:10:05.800+0000] {processor.py:914} INFO - Processing file /opt/airflow/dags/waseet_daily.py for tasks to queue
[2026-09-15T20:10:05.801+0000] {logging_mixin.py:190} INFO - [2026-09-15T20:10:05.800+0000] {dagbag.py:588} INFO - Filling up the DagBag from /opt/airflow/dags/waseet_daily.py
[2026-09-15T20:10:05.815+0000] {processor.py:925} INFO - DAG(s) 'waseet_daily' retrieved from /opt/airflow/dags/waseet_daily.py
[2026-09-15T20:10:05.846+0000] {logging_mixin.py:190} INFO - [2026-09-15T20:10:05.846+0000] {dag.py:3239} INFO - Sync 1 DAGs
[2026-09-15T20:10:05.862+0000] {logging_mixin.py:190} INFO - [2026-09-15T20:10:05.862+0000] {dag.py:4180} INFO - Setting next_dagrun for waseet_daily to 2026-09-14 00:00:00+00:00, run_after=2026-09-15 00:00:00+00:00
[2026-09-15T20:10:05.879+0000] {processor.py:208} INFO - Processing /opt/airflow/dags/waseet_daily.py took 0.084 seconds
[2026-09-15T20:10:36.248+0000] {processor.py:186} INFO - Started process (PID=1758) to work on /opt/airflow/dags/waseet_daily.py
[2026-09-15T20:10:36.249+0000] {processor.py:914} INFO - Processing file /opt/airflow/dags/waseet_daily.py for tasks to queue
[2026-09-15T20:10:36.251+0000] {logging_mixin.py:190} INFO - [2026-09-15T20:10:36.250+0000] {dagbag.py:588} INFO - Filling up the DagBag from /opt/airflow/dags/waseet_daily.py
[2026-09-15T20:10:36.274+0000] {processor.py:925} INFO - DAG(s) 'waseet_daily' retrieved from /opt/airflow/dags/waseet_daily.py
[2026-09-15T20:10:36.309+0000] {logging_mixin.py:190} INFO - [2026-09-15T20:10:36.309+0000] {dag.py:3239} INFO - Sync 1 DAGs
[2026-09-15T20:10:36.328+0000] {logging_mixin.py:190} INFO - [2026-09-15T20:10:36.327+0000] {dag.py:4180} INFO - Setting next_dagrun for waseet_daily to 2026-09-14 00:00:00+00:00, run_after=2026-09-15 00:00:00+00:00
[2026-09-15T20:10:36.345+0000] {processor.py:208} INFO - Processing /opt/airflow/dags/waseet_daily.py took 0.101 seconds
[2026-09-15T20:11:06.633+0000] {processor.py:186} INFO - Started process (PID=1789) to work on /opt/airflow/dags/waseet_daily.py
[2026-09-15T20:11:06.635+0000] {processor.py:914} INFO - Processing file /opt/airflow/dags/waseet_daily.py for tasks to queue
[2026-09-15T20:11:06.636+0000] {logging_mixin.py:190} INFO - [2026-09-15T20:11:06.636+0000] {dagbag.py:588} INFO - Filling up the DagBag from /opt/airflow/dags/waseet_daily.py
[2026-09-15T20:11:06.669+0000] {processor.py:925} INFO - DAG(s) 'waseet_daily' retrieved from /opt/airflow/dags/waseet_daily.py
[2026-09-15T20:11:06.704+0000] {logging_mixin.py:190} INFO - [2026-09-15T20:11:06.704+0000] {dag.py:3239} INFO - Sync 1 DAGs
[2026-09-15T20:11:06.722+0000] {logging_mixin.py:190} INFO - [2026-09-15T20:11:06.721+0000] {dag.py:4180} INFO - Setting next_dagrun for waseet_daily to 2026-09-14 00:00:00+00:00, run_after=2026-09-15 00:00:00+00:00
[2026-09-15T20:11:06.740+0000] {processor.py:208} INFO - Processing /opt/airflow/dags/waseet_daily.py took 0.111 seconds
[2026-09-15T20:11:37.155+0000] {processor.py:186} INFO - Started process (PID=1794) to work on /opt/airflow/dags/waseet_daily.py
[2026-09-15T20:11:37.156+0000] {processor.py:914} INFO - Processing file /opt/airflow/dags/waseet_daily.py for tasks to queue
[2026-09-15T20:11:37.158+0000] {logging_mixin.py:190} INFO - [2026-09-15T20:11:37.158+0000] {dagbag.py:588} INFO - Filling up the DagBag from /opt/airflow/dags/waseet_daily.py
[2026-09-15T20:11:37.181+0000] {processor.py:925} INFO - DAG(s) 'waseet_daily' retrieved from /opt/airflow/dags/waseet_daily.py
[2026-09-15T20:11:37.219+0000] {logging_mixin.py:190} INFO - [2026-09-15T20:11:37.219+0000] {dag.py:3239} INFO - Sync 1 DAGs
[2026-09-15T20:11:37.236+0000] {logging_mixin.py:190} INFO - [2026-09-15T20:11:37.236+0000] {dag.py:4180} INFO - Setting next_dagrun for waseet_daily to 2026-09-14 00:00:00+00:00, run_after=2026-09-15 00:00:00+00:00
[2026-09-15T20:11:37.266+0000] {processor.py:208} INFO - Processing /opt/airflow/dags/waseet_daily.py took 0.115 seconds
[2026-09-15T20:12:07.599+0000] {processor.py:186} INFO - Started process (PID=1799) to work on /opt/airflow/dags/waseet_daily.py
[2026-09-15T20:12:07.601+0000] {processor.py:914} INFO - Processing file /opt/airflow/dags/waseet_daily.py for tasks to queue
[2026-09-15T20:12:07.602+0000] {logging_mixin.py:190} INFO - [2026-09-15T20:12:07.602+0000] {dagbag.py:588} INFO - Filling up the DagBag from /opt/airflow/dags/waseet_daily.py
[2026-09-15T20:12:07.620+0000] {processor.py:925} INFO - DAG(s) 'waseet_daily' retrieved from /opt/airflow/dags/waseet_daily.py
[2026-09-15T20:12:07.655+0000] {logging_mixin.py:190} INFO - [2026-09-15T20:12:07.655+0000] {dag.py:3239} INFO - Sync 1 DAGs
[2026-09-15T20:12:07.672+0000] {logging_mixin.py:190} INFO - [2026-09-15T20:12:07.671+0000] {dag.py:4180} INFO - Setting next_dagrun for waseet_daily to 2026-09-14 00:00:00+00:00, run_after=2026-09-15 00:00:00+00:00
[2026-09-15T20:12:07.703+0000] {processor.py:208} INFO - Processing /opt/airflow/dags/waseet_daily.py took 0.108 seconds
[2026-09-15T20:12:38.018+0000] {processor.py:186} INFO - Started process (PID=1804) to work on /opt/airflow/dags/waseet_daily.py
[2026-09-15T20:12:38.020+0000] {processor.py:914} INFO - Processing file /opt/airflow/dags/waseet_daily.py for tasks to queue
[2026-09-15T20:12:38.022+0000] {logging_mixin.py:190} INFO - [2026-09-15T20:12:38.022+0000] {dagbag.py:588} INFO - Filling up the DagBag from /opt/airflow/dags/waseet_daily.py
[2026-09-15T20:12:38.046+0000] {processor.py:925} INFO - DAG(s) 'waseet_daily' retrieved from /opt/airflow/dags/waseet_daily.py
[2026-09-15T20:12:38.084+0000] {logging_mixin.py:190} INFO - [2026-09-15T20:12:38.084+0000] {dag.py:3239} INFO - Sync 1 DAGs
[2026-09-15T20:12:38.102+0000] {logging_mixin.py:190} INFO - [2026-09-15T20:12:38.102+0000] {dag.py:4180} INFO - Setting next_dagrun for waseet_daily to 2026-09-14 00:00:00+00:00, run_after=2026-09-15 00:00:00+00:00
[2026-09-15T20:12:38.119+0000] {processor.py:208} INFO - Processing /opt/airflow/dags/waseet_daily.py took 0.105 seconds
[2026-09-15T20:13:08.488+0000] {processor.py:186} INFO - Started process (PID=1809) to work on /opt/airflow/dags/waseet_daily.py
[2026-09-15T20:13:08.489+0000] {processor.py:914} INFO - Processing file /opt/airflow/dags/waseet_daily.py for tasks to queue
[2026-09-15T20:13:08.490+0000] {logging_mixin.py:190} INFO - [2026-09-15T20:13:08.490+0000] {dagbag.py:588} INFO - Filling up the DagBag from /opt/airflow/dags/waseet_daily.py
[2026-09-15T20:13:08.509+0000] {processor.py:925} INFO - DAG(s) 'waseet_daily' retrieved from /opt/airflow/dags/waseet_daily.py
[2026-09-15T20:13:08.549+0000] {logging_mixin.py:190} INFO - [2026-09-15T20:13:08.549+0000] {dag.py:3239} INFO - Sync 1 DAGs
[2026-09-15T20:13:08.567+0000] {logging_mixin.py:190} INFO - [2026-09-15T20:13:08.567+0000] {dag.py:4180} INFO - Setting next_dagrun for waseet_daily to 2026-09-14 00:00:00+00:00, run_after=2026-09-15 00:00:00+00:00
[2026-09-15T20:13:08.587+0000] {processor.py:208} INFO - Processing /opt/airflow/dags/waseet_daily.py took 0.103 seconds
[2026-09-15T20:13:38.894+0000] {processor.py:186} INFO - Started process (PID=1835) to work on /opt/airflow/dags/waseet_daily.py
[2026-09-15T20:13:38.895+0000] {processor.py:914} INFO - Processing file /opt/airflow/dags/waseet_daily.py for tasks to queue
[2026-09-15T20:13:38.897+0000] {logging_mixin.py:190} INFO - [2026-09-15T20:13:38.896+0000] {dagbag.py:588} INFO - Filling up the DagBag from /opt/airflow/dags/waseet_daily.py
[2026-09-15T20:13:38.914+0000] {processor.py:925} INFO - DAG(s) 'waseet_daily' retrieved from /opt/airflow/dags/waseet_daily.py
[2026-09-15T20:13:38.947+0000] {logging_mixin.py:190} INFO - [2026-09-15T20:13:38.947+0000] {dag.py:3239} INFO - Sync 1 DAGs
[2026-09-15T20:13:38.964+0000] {logging_mixin.py:190} INFO - [2026-09-15T20:13:38.964+0000] {dag.py:4180} INFO - Setting next_dagrun for waseet_daily to 2026-09-14 00:00:00+00:00, run_after=2026-09-15 00:00:00+00:00
[2026-09-15T20:13:38.992+0000] {processor.py:208} INFO - Processing /opt/airflow/dags/waseet_daily.py took 0.102 seconds
[2026-09-15T20:14:09.326+0000] {processor.py:186} INFO - Started process (PID=1840) to work on /opt/airflow/dags/waseet_daily.py
[2026-09-15T20:14:09.327+0000] {processor.py:914} INFO - Processing file /opt/airflow/dags/waseet_daily.py for tasks to queue
[2026-09-15T20:14:09.328+0000] {logging_mixin.py:190} INFO - [2026-09-15T20:14:09.328+0000] {dagbag.py:588} INFO - Filling up the DagBag from /opt/airflow/dags/waseet_daily.py
[2026-09-15T20:14:09.351+0000] {processor.py:925} INFO - DAG(s) 'waseet_daily' retrieved from /opt/airflow/dags/waseet_daily.py
[2026-09-15T20:14:09.386+0000] {logging_mixin.py:190} INFO - [2026-09-15T20:14:09.385+0000] {dag.py:3239} INFO - Sync 1 DAGs
[2026-09-15T20:14:09.407+0000] {logging_mixin.py:190} INFO - [2026-09-15T20:14:09.406+0000] {dag.py:4180} INFO - Setting next_dagrun for waseet_daily to 2026-09-14 00:00:00+00:00, run_after=2026-09-15 00:00:00+00:00
[2026-09-15T20:14:09.423+0000] {processor.py:208} INFO - Processing /opt/airflow/dags/waseet_daily.py took 0.101 seconds
[2026-09-15T20:14:39.759+0000] {processor.py:186} INFO - Started process (PID=1845) to work on /opt/airflow/dags/waseet_daily.py
[2026-09-15T20:14:39.760+0000] {processor.py:914} INFO - Processing file /opt/airflow/dags/waseet_daily.py for tasks to queue
[2026-09-15T20:14:39.761+0000] {logging_mixin.py:190} INFO - [2026-09-15T20:14:39.761+0000] {dagbag.py:588} INFO - Filling up the DagBag from /opt/airflow/dags/waseet_daily.py
[2026-09-15T20:14:39.782+0000] {processor.py:925} INFO - DAG(s) 'waseet_daily' retrieved from /opt/airflow/dags/waseet_daily.py
[2026-09-15T20:14:39.821+0000] {logging_mixin.py:190} INFO - [2026-09-15T20:14:39.820+0000] {dag.py:3239} INFO - Sync 1 DAGs
[2026-09-15T20:14:39.839+0000] {logging_mixin.py:190} INFO - [2026-09-15T20:14:39.839+0000] {dag.py:4180} INFO - Setting next_dagrun for waseet_daily to 2026-09-14 00:00:00+00:00, run_after=2026-09-15 00:00:00+00:00
[2026-09-15T20:14:39.875+0000] {processor.py:208} INFO - Processing /opt/airflow/dags/waseet_daily.py took 0.120 seconds
[2026-09-15T20:15:10.175+0000] {processor.py:186} INFO - Started process (PID=1850) to work on /opt/airflow/dags/waseet_daily.py
[2026-09-15T20:15:10.177+0000] {processor.py:914} INFO - Processing file /opt/airflow/dags/waseet_daily.py for tasks to queue
[2026-09-15T20:15:10.178+0000] {logging_mixin.py:190} INFO - [2026-09-15T20:15:10.178+0000] {dagbag.py:588} INFO - Filling up the DagBag from /opt/airflow/dags/waseet_daily.py
[2026-09-15T20:15:10.201+0000] {processor.py:925} INFO - DAG(s) 'waseet_daily' retrieved from /opt/airflow/dags/waseet_daily.py
[2026-09-15T20:15:10.240+0000] {logging_mixin.py:190} INFO - [2026-09-15T20:15:10.239+0000] {dag.py:3239} INFO - Sync 1 DAGs
[2026-09-15T20:15:10.257+0000] {logging_mixin.py:190} INFO - [2026-09-15T20:15:10.257+0000] {dag.py:4180} INFO - Setting next_dagrun for waseet_daily to 2026-09-14 00:00:00+00:00, run_after=2026-09-15 00:00:00+00:00
[2026-09-15T20:15:10.282+0000] {processor.py:208} INFO - Processing /opt/airflow/dags/waseet_daily.py took 0.111 seconds
[2026-09-15T20:15:40.562+0000] {processor.py:186} INFO - Started process (PID=1855) to work on /opt/airflow/dags/waseet_daily.py
[2026-09-15T20:15:40.563+0000] {processor.py:914} INFO - Processing file /opt/airflow/dags/waseet_daily.py for tasks to queue
[2026-09-15T20:15:40.564+0000] {logging_mixin.py:190} INFO - [2026-09-15T20:15:40.564+0000] {dagbag.py:588} INFO - Filling up the DagBag from /opt/airflow/dags/waseet_daily.py
[2026-09-15T20:15:40.583+0000] {processor.py:925} INFO - DAG(s) 'waseet_daily' retrieved from /opt/airflow/dags/waseet_daily.py
[2026-09-15T20:15:40.614+0000] {logging_mixin.py:190} INFO - [2026-09-15T20:15:40.614+0000] {dag.py:3239} INFO - Sync 1 DAGs
[2026-09-15T20:15:40.633+0000] {logging_mixin.py:190} INFO - [2026-09-15T20:15:40.632+0000] {dag.py:4180} INFO - Setting next_dagrun for waseet_daily to 2026-09-14 00:00:00+00:00, run_after=2026-09-15 00:00:00+00:00
[2026-09-15T20:15:40.651+0000] {processor.py:208} INFO - Processing /opt/airflow/dags/waseet_daily.py took 0.093 seconds
[2026-09-15T20:16:10.928+0000] {processor.py:186} INFO - Started process (PID=1860) to work on /opt/airflow/dags/waseet_daily.py
[2026-09-15T20:16:10.929+0000] {processor.py:914} INFO - Processing file /opt/airflow/dags/waseet_daily.py for tasks to queue
[2026-09-15T20:16:10.931+0000] {logging_mixin.py:190} INFO - [2026-09-15T20:16:10.930+0000] {dagbag.py:588} INFO - Filling up the DagBag from /opt/airflow/dags/waseet_daily.py
[2026-09-15T20:16:10.947+0000] {processor.py:925} INFO - DAG(s) 'waseet_daily' retrieved from /opt/airflow/dags/waseet_daily.py
[2026-09-15T20:16:10.975+0000] {logging_mixin.py:190} INFO - [2026-09-15T20:16:10.975+0000] {dag.py:3239} INFO - Sync 1 DAGs
[2026-09-15T20:16:10.993+0000] {logging_mixin.py:190} INFO - [2026-09-15T20:16:10.993+0000] {dag.py:4180} INFO - Setting next_dagrun for waseet_daily to 2026-09-14 00:00:00+00:00, run_after=2026-09-15 00:00:00+00:00
[2026-09-15T20:16:11.023+0000] {processor.py:208} INFO - Processing /opt/airflow/dags/waseet_daily.py took 0.099 seconds
[2026-09-15T20:16:41.328+0000] {processor.py:186} INFO - Started process (PID=1865) to work on /opt/airflow/dags/waseet_daily.py
[2026-09-15T20:16:41.330+0000] {processor.py:914} INFO - Processing file /opt/airflow/dags/waseet_daily.py for tasks to queue
[2026-09-15T20:16:41.331+0000] {logging_mixin.py:190} INFO - [2026-09-15T20:16:41.331+0000] {dagbag.py:588} INFO - Filling up the DagBag from /opt/airflow/dags/waseet_daily.py
[2026-09-15T20:16:41.348+0000] {processor.py:925} INFO - DAG(s) 'waseet_daily' retrieved from /opt/airflow/dags/waseet_daily.py
[2026-09-15T20:16:41.386+0000] {logging_mixin.py:190} INFO - [2026-09-15T20:16:41.385+0000] {dag.py:3239} INFO - Sync 1 DAGs
[2026-09-15T20:16:41.402+0000] {logging_mixin.py:190} INFO - [2026-09-15T20:16:41.402+0000] {dag.py:4180} INFO - Setting next_dagrun for waseet_daily to 2026-09-14 00:00:00+00:00, run_after=2026-09-15 00:00:00+00:00
[2026-09-15T20:16:41.417+0000] {processor.py:208} INFO - Processing /opt/airflow/dags/waseet_daily.py took 0.093 seconds
[2026-09-15T20:17:11.738+0000] {processor.py:186} INFO - Started process (PID=1870) to work on /opt/airflow/dags/waseet_daily.py
[2026-09-15T20:17:11.739+0000] {processor.py:914} INFO - Processing file /opt/airflow/dags/waseet_daily.py for tasks to queue
[2026-09-15T20:17:11.741+0000] {logging_mixin.py:190} INFO - [2026-09-15T20:17:11.741+0000] {dagbag.py:588} INFO - Filling up the DagBag from /opt/airflow/dags/waseet_daily.py
[2026-09-15T20:17:11.769+0000] {processor.py:925} INFO - DAG(s) 'waseet_daily' retrieved from /opt/airflow/dags/waseet_daily.py
[2026-09-15T20:17:11.818+0000] {logging_mixin.py:190} INFO - [2026-09-15T20:17:11.817+0000] {dag.py:3239} INFO - Sync 1 DAGs
[2026-09-15T20:17:11.837+0000] {logging_mixin.py:190} INFO - [2026-09-15T20:17:11.837+0000] {dag.py:4180} INFO - Setting next_dagrun for waseet_daily to 2026-09-14 00:00:00+00:00, run_after=2026-09-15 00:00:00+00:00
[2026-09-15T20:17:11.855+0000] {processor.py:208} INFO - Processing /opt/airflow/dags/waseet_daily.py took 0.122 seconds
[2026-09-15T20:17:42.156+0000] {processor.py:186} INFO - Started process (PID=1875) to work on /opt/airflow/dags/waseet_daily.py
[2026-09-15T20:17:42.158+0000] {processor.py:914} INFO - Processing file /opt/airflow/dags/waseet_daily.py for tasks to queue
[2026-09-15T20:17:42.159+0000] {logging_mixin.py:190} INFO - [2026-09-15T20:17:42.159+0000] {dagbag.py:588} INFO - Filling up the DagBag from /opt/airflow/dags/waseet_daily.py
[2026-09-15T20:17:42.190+0000] {processor.py:925} INFO - DAG(s) 'waseet_daily' retrieved from /opt/airflow/dags/waseet_daily.py
[2026-09-15T20:17:42.227+0000] {logging_mixin.py:190} INFO - [2026-09-15T20:17:42.227+0000] {dag.py:3239} INFO - Sync 1 DAGs
[2026-09-15T20:17:42.244+0000] {logging_mixin.py:190} INFO - [2026-09-15T20:17:42.244+0000] {dag.py:4180} INFO - Setting next_dagrun for waseet_daily to 2026-09-14 00:00:00+00:00, run_after=2026-09-15 00:00:00+00:00
[2026-09-15T20:17:42.275+0000] {processor.py:208} INFO - Processing /opt/airflow/dags/waseet_daily.py took 0.123 seconds
[2026-09-15T20:18:12.544+0000] {processor.py:186} INFO - Started process (PID=1880) to work on /opt/airflow/dags/waseet_daily.py
[2026-09-15T20:18:12.545+0000] {processor.py:914} INFO - Processing file /opt/airflow/dags/waseet_daily.py for tasks to queue
[2026-09-15T20:18:12.547+0000] {logging_mixin.py:190} INFO - [2026-09-15T20:18:12.547+0000] {dagbag.py:588} INFO - Filling up the DagBag from /opt/airflow/dags/waseet_daily.py
[2026-09-15T20:18:12.574+0000] {processor.py:925} INFO - DAG(s) 'waseet_daily' retrieved from /opt/airflow/dags/waseet_daily.py
[2026-09-15T20:18:12.613+0000] {logging_mixin.py:190} INFO - [2026-09-15T20:18:12.613+0000] {dag.py:3239} INFO - Sync 1 DAGs
[2026-09-15T20:18:12.632+0000] {logging_mixin.py:190} INFO - [2026-09-15T20:18:12.632+0000] {dag.py:4180} INFO - Setting next_dagrun for waseet_daily to 2026-09-14 00:00:00+00:00, run_after=2026-09-15 00:00:00+00:00
[2026-09-15T20:18:12.666+0000] {processor.py:208} INFO - Processing /opt/airflow/dags/waseet_daily.py took 0.126 seconds
[2026-09-15T20:18:42.929+0000] {processor.py:186} INFO - Started process (PID=1906) to work on /opt/airflow/dags/waseet_daily.py
[2026-09-15T20:18:42.930+0000] {processor.py:914} INFO - Processing file /opt/airflow/dags/waseet_daily.py for tasks to queue
[2026-09-15T20:18:42.931+0000] {logging_mixin.py:190} INFO - [2026-09-15T20:18:42.931+0000] {dagbag.py:588} INFO - Filling up the DagBag from /opt/airflow/dags/waseet_daily.py
[2026-09-15T20:18:42.949+0000] {processor.py:925} INFO - DAG(s) 'waseet_daily' retrieved from /opt/airflow/dags/waseet_daily.py
[2026-09-15T20:18:42.987+0000] {logging_mixin.py:190} INFO - [2026-09-15T20:18:42.987+0000] {dag.py:3239} INFO - Sync 1 DAGs
[2026-09-15T20:18:43.005+0000] {logging_mixin.py:190} INFO - [2026-09-15T20:18:43.005+0000] {dag.py:4180} INFO - Setting next_dagrun for waseet_daily to 2026-09-14 00:00:00+00:00, run_after=2026-09-15 00:00:00+00:00
[2026-09-15T20:18:43.024+0000] {processor.py:208} INFO - Processing /opt/airflow/dags/waseet_daily.py took 0.099 seconds
[2026-09-15T20:19:13.292+0000] {processor.py:186} INFO - Started process (PID=1911) to work on /opt/airflow/dags/waseet_daily.py
[2026-09-15T20:19:13.293+0000] {processor.py:914} INFO - Processing file /opt/airflow/dags/waseet_daily.py for tasks to queue
[2026-09-15T20:19:13.295+0000] {logging_mixin.py:190} INFO - [2026-09-15T20:19:13.294+0000] {dagbag.py:588} INFO - Filling up the DagBag from /opt/airflow/dags/waseet_daily.py
[2026-09-15T20:19:13.313+0000] {processor.py:925} INFO - DAG(s) 'waseet_daily' retrieved from /opt/airflow/dags/waseet_daily.py
[2026-09-15T20:19:13.343+0000] {logging_mixin.py:190} INFO - [2026-09-15T20:19:13.343+0000] {dag.py:3239} INFO - Sync 1 DAGs
[2026-09-15T20:19:13.361+0000] {logging_mixin.py:190} INFO - [2026-09-15T20:19:13.361+0000] {dag.py:4180} INFO - Setting next_dagrun for waseet_daily to 2026-09-14 00:00:00+00:00, run_after=2026-09-15 00:00:00+00:00
[2026-09-15T20:19:13.379+0000] {processor.py:208} INFO - Processing /opt/airflow/dags/waseet_daily.py took 0.092 seconds
[2026-09-15T20:19:43.669+0000] {processor.py:186} INFO - Started process (PID=1916) to work on /opt/airflow/dags/waseet_daily.py
[2026-09-15T20:19:43.670+0000] {processor.py:914} INFO - Processing file /opt/airflow/dags/waseet_daily.py for tasks to queue
[2026-09-15T20:19:43.672+0000] {logging_mixin.py:190} INFO - [2026-09-15T20:19:43.671+0000] {dagbag.py:588} INFO - Filling up the DagBag from /opt/airflow/dags/waseet_daily.py
[2026-09-15T20:19:43.696+0000] {processor.py:925} INFO - DAG(s) 'waseet_daily' retrieved from /opt/airflow/dags/waseet_daily.py
[2026-09-15T20:19:43.735+0000] {logging_mixin.py:190} INFO - [2026-09-15T20:19:43.735+0000] {dag.py:3239} INFO - Sync 1 DAGs
[2026-09-15T20:19:43.756+0000] {logging_mixin.py:190} INFO - [2026-09-15T20:19:43.756+0000] {dag.py:4180} INFO - Setting next_dagrun for waseet_daily to 2026-09-14 00:00:00+00:00, run_after=2026-09-15 00:00:00+00:00
[2026-09-15T20:19:43.792+0000] {processor.py:208} INFO - Processing /opt/airflow/dags/waseet_daily.py took 0.128 seconds
[2026-09-15T20:20:14.084+0000] {processor.py:186} INFO - Started process (PID=1921) to work on /opt/airflow/dags/waseet_daily.py
[2026-09-15T20:20:14.086+0000] {processor.py:914} INFO - Processing file /opt/airflow/dags/waseet_daily.py for tasks to queue
[2026-09-15T20:20:14.087+0000] {logging_mixin.py:190} INFO - [2026-09-15T20:20:14.087+0000] {dagbag.py:588} INFO - Filling up the DagBag from /opt/airflow/dags/waseet_daily.py
[2026-09-15T20:20:14.103+0000] {processor.py:925} INFO - DAG(s) 'waseet_daily' retrieved from /opt/airflow/dags/waseet_daily.py
[2026-09-15T20:20:14.137+0000] {logging_mixin.py:190} INFO - [2026-09-15T20:20:14.137+0000] {dag.py:3239} INFO - Sync 1 DAGs
[2026-09-15T20:20:14.155+0000] {logging_mixin.py:190} INFO - [2026-09-15T20:20:14.154+0000] {dag.py:4180} INFO - Setting next_dagrun for waseet_daily to 2026-09-14 00:00:00+00:00, run_after=2026-09-15 00:00:00+00:00
[2026-09-15T20:20:14.186+0000] {processor.py:208} INFO - Processing /opt/airflow/dags/waseet_daily.py took 0.106 seconds
[2026-09-15T20:20:44.501+0000] {processor.py:186} INFO - Started process (PID=1926) to work on /opt/airflow/dags/waseet_daily.py
[2026-09-15T20:20:44.503+0000] {processor.py:914} INFO - Processing file /opt/airflow/dags/waseet_daily.py for tasks to queue
[2026-09-15T20:20:44.504+0000] {logging_mixin.py:190} INFO - [2026-09-15T20:20:44.504+0000] {dagbag.py:588} INFO - Filling up the DagBag from /opt/airflow/dags/waseet_daily.py
[2026-09-15T20:20:44.529+0000] {processor.py:925} INFO - DAG(s) 'waseet_daily' retrieved from /opt/airflow/dags/waseet_daily.py
[2026-09-15T20:20:44.570+0000] {logging_mixin.py:190} INFO - [2026-09-15T20:20:44.570+0000] {dag.py:3239} INFO - Sync 1 DAGs
[2026-09-15T20:20:44.588+0000] {logging_mixin.py:190} INFO - [2026-09-15T20:20:44.588+0000] {dag.py:4180} INFO - Setting next_dagrun for waseet_daily to 2026-09-14 00:00:00+00:00, run_after=2026-09-15 00:00:00+00:00
[2026-09-15T20:20:44.624+0000] {processor.py:208} INFO - Processing /opt/airflow/dags/waseet_daily.py took 0.127 seconds
[2026-09-15T20:21:14.930+0000] {processor.py:186} INFO - Started process (PID=1931) to work on /opt/airflow/dags/waseet_daily.py
[2026-09-15T20:21:14.932+0000] {processor.py:914} INFO - Processing file /opt/airflow/dags/waseet_daily.py for tasks to queue
[2026-09-15T20:21:14.934+0000] {logging_mixin.py:190} INFO - [2026-09-15T20:21:14.933+0000] {dagbag.py:588} INFO - Filling up the DagBag from /opt/airflow/dags/waseet_daily.py
[2026-09-15T20:21:14.956+0000] {processor.py:925} INFO - DAG(s) 'waseet_daily' retrieved from /opt/airflow/dags/waseet_daily.py
[2026-09-15T20:21:14.990+0000] {logging_mixin.py:190} INFO - [2026-09-15T20:21:14.990+0000] {dag.py:3239} INFO - Sync 1 DAGs
[2026-09-15T20:21:15.011+0000] {logging_mixin.py:190} INFO - [2026-09-15T20:21:15.011+0000] {dag.py:4180} INFO - Setting next_dagrun for waseet_daily to 2026-09-14 00:00:00+00:00, run_after=2026-09-15 00:00:00+00:00
[2026-09-15T20:21:15.030+0000] {processor.py:208} INFO - Processing /opt/airflow/dags/waseet_daily.py took 0.104 seconds
[2026-09-15T20:21:45.404+0000] {processor.py:186} INFO - Started process (PID=1936) to work on /opt/airflow/dags/waseet_daily.py
[2026-09-15T20:21:45.407+0000] {processor.py:914} INFO - Processing file /opt/airflow/dags/waseet_daily.py for tasks to queue
[2026-09-15T20:21:45.409+0000] {logging_mixin.py:190} INFO - [2026-09-15T20:21:45.409+0000] {dagbag.py:588} INFO - Filling up the DagBag from /opt/airflow/dags/waseet_daily.py
[2026-09-15T20:21:45.447+0000] {processor.py:925} INFO - DAG(s) 'waseet_daily' retrieved from /opt/airflow/dags/waseet_daily.py
[2026-09-15T20:21:45.487+0000] {logging_mixin.py:190} INFO - [2026-09-15T20:21:45.487+0000] {dag.py:3239} INFO - Sync 1 DAGs
[2026-09-15T20:21:45.508+0000] {logging_mixin.py:190} INFO - [2026-09-15T20:21:45.507+0000] {dag.py:4180} INFO - Setting next_dagrun for waseet_daily to 2026-09-14 00:00:00+00:00, run_after=2026-09-15 00:00:00+00:00
[2026-09-15T20:21:45.540+0000] {processor.py:208} INFO - Processing /opt/airflow/dags/waseet_daily.py took 0.141 seconds
[2026-09-15T20:22:15.861+0000] {processor.py:186} INFO - Started process (PID=1941) to work on /opt/airflow/dags/waseet_daily.py
[2026-09-15T20:22:15.862+0000] {processor.py:914} INFO - Processing file /opt/airflow/dags/waseet_daily.py for tasks to queue
[2026-09-15T20:22:15.863+0000] {logging_mixin.py:190} INFO - [2026-09-15T20:22:15.863+0000] {dagbag.py:588} INFO - Filling up the DagBag from /opt/airflow/dags/waseet_daily.py
[2026-09-15T20:22:15.883+0000] {processor.py:925} INFO - DAG(s) 'waseet_daily' retrieved from /opt/airflow/dags/waseet_daily.py
[2026-09-15T20:22:15.917+0000] {logging_mixin.py:190} INFO - [2026-09-15T20:22:15.917+0000] {dag.py:3239} INFO - Sync 1 DAGs
[2026-09-15T20:22:15.938+0000] {logging_mixin.py:190} INFO - [2026-09-15T20:22:15.938+0000] {dag.py:4180} INFO - Setting next_dagrun for waseet_daily to 2026-09-14 00:00:00+00:00, run_after=2026-09-15 00:00:00+00:00
[2026-09-15T20:22:15.971+0000] {processor.py:208} INFO - Processing /opt/airflow/dags/waseet_daily.py took 0.115 seconds
[2026-09-15T20:22:46.355+0000] {processor.py:186} INFO - Started process (PID=1946) to work on /opt/airflow/dags/waseet_daily.py
[2026-09-15T20:22:46.357+0000] {processor.py:914} INFO - Processing file /opt/airflow/dags/waseet_daily.py for tasks to queue
[2026-09-15T20:22:46.358+0000] {logging_mixin.py:190} INFO - [2026-09-15T20:22:46.358+0000] {dagbag.py:588} INFO - Filling up the DagBag from /opt/airflow/dags/waseet_daily.py
[2026-09-15T20:22:46.383+0000] {processor.py:925} INFO - DAG(s) 'waseet_daily' retrieved from /opt/airflow/dags/waseet_daily.py
[2026-09-15T20:22:46.439+0000] {logging_mixin.py:190} INFO - [2026-09-15T20:22:46.439+0000] {dag.py:3239} INFO - Sync 1 DAGs
[2026-09-15T20:22:46.456+0000] {logging_mixin.py:190} INFO - [2026-09-15T20:22:46.456+0000] {dag.py:4180} INFO - Setting next_dagrun for waseet_daily to 2026-09-14 00:00:00+00:00, run_after=2026-09-15 00:00:00+00:00
[2026-09-15T20:22:46.474+0000] {processor.py:208} INFO - Processing /opt/airflow/dags/waseet_daily.py took 0.123 seconds
[2026-09-15T20:23:16.796+0000] {processor.py:186} INFO - Started process (PID=1951) to work on /opt/airflow/dags/waseet_daily.py
[2026-09-15T20:23:16.797+0000] {processor.py:914} INFO - Processing file /opt/airflow/dags/waseet_daily.py for tasks to queue
[2026-09-15T20:23:16.799+0000] {logging_mixin.py:190} INFO - [2026-09-15T20:23:16.798+0000] {dagbag.py:588} INFO - Filling up the DagBag from /opt/airflow/dags/waseet_daily.py
[2026-09-15T20:23:16.827+0000] {processor.py:925} INFO - DAG(s) 'waseet_daily' retrieved from /opt/airflow/dags/waseet_daily.py
[2026-09-15T20:23:16.861+0000] {logging_mixin.py:190} INFO - [2026-09-15T20:23:16.861+0000] {dag.py:3239} INFO - Sync 1 DAGs
[2026-09-15T20:23:16.880+0000] {logging_mixin.py:190} INFO - [2026-09-15T20:23:16.880+0000] {dag.py:4180} INFO - Setting next_dagrun for waseet_daily to 2026-09-14 00:00:00+00:00, run_after=2026-09-15 00:00:00+00:00
[2026-09-15T20:23:16.899+0000] {processor.py:208} INFO - Processing /opt/airflow/dags/waseet_daily.py took 0.107 seconds
[2026-09-15T20:23:47.237+0000] {processor.py:186} INFO - Started process (PID=1956) to work on /opt/airflow/dags/waseet_daily.py
[2026-09-15T20:23:47.238+0000] {processor.py:914} INFO - Processing file /opt/airflow/dags/waseet_daily.py for tasks to queue
[2026-09-15T20:23:47.239+0000] {logging_mixin.py:190} INFO - [2026-09-15T20:23:47.239+0000] {dagbag.py:588} INFO - Filling up the DagBag from /opt/airflow/dags/waseet_daily.py
[2026-09-15T20:23:47.263+0000] {processor.py:925} INFO - DAG(s) 'waseet_daily' retrieved from /opt/airflow/dags/waseet_daily.py
[2026-09-15T20:23:47.297+0000] {logging_mixin.py:190} INFO - [2026-09-15T20:23:47.297+0000] {dag.py:3239} INFO - Sync 1 DAGs
[2026-09-15T20:23:47.313+0000] {logging_mixin.py:190} INFO - [2026-09-15T20:23:47.313+0000] {dag.py:4180} INFO - Setting next_dagrun for waseet_daily to 2026-09-14 00:00:00+00:00, run_after=2026-09-15 00:00:00+00:00
[2026-09-15T20:23:47.327+0000] {processor.py:208} INFO - Processing /opt/airflow/dags/waseet_daily.py took 0.094 seconds
[2026-09-15T20:24:17.683+0000] {processor.py:186} INFO - Started process (PID=1961) to work on /opt/airflow/dags/waseet_daily.py
[2026-09-15T20:24:17.684+0000] {processor.py:914} INFO - Processing file /opt/airflow/dags/waseet_daily.py for tasks to queue
[2026-09-15T20:24:17.685+0000] {logging_mixin.py:190} INFO - [2026-09-15T20:24:17.684+0000] {dagbag.py:588} INFO - Filling up the DagBag from /opt/airflow/dags/waseet_daily.py
[2026-09-15T20:24:17.700+0000] {processor.py:925} INFO - DAG(s) 'waseet_daily' retrieved from /opt/airflow/dags/waseet_daily.py
[2026-09-15T20:24:17.729+0000] {logging_mixin.py:190} INFO - [2026-09-15T20:24:17.729+0000] {dag.py:3239} INFO - Sync 1 DAGs
[2026-09-15T20:24:17.746+0000] {logging_mixin.py:190} INFO - [2026-09-15T20:24:17.746+0000] {dag.py:4180} INFO - Setting next_dagrun for waseet_daily to 2026-09-14 00:00:00+00:00, run_after=2026-09-15 00:00:00+00:00
[2026-09-15T20:24:17.778+0000] {processor.py:208} INFO - Processing /opt/airflow/dags/waseet_daily.py took 0.099 seconds
[2026-09-15T20:24:48.195+0000] {processor.py:186} INFO - Started process (PID=1966) to work on /opt/airflow/dags/waseet_daily.py
[2026-09-15T20:24:48.197+0000] {processor.py:914} INFO - Processing file /opt/airflow/dags/waseet_daily.py for tasks to queue
[2026-09-15T20:24:48.199+0000] {logging_mixin.py:190} INFO - [2026-09-15T20:24:48.199+0000] {dagbag.py:588} INFO - Filling up the DagBag from /opt/airflow/dags/waseet_daily.py
[2026-09-15T20:24:48.221+0000] {processor.py:925} INFO - DAG(s) 'waseet_daily' retrieved from /opt/airflow/dags/waseet_daily.py
[2026-09-15T20:24:48.260+0000] {logging_mixin.py:190} INFO - [2026-09-15T20:24:48.259+0000] {dag.py:3239} INFO - Sync 1 DAGs
[2026-09-15T20:24:48.279+0000] {logging_mixin.py:190} INFO - [2026-09-15T20:24:48.279+0000] {dag.py:4180} INFO - Setting next_dagrun for waseet_daily to 2026-09-14 00:00:00+00:00, run_after=2026-09-15 00:00:00+00:00
[2026-09-15T20:24:48.325+0000] {processor.py:208} INFO - Processing /opt/airflow/dags/waseet_daily.py took 0.134 seconds
[2026-09-15T20:25:18.610+0000] {processor.py:186} INFO - Started process (PID=1971) to work on /opt/airflow/dags/waseet_daily.py
[2026-09-15T20:25:18.612+0000] {processor.py:914} INFO - Processing file /opt/airflow/dags/waseet_daily.py for tasks to queue
[2026-09-15T20:25:18.614+0000] {logging_mixin.py:190} INFO - [2026-09-15T20:25:18.613+0000] {dagbag.py:588} INFO - Filling up the DagBag from /opt/airflow/dags/waseet_daily.py
[2026-09-15T20:25:18.633+0000] {processor.py:925} INFO - DAG(s) 'waseet_daily' retrieved from /opt/airflow/dags/waseet_daily.py
[2026-09-15T20:25:18.670+0000] {logging_mixin.py:190} INFO - [2026-09-15T20:25:18.670+0000] {dag.py:3239} INFO - Sync 1 DAGs
[2026-09-15T20:25:18.688+0000] {logging_mixin.py:190} INFO - [2026-09-15T20:25:18.687+0000] {dag.py:4180} INFO - Setting next_dagrun for waseet_daily to 2026-09-14 00:00:00+00:00, run_after=2026-09-15 00:00:00+00:00
[2026-09-15T20:25:18.706+0000] {processor.py:208} INFO - Processing /opt/airflow/dags/waseet_daily.py took 0.100 seconds
[2026-09-15T20:25:49.052+0000] {processor.py:186} INFO - Started process (PID=1976) to work on /opt/airflow/dags/waseet_daily.py
[2026-09-15T20:25:49.053+0000] {processor.py:914} INFO - Processing file /opt/airflow/dags/waseet_daily.py for tasks to queue
[2026-09-15T20:25:49.054+0000] {logging_mixin.py:190} INFO - [2026-09-15T20:25:49.054+0000] {dagbag.py:588} INFO - Filling up the DagBag from /opt/airflow/dags/waseet_daily.py
[2026-09-15T20:25:49.069+0000] {processor.py:925} INFO - DAG(s) 'waseet_daily' retrieved from /opt/airflow/dags/waseet_daily.py
[2026-09-15T20:25:49.098+0000] {logging_mixin.py:190} INFO - [2026-09-15T20:25:49.097+0000] {dag.py:3239} INFO - Sync 1 DAGs
[2026-09-15T20:25:49.116+0000] {logging_mixin.py:190} INFO - [2026-09-15T20:25:49.115+0000] {dag.py:4180} INFO - Setting next_dagrun for waseet_daily to 2026-09-14 00:00:00+00:00, run_after=2026-09-15 00:00:00+00:00
[2026-09-15T20:25:49.132+0000] {processor.py:208} INFO - Processing /opt/airflow/dags/waseet_daily.py took 0.084 seconds
[2026-09-15T20:26:19.544+0000] {processor.py:186} INFO - Started process (PID=1981) to work on /opt/airflow/dags/waseet_daily.py
[2026-09-15T20:26:19.546+0000] {processor.py:914} INFO - Processing file /opt/airflow/dags/waseet_daily.py for tasks to queue
[2026-09-15T20:26:19.548+0000] {logging_mixin.py:190} INFO - [2026-09-15T20:26:19.547+0000] {dagbag.py:588} INFO - Filling up the DagBag from /opt/airflow/dags/waseet_daily.py
[2026-09-15T20:26:19.569+0000] {processor.py:925} INFO - DAG(s) 'waseet_daily' retrieved from /opt/airflow/dags/waseet_daily.py
[2026-09-15T20:26:19.603+0000] {logging_mixin.py:190} INFO - [2026-09-15T20:26:19.603+0000] {dag.py:3239} INFO - Sync 1 DAGs
[2026-09-15T20:26:19.621+0000] {logging_mixin.py:190} INFO - [2026-09-15T20:26:19.621+0000] {dag.py:4180} INFO - Setting next_dagrun for waseet_daily to 2026-09-14 00:00:00+00:00, run_after=2026-09-15 00:00:00+00:00
[2026-09-15T20:26:19.643+0000] {processor.py:208} INFO - Processing /opt/airflow/dags/waseet_daily.py took 0.103 seconds
[2026-09-15T20:26:49.983+0000] {processor.py:186} INFO - Started process (PID=1986) to work on /opt/airflow/dags/waseet_daily.py
[2026-09-15T20:26:49.984+0000] {processor.py:914} INFO - Processing file /opt/airflow/dags/waseet_daily.py for tasks to queue
[2026-09-15T20:26:49.986+0000] {logging_mixin.py:190} INFO - [2026-09-15T20:26:49.985+0000] {dagbag.py:588} INFO - Filling up the DagBag from /opt/airflow/dags/waseet_daily.py
[2026-09-15T20:26:50.006+0000] {processor.py:925} INFO - DAG(s) 'waseet_daily' retrieved from /opt/airflow/dags/waseet_daily.py
[2026-09-15T20:26:50.038+0000] {logging_mixin.py:190} INFO - [2026-09-15T20:26:50.038+0000] {dag.py:3239} INFO - Sync 1 DAGs
[2026-09-15T20:26:50.055+0000] {logging_mixin.py:190} INFO - [2026-09-15T20:26:50.055+0000] {dag.py:4180} INFO - Setting next_dagrun for waseet_daily to 2026-09-14 00:00:00+00:00, run_after=2026-09-15 00:00:00+00:00
[2026-09-15T20:26:50.072+0000] {processor.py:208} INFO - Processing /opt/airflow/dags/waseet_daily.py took 0.094 seconds
[2026-09-15T20:27:20.468+0000] {processor.py:186} INFO - Started process (PID=1991) to work on /opt/airflow/dags/waseet_daily.py
[2026-09-15T20:27:20.469+0000] {processor.py:914} INFO - Processing file /opt/airflow/dags/waseet_daily.py for tasks to queue
[2026-09-15T20:27:20.471+0000] {logging_mixin.py:190} INFO - [2026-09-15T20:27:20.471+0000] {dagbag.py:588} INFO - Filling up the DagBag from /opt/airflow/dags/waseet_daily.py
[2026-09-15T20:27:20.500+0000] {processor.py:925} INFO - DAG(s) 'waseet_daily' retrieved from /opt/airflow/dags/waseet_daily.py
[2026-09-15T20:27:20.549+0000] {logging_mixin.py:190} INFO - [2026-09-15T20:27:20.549+0000] {dag.py:3239} INFO - Sync 1 DAGs
[2026-09-15T20:27:20.565+0000] {logging_mixin.py:190} INFO - [2026-09-15T20:27:20.565+0000] {dag.py:4180} INFO - Setting next_dagrun for waseet_daily to 2026-09-14 00:00:00+00:00, run_after=2026-09-15 00:00:00+00:00
[2026-09-15T20:27:20.595+0000] {processor.py:208} INFO - Processing /opt/airflow/dags/waseet_daily.py took 0.132 seconds
[2026-09-15T20:27:50.925+0000] {processor.py:186} INFO - Started process (PID=1996) to work on /opt/airflow/dags/waseet_daily.py
[2026-09-15T20:27:50.926+0000] {processor.py:914} INFO - Processing file /opt/airflow/dags/waseet_daily.py for tasks to queue
[2026-09-15T20:27:50.928+0000] {logging_mixin.py:190} INFO - [2026-09-15T20:27:50.928+0000] {dagbag.py:588} INFO - Filling up the DagBag from /opt/airflow/dags/waseet_daily.py
[2026-09-15T20:27:50.948+0000] {processor.py:925} INFO - DAG(s) 'waseet_daily' retrieved from /opt/airflow/dags/waseet_daily.py
[2026-09-15T20:27:50.989+0000] {logging_mixin.py:190} INFO - [2026-09-15T20:27:50.988+0000] {dag.py:3239} INFO - Sync 1 DAGs
[2026-09-15T20:27:51.005+0000] {logging_mixin.py:190} INFO - [2026-09-15T20:27:51.005+0000] {dag.py:4180} INFO - Setting next_dagrun for waseet_daily to 2026-09-14 00:00:00+00:00, run_after=2026-09-15 00:00:00+00:00
[2026-09-15T20:27:51.026+0000] {processor.py:208} INFO - Processing /opt/airflow/dags/waseet_daily.py took 0.104 seconds
[2026-09-15T20:28:21.352+0000] {processor.py:186} INFO - Started process (PID=2001) to work on /opt/airflow/dags/waseet_daily.py
[2026-09-15T20:28:21.353+0000] {processor.py:914} INFO - Processing file /opt/airflow/dags/waseet_daily.py for tasks to queue
[2026-09-15T20:28:21.354+0000] {logging_mixin.py:190} INFO - [2026-09-15T20:28:21.354+0000] {dagbag.py:588} INFO - Filling up the DagBag from /opt/airflow/dags/waseet_daily.py
[2026-09-15T20:28:21.372+0000] {processor.py:925} INFO - DAG(s) 'waseet_daily' retrieved from /opt/airflow/dags/waseet_daily.py
[2026-09-15T20:28:21.403+0000] {logging_mixin.py:190} INFO - [2026-09-15T20:28:21.403+0000] {dag.py:3239} INFO - Sync 1 DAGs
[2026-09-15T20:28:21.422+0000] {logging_mixin.py:190} INFO - [2026-09-15T20:28:21.422+0000] {dag.py:4180} INFO - Setting next_dagrun for waseet_daily to 2026-09-14 00:00:00+00:00, run_after=2026-09-15 00:00:00+00:00
[2026-09-15T20:28:21.441+0000] {processor.py:208} INFO - Processing /opt/airflow/dags/waseet_daily.py took 0.094 seconds
[2026-09-15T20:28:51.815+0000] {processor.py:186} INFO - Started process (PID=2006) to work on /opt/airflow/dags/waseet_daily.py
[2026-09-15T20:28:51.816+0000] {processor.py:914} INFO - Processing file /opt/airflow/dags/waseet_daily.py for tasks to queue
[2026-09-15T20:28:51.818+0000] {logging_mixin.py:190} INFO - [2026-09-15T20:28:51.818+0000] {dagbag.py:588} INFO - Filling up the DagBag from /opt/airflow/dags/waseet_daily.py
[2026-09-15T20:28:51.839+0000] {processor.py:925} INFO - DAG(s) 'waseet_daily' retrieved from /opt/airflow/dags/waseet_daily.py
[2026-09-15T20:28:51.869+0000] {logging_mixin.py:190} INFO - [2026-09-15T20:28:51.868+0000] {dag.py:3239} INFO - Sync 1 DAGs
[2026-09-15T20:28:51.885+0000] {logging_mixin.py:190} INFO - [2026-09-15T20:28:51.885+0000] {dag.py:4180} INFO - Setting next_dagrun for waseet_daily to 2026-09-14 00:00:00+00:00, run_after=2026-09-15 00:00:00+00:00
[2026-09-15T20:28:51.917+0000] {processor.py:208} INFO - Processing /opt/airflow/dags/waseet_daily.py took 0.106 seconds
[2026-09-15T20:29:22.299+0000] {processor.py:186} INFO - Started process (PID=2012) to work on /opt/airflow/dags/waseet_daily.py
[2026-09-15T20:29:22.300+0000] {processor.py:914} INFO - Processing file /opt/airflow/dags/waseet_daily.py for tasks to queue
[2026-09-15T20:29:22.302+0000] {logging_mixin.py:190} INFO - [2026-09-15T20:29:22.302+0000] {dagbag.py:588} INFO - Filling up the DagBag from /opt/airflow/dags/waseet_daily.py
[2026-09-15T20:29:22.325+0000] {processor.py:925} INFO - DAG(s) 'waseet_daily' retrieved from /opt/airflow/dags/waseet_daily.py
[2026-09-15T20:29:22.367+0000] {logging_mixin.py:190} INFO - [2026-09-15T20:29:22.367+0000] {dag.py:3239} INFO - Sync 1 DAGs
[2026-09-15T20:29:22.385+0000] {logging_mixin.py:190} INFO - [2026-09-15T20:29:22.385+0000] {dag.py:4180} INFO - Setting next_dagrun for waseet_daily to 2026-09-14 00:00:00+00:00, run_after=2026-09-15 00:00:00+00:00
[2026-09-15T20:29:22.417+0000] {processor.py:208} INFO - Processing /opt/airflow/dags/waseet_daily.py took 0.122 seconds
[2026-09-15T20:29:52.766+0000] {processor.py:186} INFO - Started process (PID=2017) to work on /opt/airflow/dags/waseet_daily.py
[2026-09-15T20:29:52.767+0000] {processor.py:914} INFO - Processing file /opt/airflow/dags/waseet_daily.py for tasks to queue
[2026-09-15T20:29:52.769+0000] {logging_mixin.py:190} INFO - [2026-09-15T20:29:52.769+0000] {dagbag.py:588} INFO - Filling up the DagBag from /opt/airflow/dags/waseet_daily.py
[2026-09-15T20:29:52.791+0000] {processor.py:925} INFO - DAG(s) 'waseet_daily' retrieved from /opt/airflow/dags/waseet_daily.py
[2026-09-15T20:29:52.835+0000] {logging_mixin.py:190} INFO - [2026-09-15T20:29:52.835+0000] {dag.py:3239} INFO - Sync 1 DAGs
[2026-09-15T20:29:52.853+0000] {logging_mixin.py:190} INFO - [2026-09-15T20:29:52.853+0000] {dag.py:4180} INFO - Setting next_dagrun for waseet_daily to 2026-09-14 00:00:00+00:00, run_after=2026-09-15 00:00:00+00:00
[2026-09-15T20:29:52.874+0000] {processor.py:208} INFO - Processing /opt/airflow/dags/waseet_daily.py took 0.111 seconds
[2026-09-15T20:30:23.266+0000] {processor.py:186} INFO - Started process (PID=2022) to work on /opt/airflow/dags/waseet_daily.py
[2026-09-15T20:30:23.268+0000] {processor.py:914} INFO - Processing file /opt/airflow/dags/waseet_daily.py for tasks to queue
[2026-09-15T20:30:23.269+0000] {logging_mixin.py:190} INFO - [2026-09-15T20:30:23.269+0000] {dagbag.py:588} INFO - Filling up the DagBag from /opt/airflow/dags/waseet_daily.py
[2026-09-15T20:30:23.286+0000] {processor.py:925} INFO - DAG(s) 'waseet_daily' retrieved from /opt/airflow/dags/waseet_daily.py
[2026-09-15T20:30:23.317+0000] {logging_mixin.py:190} INFO - [2026-09-15T20:30:23.317+0000] {dag.py:3239} INFO - Sync 1 DAGs
[2026-09-15T20:30:23.336+0000] {logging_mixin.py:190} INFO - [2026-09-15T20:30:23.335+0000] {dag.py:4180} INFO - Setting next_dagrun for waseet_daily to 2026-09-14 00:00:00+00:00, run_after=2026-09-15 00:00:00+00:00
[2026-09-15T20:30:23.353+0000] {processor.py:208} INFO - Processing /opt/airflow/dags/waseet_daily.py took 0.091 seconds
[2026-09-15T20:30:53.687+0000] {processor.py:186} INFO - Started process (PID=2027) to work on /opt/airflow/dags/waseet_daily.py
[2026-09-15T20:30:53.688+0000] {processor.py:914} INFO - Processing file /opt/airflow/dags/waseet_daily.py for tasks to queue
[2026-09-15T20:30:53.690+0000] {logging_mixin.py:190} INFO - [2026-09-15T20:30:53.690+0000] {dagbag.py:588} INFO - Filling up the DagBag from /opt/airflow/dags/waseet_daily.py
[2026-09-15T20:30:53.708+0000] {processor.py:925} INFO - DAG(s) 'waseet_daily' retrieved from /opt/airflow/dags/waseet_daily.py
[2026-09-15T20:30:53.741+0000] {logging_mixin.py:190} INFO - [2026-09-15T20:30:53.741+0000] {dag.py:3239} INFO - Sync 1 DAGs
[2026-09-15T20:30:53.761+0000] {logging_mixin.py:190} INFO - [2026-09-15T20:30:53.761+0000] {dag.py:4180} INFO - Setting next_dagrun for waseet_daily to 2026-09-14 00:00:00+00:00, run_after=2026-09-15 00:00:00+00:00
[2026-09-15T20:30:53.778+0000] {processor.py:208} INFO - Processing /opt/airflow/dags/waseet_daily.py took 0.096 seconds
[2026-09-15T20:31:24.133+0000] {processor.py:186} INFO - Started process (PID=2032) to work on /opt/airflow/dags/waseet_daily.py
[2026-09-15T20:31:24.134+0000] {processor.py:914} INFO - Processing file /opt/airflow/dags/waseet_daily.py for tasks to queue
[2026-09-15T20:31:24.135+0000] {logging_mixin.py:190} INFO - [2026-09-15T20:31:24.135+0000] {dagbag.py:588} INFO - Filling up the DagBag from /opt/airflow/dags/waseet_daily.py
[2026-09-15T20:31:24.150+0000] {processor.py:925} INFO - DAG(s) 'waseet_daily' retrieved from /opt/airflow/dags/waseet_daily.py
[2026-09-15T20:31:24.180+0000] {logging_mixin.py:190} INFO - [2026-09-15T20:31:24.180+0000] {dag.py:3239} INFO - Sync 1 DAGs
[2026-09-15T20:31:24.197+0000] {logging_mixin.py:190} INFO - [2026-09-15T20:31:24.197+0000] {dag.py:4180} INFO - Setting next_dagrun for waseet_daily to 2026-09-14 00:00:00+00:00, run_after=2026-09-15 00:00:00+00:00
[2026-09-15T20:31:24.214+0000] {processor.py:208} INFO - Processing /opt/airflow/dags/waseet_daily.py took 0.086 seconds
[2026-09-15T20:31:54.582+0000] {processor.py:186} INFO - Started process (PID=2037) to work on /opt/airflow/dags/waseet_daily.py
[2026-09-15T20:31:54.583+0000] {processor.py:914} INFO - Processing file /opt/airflow/dags/waseet_daily.py for tasks to queue
[2026-09-15T20:31:54.584+0000] {logging_mixin.py:190} INFO - [2026-09-15T20:31:54.584+0000] {dagbag.py:588} INFO - Filling up the DagBag from /opt/airflow/dags/waseet_daily.py
[2026-09-15T20:31:54.600+0000] {processor.py:925} INFO - DAG(s) 'waseet_daily' retrieved from /opt/airflow/dags/waseet_daily.py
[2026-09-15T20:31:54.629+0000] {logging_mixin.py:190} INFO - [2026-09-15T20:31:54.628+0000] {dag.py:3239} INFO - Sync 1 DAGs
[2026-09-15T20:31:54.647+0000] {logging_mixin.py:190} INFO - [2026-09-15T20:31:54.646+0000] {dag.py:4180} INFO - Setting next_dagrun for waseet_daily to 2026-09-14 00:00:00+00:00, run_after=2026-09-15 00:00:00+00:00
[2026-09-15T20:31:54.663+0000] {processor.py:208} INFO - Processing /opt/airflow/dags/waseet_daily.py took 0.085 seconds
[2026-09-15T20:32:25.049+0000] {processor.py:186} INFO - Started process (PID=2042) to work on /opt/airflow/dags/waseet_daily.py
[2026-09-15T20:32:25.050+0000] {processor.py:914} INFO - Processing file /opt/airflow/dags/waseet_daily.py for tasks to queue
[2026-09-15T20:32:25.051+0000] {logging_mixin.py:190} INFO - [2026-09-15T20:32:25.051+0000] {dagbag.py:588} INFO - Filling up the DagBag from /opt/airflow/dags/waseet_daily.py
[2026-09-15T20:32:25.068+0000] {processor.py:925} INFO - DAG(s) 'waseet_daily' retrieved from /opt/airflow/dags/waseet_daily.py
[2026-09-15T20:32:25.096+0000] {logging_mixin.py:190} INFO - [2026-09-15T20:32:25.096+0000] {dag.py:3239} INFO - Sync 1 DAGs
[2026-09-15T20:32:25.113+0000] {logging_mixin.py:190} INFO - [2026-09-15T20:32:25.112+0000] {dag.py:4180} INFO - Setting next_dagrun for waseet_daily to 2026-09-14 00:00:00+00:00, run_after=2026-09-15 00:00:00+00:00
[2026-09-15T20:32:25.129+0000] {processor.py:208} INFO - Processing /opt/airflow/dags/waseet_daily.py took 0.084 seconds
[2026-09-15T20:32:55.502+0000] {processor.py:186} INFO - Started process (PID=2047) to work on /opt/airflow/dags/waseet_daily.py
[2026-09-15T20:32:55.503+0000] {processor.py:914} INFO - Processing file /opt/airflow/dags/waseet_daily.py for tasks to queue
[2026-09-15T20:32:55.504+0000] {logging_mixin.py:190} INFO - [2026-09-15T20:32:55.504+0000] {dagbag.py:588} INFO - Filling up the DagBag from /opt/airflow/dags/waseet_daily.py
[2026-09-15T20:32:55.521+0000] {processor.py:925} INFO - DAG(s) 'waseet_daily' retrieved from /opt/airflow/dags/waseet_daily.py
[2026-09-15T20:32:55.553+0000] {logging_mixin.py:190} INFO - [2026-09-15T20:32:55.553+0000] {dag.py:3239} INFO - Sync 1 DAGs
[2026-09-15T20:32:55.570+0000] {logging_mixin.py:190} INFO - [2026-09-15T20:32:55.570+0000] {dag.py:4180} INFO - Setting next_dagrun for waseet_daily to 2026-09-14 00:00:00+00:00, run_after=2026-09-15 00:00:00+00:00
[2026-09-15T20:32:55.587+0000] {processor.py:208} INFO - Processing /opt/airflow/dags/waseet_daily.py took 0.089 seconds
[2026-09-15T20:33:25.884+0000] {processor.py:186} INFO - Started process (PID=2052) to work on /opt/airflow/dags/waseet_daily.py
[2026-09-15T20:33:25.886+0000] {processor.py:914} INFO - Processing file /opt/airflow/dags/waseet_daily.py for tasks to queue
[2026-09-15T20:33:25.887+0000] {logging_mixin.py:190} INFO - [2026-09-15T20:33:25.887+0000] {dagbag.py:588} INFO - Filling up the DagBag from /opt/airflow/dags/waseet_daily.py
[2026-09-15T20:33:25.909+0000] {processor.py:925} INFO - DAG(s) 'waseet_daily' retrieved from /opt/airflow/dags/waseet_daily.py
[2026-09-15T20:33:25.949+0000] {logging_mixin.py:190} INFO - [2026-09-15T20:33:25.948+0000] {dag.py:3239} INFO - Sync 1 DAGs
[2026-09-15T20:33:25.969+0000] {logging_mixin.py:190} INFO - [2026-09-15T20:33:25.969+0000] {dag.py:4180} INFO - Setting next_dagrun for waseet_daily to 2026-09-14 00:00:00+00:00, run_after=2026-09-15 00:00:00+00:00
[2026-09-15T20:33:26.003+0000] {processor.py:208} INFO - Processing /opt/airflow/dags/waseet_daily.py took 0.124 seconds
[2026-09-15T20:33:56.343+0000] {processor.py:186} INFO - Started process (PID=2057) to work on /opt/airflow/dags/waseet_daily.py
[2026-09-15T20:33:56.345+0000] {processor.py:914} INFO - Processing file /opt/airflow/dags/waseet_daily.py for tasks to queue
[2026-09-15T20:33:56.347+0000] {logging_mixin.py:190} INFO - [2026-09-15T20:33:56.346+0000] {dagbag.py:588} INFO - Filling up the DagBag from /opt/airflow/dags/waseet_daily.py
[2026-09-15T20:33:56.370+0000] {processor.py:925} INFO - DAG(s) 'waseet_daily' retrieved from /opt/airflow/dags/waseet_daily.py
[2026-09-15T20:33:56.402+0000] {logging_mixin.py:190} INFO - [2026-09-15T20:33:56.402+0000] {dag.py:3239} INFO - Sync 1 DAGs
[2026-09-15T20:33:56.418+0000] {logging_mixin.py:190} INFO - [2026-09-15T20:33:56.418+0000] {dag.py:4180} INFO - Setting next_dagrun for waseet_daily to 2026-09-14 00:00:00+00:00, run_after=2026-09-15 00:00:00+00:00
[2026-09-15T20:33:56.449+0000] {processor.py:208} INFO - Processing /opt/airflow/dags/waseet_daily.py took 0.109 seconds
[2026-09-15T20:34:26.762+0000] {processor.py:186} INFO - Started process (PID=2062) to work on /opt/airflow/dags/waseet_daily.py
[2026-09-15T20:34:26.764+0000] {processor.py:914} INFO - Processing file /opt/airflow/dags/waseet_daily.py for tasks to queue
[2026-09-15T20:34:26.765+0000] {logging_mixin.py:190} INFO - [2026-09-15T20:34:26.765+0000] {dagbag.py:588} INFO - Filling up the DagBag from /opt/airflow/dags/waseet_daily.py
[2026-09-15T20:34:26.784+0000] {processor.py:925} INFO - DAG(s) 'waseet_daily' retrieved from /opt/airflow/dags/waseet_daily.py
[2026-09-15T20:34:26.816+0000] {logging_mixin.py:190} INFO - [2026-09-15T20:34:26.816+0000] {dag.py:3239} INFO - Sync 1 DAGs
[2026-09-15T20:34:26.832+0000] {logging_mixin.py:190} INFO - [2026-09-15T20:34:26.832+0000] {dag.py:4180} INFO - Setting next_dagrun for waseet_daily to 2026-09-14 00:00:00+00:00, run_after=2026-09-15 00:00:00+00:00
[2026-09-15T20:34:26.847+0000] {processor.py:208} INFO - Processing /opt/airflow/dags/waseet_daily.py took 0.089 seconds
[2026-09-15T20:34:57.164+0000] {processor.py:186} INFO - Started process (PID=2067) to work on /opt/airflow/dags/waseet_daily.py
[2026-09-15T20:34:57.165+0000] {processor.py:914} INFO - Processing file /opt/airflow/dags/waseet_daily.py for tasks to queue
[2026-09-15T20:34:57.167+0000] {logging_mixin.py:190} INFO - [2026-09-15T20:34:57.166+0000] {dagbag.py:588} INFO - Filling up the DagBag from /opt/airflow/dags/waseet_daily.py
[2026-09-15T20:34:57.184+0000] {processor.py:925} INFO - DAG(s) 'waseet_daily' retrieved from /opt/airflow/dags/waseet_daily.py
[2026-09-15T20:34:57.214+0000] {logging_mixin.py:190} INFO - [2026-09-15T20:34:57.213+0000] {dag.py:3239} INFO - Sync 1 DAGs
[2026-09-15T20:34:57.231+0000] {logging_mixin.py:190} INFO - [2026-09-15T20:34:57.231+0000] {dag.py:4180} INFO - Setting next_dagrun for waseet_daily to 2026-09-14 00:00:00+00:00, run_after=2026-09-15 00:00:00+00:00
[2026-09-15T20:34:57.257+0000] {processor.py:208} INFO - Processing /opt/airflow/dags/waseet_daily.py took 0.097 seconds
[2026-09-15T20:35:27.564+0000] {processor.py:186} INFO - Started process (PID=2072) to work on /opt/airflow/dags/waseet_daily.py
[2026-09-15T20:35:27.565+0000] {processor.py:914} INFO - Processing file /opt/airflow/dags/waseet_daily.py for tasks to queue
[2026-09-15T20:35:27.566+0000] {logging_mixin.py:190} INFO - [2026-09-15T20:35:27.566+0000] {dagbag.py:588} INFO - Filling up the DagBag from /opt/airflow/dags/waseet_daily.py
[2026-09-15T20:35:27.589+0000] {processor.py:925} INFO - DAG(s) 'waseet_daily' retrieved from /opt/airflow/dags/waseet_daily.py
[2026-09-15T20:35:27.634+0000] {logging_mixin.py:190} INFO - [2026-09-15T20:35:27.634+0000] {dag.py:3239} INFO - Sync 1 DAGs
[2026-09-15T20:35:27.651+0000] {logging_mixin.py:190} INFO - [2026-09-15T20:35:27.651+0000] {dag.py:4180} INFO - Setting next_dagrun for waseet_daily to 2026-09-14 00:00:00+00:00, run_after=2026-09-15 00:00:00+00:00
[2026-09-15T20:35:27.669+0000] {processor.py:208} INFO - Processing /opt/airflow/dags/waseet_daily.py took 0.109 seconds
[2026-09-15T20:35:58.022+0000] {processor.py:186} INFO - Started process (PID=2077) to work on /opt/airflow/dags/waseet_daily.py
[2026-09-15T20:35:58.024+0000] {processor.py:914} INFO - Processing file /opt/airflow/dags/waseet_daily.py for tasks to queue
[2026-09-15T20:35:58.026+0000] {logging_mixin.py:190} INFO - [2026-09-15T20:35:58.026+0000] {dagbag.py:588} INFO - Filling up the DagBag from /opt/airflow/dags/waseet_daily.py
[2026-09-15T20:35:58.048+0000] {processor.py:925} INFO - DAG(s) 'waseet_daily' retrieved from /opt/airflow/dags/waseet_daily.py
[2026-09-15T20:35:58.083+0000] {logging_mixin.py:190} INFO - [2026-09-15T20:35:58.083+0000] {dag.py:3239} INFO - Sync 1 DAGs
[2026-09-15T20:35:58.100+0000] {logging_mixin.py:190} INFO - [2026-09-15T20:35:58.100+0000] {dag.py:4180} INFO - Setting next_dagrun for waseet_daily to 2026-09-14 00:00:00+00:00, run_after=2026-09-15 00:00:00+00:00
[2026-09-15T20:35:58.133+0000] {processor.py:208} INFO - Processing /opt/airflow/dags/waseet_daily.py took 0.115 seconds
[2026-09-15T20:36:28.446+0000] {processor.py:186} INFO - Started process (PID=2082) to work on /opt/airflow/dags/waseet_daily.py
[2026-09-15T20:36:28.447+0000] {processor.py:914} INFO - Processing file /opt/airflow/dags/waseet_daily.py for tasks to queue
[2026-09-15T20:36:28.448+0000] {logging_mixin.py:190} INFO - [2026-09-15T20:36:28.448+0000] {dagbag.py:588} INFO - Filling up the DagBag from /opt/airflow/dags/waseet_daily.py
[2026-09-15T20:36:28.464+0000] {processor.py:925} INFO - DAG(s) 'waseet_daily' retrieved from /opt/airflow/dags/waseet_daily.py
[2026-09-15T20:36:28.494+0000] {logging_mixin.py:190} INFO - [2026-09-15T20:36:28.494+0000] {dag.py:3239} INFO - Sync 1 DAGs
[2026-09-15T20:36:28.510+0000] {logging_mixin.py:190} INFO - [2026-09-15T20:36:28.510+0000] {dag.py:4180} INFO - Setting next_dagrun for waseet_daily to 2026-09-14 00:00:00+00:00, run_after=2026-09-15 00:00:00+00:00
[2026-09-15T20:36:28.527+0000] {processor.py:208} INFO - Processing /opt/airflow/dags/waseet_daily.py took 0.085 seconds
[2026-09-15T20:36:58.882+0000] {processor.py:186} INFO - Started process (PID=2087) to work on /opt/airflow/dags/waseet_daily.py
[2026-09-15T20:36:58.884+0000] {processor.py:914} INFO - Processing file /opt/airflow/dags/waseet_daily.py for tasks to queue
[2026-09-15T20:36:58.885+0000] {logging_mixin.py:190} INFO - [2026-09-15T20:36:58.885+0000] {dagbag.py:588} INFO - Filling up the DagBag from /opt/airflow/dags/waseet_daily.py
[2026-09-15T20:36:58.904+0000] {processor.py:925} INFO - DAG(s) 'waseet_daily' retrieved from /opt/airflow/dags/waseet_daily.py
[2026-09-15T20:36:58.937+0000] {logging_mixin.py:190} INFO - [2026-09-15T20:36:58.937+0000] {dag.py:3239} INFO - Sync 1 DAGs
[2026-09-15T20:36:58.955+0000] {logging_mixin.py:190} INFO - [2026-09-15T20:36:58.954+0000] {dag.py:4180} INFO - Setting next_dagrun for waseet_daily to 2026-09-14 00:00:00+00:00, run_after=2026-09-15 00:00:00+00:00
[2026-09-15T20:36:58.985+0000] {processor.py:208} INFO - Processing /opt/airflow/dags/waseet_daily.py took 0.107 seconds
[2026-09-15T20:37:29.321+0000] {processor.py:186} INFO - Started process (PID=2092) to work on /opt/airflow/dags/waseet_daily.py
[2026-09-15T20:37:29.322+0000] {processor.py:914} INFO - Processing file /opt/airflow/dags/waseet_daily.py for tasks to queue
[2026-09-15T20:37:29.323+0000] {logging_mixin.py:190} INFO - [2026-09-15T20:37:29.323+0000] {dagbag.py:588} INFO - Filling up the DagBag from /opt/airflow/dags/waseet_daily.py
[2026-09-15T20:37:29.339+0000] {processor.py:925} INFO - DAG(s) 'waseet_daily' retrieved from /opt/airflow/dags/waseet_daily.py
[2026-09-15T20:37:29.368+0000] {logging_mixin.py:190} INFO - [2026-09-15T20:37:29.368+0000] {dag.py:3239} INFO - Sync 1 DAGs
[2026-09-15T20:37:29.385+0000] {logging_mixin.py:190} INFO - [2026-09-15T20:37:29.385+0000] {dag.py:4180} INFO - Setting next_dagrun for waseet_daily to 2026-09-14 00:00:00+00:00, run_after=2026-09-15 00:00:00+00:00
[2026-09-15T20:37:29.401+0000] {processor.py:208} INFO - Processing /opt/airflow/dags/waseet_daily.py took 0.085 seconds
[2026-09-15T20:37:59.771+0000] {processor.py:186} INFO - Started process (PID=2097) to work on /opt/airflow/dags/waseet_daily.py
[2026-09-15T20:37:59.772+0000] {processor.py:914} INFO - Processing file /opt/airflow/dags/waseet_daily.py for tasks to queue
[2026-09-15T20:37:59.773+0000] {logging_mixin.py:190} INFO - [2026-09-15T20:37:59.773+0000] {dagbag.py:588} INFO - Filling up the DagBag from /opt/airflow/dags/waseet_daily.py
[2026-09-15T20:37:59.792+0000] {processor.py:925} INFO - DAG(s) 'waseet_daily' retrieved from /opt/airflow/dags/waseet_daily.py
[2026-09-15T20:37:59.824+0000] {logging_mixin.py:190} INFO - [2026-09-15T20:37:59.824+0000] {dag.py:3239} INFO - Sync 1 DAGs
[2026-09-15T20:37:59.841+0000] {logging_mixin.py:190} INFO - [2026-09-15T20:37:59.841+0000] {dag.py:4180} INFO - Setting next_dagrun for waseet_daily to 2026-09-14 00:00:00+00:00, run_after=2026-09-15 00:00:00+00:00
[2026-09-15T20:37:59.861+0000] {processor.py:208} INFO - Processing /opt/airflow/dags/waseet_daily.py took 0.095 seconds
[2026-09-15T20:38:30.178+0000] {processor.py:186} INFO - Started process (PID=2102) to work on /opt/airflow/dags/waseet_daily.py
[2026-09-15T20:38:30.179+0000] {processor.py:914} INFO - Processing file /opt/airflow/dags/waseet_daily.py for tasks to queue
[2026-09-15T20:38:30.180+0000] {logging_mixin.py:190} INFO - [2026-09-15T20:38:30.180+0000] {dagbag.py:588} INFO - Filling up the DagBag from /opt/airflow/dags/waseet_daily.py
[2026-09-15T20:38:30.199+0000] {processor.py:925} INFO - DAG(s) 'waseet_daily' retrieved from /opt/airflow/dags/waseet_daily.py
[2026-09-15T20:38:30.231+0000] {logging_mixin.py:190} INFO - [2026-09-15T20:38:30.231+0000] {dag.py:3239} INFO - Sync 1 DAGs
[2026-09-15T20:38:30.250+0000] {logging_mixin.py:190} INFO - [2026-09-15T20:38:30.249+0000] {dag.py:4180} INFO - Setting next_dagrun for waseet_daily to 2026-09-14 00:00:00+00:00, run_after=2026-09-15 00:00:00+00:00
[2026-09-15T20:38:30.279+0000] {processor.py:208} INFO - Processing /opt/airflow/dags/waseet_daily.py took 0.105 seconds
[2026-09-15T20:39:00.613+0000] {processor.py:186} INFO - Started process (PID=2107) to work on /opt/airflow/dags/waseet_daily.py
[2026-09-15T20:39:00.614+0000] {processor.py:914} INFO - Processing file /opt/airflow/dags/waseet_daily.py for tasks to queue
[2026-09-15T20:39:00.616+0000] {logging_mixin.py:190} INFO - [2026-09-15T20:39:00.616+0000] {dagbag.py:588} INFO - Filling up the DagBag from /opt/airflow/dags/waseet_daily.py
[2026-09-15T20:39:00.651+0000] {processor.py:925} INFO - DAG(s) 'waseet_daily' retrieved from /opt/airflow/dags/waseet_daily.py
[2026-09-15T20:39:00.688+0000] {logging_mixin.py:190} INFO - [2026-09-15T20:39:00.688+0000] {dag.py:3239} INFO - Sync 1 DAGs
[2026-09-15T20:39:00.709+0000] {logging_mixin.py:190} INFO - [2026-09-15T20:39:00.708+0000] {dag.py:4180} INFO - Setting next_dagrun for waseet_daily to 2026-09-14 00:00:00+00:00, run_after=2026-09-15 00:00:00+00:00
[2026-09-15T20:39:00.728+0000] {processor.py:208} INFO - Processing /opt/airflow/dags/waseet_daily.py took 0.119 seconds
[2026-09-15T20:39:31.068+0000] {processor.py:186} INFO - Started process (PID=2112) to work on /opt/airflow/dags/waseet_daily.py
[2026-09-15T20:39:31.070+0000] {processor.py:914} INFO - Processing file /opt/airflow/dags/waseet_daily.py for tasks to queue
[2026-09-15T20:39:31.072+0000] {logging_mixin.py:190} INFO - [2026-09-15T20:39:31.072+0000] {dagbag.py:588} INFO - Filling up the DagBag from /opt/airflow/dags/waseet_daily.py
[2026-09-15T20:39:31.096+0000] {processor.py:925} INFO - DAG(s) 'waseet_daily' retrieved from /opt/airflow/dags/waseet_daily.py
[2026-09-15T20:39:31.131+0000] {logging_mixin.py:190} INFO - [2026-09-15T20:39:31.131+0000] {dag.py:3239} INFO - Sync 1 DAGs
[2026-09-15T20:39:31.150+0000] {logging_mixin.py:190} INFO - [2026-09-15T20:39:31.150+0000] {dag.py:4180} INFO - Setting next_dagrun for waseet_daily to 2026-09-14 00:00:00+00:00, run_after=2026-09-15 00:00:00+00:00
[2026-09-15T20:39:31.169+0000] {processor.py:208} INFO - Processing /opt/airflow/dags/waseet_daily.py took 0.105 seconds
[2026-09-15T20:40:01.481+0000] {processor.py:186} INFO - Started process (PID=2117) to work on /opt/airflow/dags/waseet_daily.py
[2026-09-15T20:40:01.482+0000] {processor.py:914} INFO - Processing file /opt/airflow/dags/waseet_daily.py for tasks to queue
[2026-09-15T20:40:01.483+0000] {logging_mixin.py:190} INFO - [2026-09-15T20:40:01.483+0000] {dagbag.py:588} INFO - Filling up the DagBag from /opt/airflow/dags/waseet_daily.py
[2026-09-15T20:40:01.498+0000] {processor.py:925} INFO - DAG(s) 'waseet_daily' retrieved from /opt/airflow/dags/waseet_daily.py
[2026-09-15T20:40:01.530+0000] {logging_mixin.py:190} INFO - [2026-09-15T20:40:01.530+0000] {dag.py:3239} INFO - Sync 1 DAGs
[2026-09-15T20:40:01.549+0000] {logging_mixin.py:190} INFO - [2026-09-15T20:40:01.548+0000] {dag.py:4180} INFO - Setting next_dagrun for waseet_daily to 2026-09-14 00:00:00+00:00, run_after=2026-09-15 00:00:00+00:00
[2026-09-15T20:40:01.570+0000] {processor.py:208} INFO - Processing /opt/airflow/dags/waseet_daily.py took 0.094 seconds
[2026-09-15T20:40:31.891+0000] {processor.py:186} INFO - Started process (PID=2122) to work on /opt/airflow/dags/waseet_daily.py
[2026-09-15T20:40:31.893+0000] {processor.py:914} INFO - Processing file /opt/airflow/dags/waseet_daily.py for tasks to queue
[2026-09-15T20:40:31.895+0000] {logging_mixin.py:190} INFO - [2026-09-15T20:40:31.895+0000] {dagbag.py:588} INFO - Filling up the DagBag from /opt/airflow/dags/waseet_daily.py
[2026-09-15T20:40:31.916+0000] {processor.py:925} INFO - DAG(s) 'waseet_daily' retrieved from /opt/airflow/dags/waseet_daily.py
[2026-09-15T20:40:31.949+0000] {logging_mixin.py:190} INFO - [2026-09-15T20:40:31.948+0000] {dag.py:3239} INFO - Sync 1 DAGs
[2026-09-15T20:40:31.968+0000] {logging_mixin.py:190} INFO - [2026-09-15T20:40:31.968+0000] {dag.py:4180} INFO - Setting next_dagrun for waseet_daily to 2026-09-14 00:00:00+00:00, run_after=2026-09-15 00:00:00+00:00
[2026-09-15T20:40:32.019+0000] {processor.py:208} INFO - Processing /opt/airflow/dags/waseet_daily.py took 0.132 seconds
[2026-09-15T20:41:02.319+0000] {processor.py:186} INFO - Started process (PID=2127) to work on /opt/airflow/dags/waseet_daily.py
[2026-09-15T20:41:02.321+0000] {processor.py:914} INFO - Processing file /opt/airflow/dags/waseet_daily.py for tasks to queue
[2026-09-15T20:41:02.322+0000] {logging_mixin.py:190} INFO - [2026-09-15T20:41:02.322+0000] {dagbag.py:588} INFO - Filling up the DagBag from /opt/airflow/dags/waseet_daily.py
[2026-09-15T20:41:02.339+0000] {processor.py:925} INFO - DAG(s) 'waseet_daily' retrieved from /opt/airflow/dags/waseet_daily.py
[2026-09-15T20:41:02.401+0000] {logging_mixin.py:190} INFO - [2026-09-15T20:41:02.400+0000] {dag.py:3239} INFO - Sync 1 DAGs
[2026-09-15T20:41:02.419+0000] {logging_mixin.py:190} INFO - [2026-09-15T20:41:02.419+0000] {dag.py:4180} INFO - Setting next_dagrun for waseet_daily to 2026-09-14 00:00:00+00:00, run_after=2026-09-15 00:00:00+00:00
[2026-09-15T20:41:02.436+0000] {processor.py:208} INFO - Processing /opt/airflow/dags/waseet_daily.py took 0.121 seconds
[2026-09-15T20:41:32.744+0000] {processor.py:186} INFO - Started process (PID=2132) to work on /opt/airflow/dags/waseet_daily.py
[2026-09-15T20:41:32.746+0000] {processor.py:914} INFO - Processing file /opt/airflow/dags/waseet_daily.py for tasks to queue
[2026-09-15T20:41:32.748+0000] {logging_mixin.py:190} INFO - [2026-09-15T20:41:32.748+0000] {dagbag.py:588} INFO - Filling up the DagBag from /opt/airflow/dags/waseet_daily.py
[2026-09-15T20:41:32.766+0000] {processor.py:925} INFO - DAG(s) 'waseet_daily' retrieved from /opt/airflow/dags/waseet_daily.py
[2026-09-15T20:41:32.806+0000] {logging_mixin.py:190} INFO - [2026-09-15T20:41:32.805+0000] {dag.py:3239} INFO - Sync 1 DAGs
[2026-09-15T20:41:32.823+0000] {logging_mixin.py:190} INFO - [2026-09-15T20:41:32.823+0000] {dag.py:4180} INFO - Setting next_dagrun for waseet_daily to 2026-09-14 00:00:00+00:00, run_after=2026-09-15 00:00:00+00:00
[2026-09-15T20:41:32.842+0000] {processor.py:208} INFO - Processing /opt/airflow/dags/waseet_daily.py took 0.102 seconds
[2026-09-15T20:42:03.132+0000] {processor.py:186} INFO - Started process (PID=2137) to work on /opt/airflow/dags/waseet_daily.py
[2026-09-15T20:42:03.133+0000] {processor.py:914} INFO - Processing file /opt/airflow/dags/waseet_daily.py for tasks to queue
[2026-09-15T20:42:03.134+0000] {logging_mixin.py:190} INFO - [2026-09-15T20:42:03.134+0000] {dagbag.py:588} INFO - Filling up the DagBag from /opt/airflow/dags/waseet_daily.py
[2026-09-15T20:42:03.152+0000] {processor.py:925} INFO - DAG(s) 'waseet_daily' retrieved from /opt/airflow/dags/waseet_daily.py
[2026-09-15T20:42:03.193+0000] {logging_mixin.py:190} INFO - [2026-09-15T20:42:03.193+0000] {dag.py:3239} INFO - Sync 1 DAGs
[2026-09-15T20:42:03.212+0000] {logging_mixin.py:190} INFO - [2026-09-15T20:42:03.212+0000] {dag.py:4180} INFO - Setting next_dagrun for waseet_daily to 2026-09-14 00:00:00+00:00, run_after=2026-09-15 00:00:00+00:00
[2026-09-15T20:42:03.246+0000] {processor.py:208} INFO - Processing /opt/airflow/dags/waseet_daily.py took 0.119 seconds
[2026-09-15T20:42:33.555+0000] {processor.py:186} INFO - Started process (PID=2142) to work on /opt/airflow/dags/waseet_daily.py
[2026-09-15T20:42:33.556+0000] {processor.py:914} INFO - Processing file /opt/airflow/dags/waseet_daily.py for tasks to queue
[2026-09-15T20:42:33.558+0000] {logging_mixin.py:190} INFO - [2026-09-15T20:42:33.558+0000] {dagbag.py:588} INFO - Filling up the DagBag from /opt/airflow/dags/waseet_daily.py
[2026-09-15T20:42:33.578+0000] {processor.py:925} INFO - DAG(s) 'waseet_daily' retrieved from /opt/airflow/dags/waseet_daily.py
[2026-09-15T20:42:33.620+0000] {logging_mixin.py:190} INFO - [2026-09-15T20:42:33.620+0000] {dag.py:3239} INFO - Sync 1 DAGs
[2026-09-15T20:42:33.638+0000] {logging_mixin.py:190} INFO - [2026-09-15T20:42:33.638+0000] {dag.py:4180} INFO - Setting next_dagrun for waseet_daily to 2026-09-14 00:00:00+00:00, run_after=2026-09-15 00:00:00+00:00
[2026-09-15T20:42:33.672+0000] {processor.py:208} INFO - Processing /opt/airflow/dags/waseet_daily.py took 0.120 seconds
[2026-09-15T20:43:03.985+0000] {processor.py:186} INFO - Started process (PID=2147) to work on /opt/airflow/dags/waseet_daily.py
[2026-09-15T20:43:03.986+0000] {processor.py:914} INFO - Processing file /opt/airflow/dags/waseet_daily.py for tasks to queue
[2026-09-15T20:43:03.988+0000] {logging_mixin.py:190} INFO - [2026-09-15T20:43:03.987+0000] {dagbag.py:588} INFO - Filling up the DagBag from /opt/airflow/dags/waseet_daily.py
[2026-09-15T20:43:04.011+0000] {processor.py:925} INFO - DAG(s) 'waseet_daily' retrieved from /opt/airflow/dags/waseet_daily.py
[2026-09-15T20:43:04.046+0000] {logging_mixin.py:190} INFO - [2026-09-15T20:43:04.046+0000] {dag.py:3239} INFO - Sync 1 DAGs
[2026-09-15T20:43:04.063+0000] {logging_mixin.py:190} INFO - [2026-09-15T20:43:04.063+0000] {dag.py:4180} INFO - Setting next_dagrun for waseet_daily to 2026-09-14 00:00:00+00:00, run_after=2026-09-15 00:00:00+00:00
[2026-09-15T20:43:04.081+0000] {processor.py:208} INFO - Processing /opt/airflow/dags/waseet_daily.py took 0.100 seconds
[2026-09-15T20:43:34.408+0000] {processor.py:186} INFO - Started process (PID=2152) to work on /opt/airflow/dags/waseet_daily.py
[2026-09-15T20:43:34.410+0000] {processor.py:914} INFO - Processing file /opt/airflow/dags/waseet_daily.py for tasks to queue
[2026-09-15T20:43:34.411+0000] {logging_mixin.py:190} INFO - [2026-09-15T20:43:34.411+0000] {dagbag.py:588} INFO - Filling up the DagBag from /opt/airflow/dags/waseet_daily.py
[2026-09-15T20:43:34.433+0000] {processor.py:925} INFO - DAG(s) 'waseet_daily' retrieved from /opt/airflow/dags/waseet_daily.py
[2026-09-15T20:43:34.463+0000] {logging_mixin.py:190} INFO - [2026-09-15T20:43:34.463+0000] {dag.py:3239} INFO - Sync 1 DAGs
[2026-09-15T20:43:34.481+0000] {logging_mixin.py:190} INFO - [2026-09-15T20:43:34.480+0000] {dag.py:4180} INFO - Setting next_dagrun for waseet_daily to 2026-09-14 00:00:00+00:00, run_after=2026-09-15 00:00:00+00:00
[2026-09-15T20:43:34.499+0000] {processor.py:208} INFO - Processing /opt/airflow/dags/waseet_daily.py took 0.096 seconds
[2026-09-15T20:44:04.796+0000] {processor.py:186} INFO - Started process (PID=2157) to work on /opt/airflow/dags/waseet_daily.py
[2026-09-15T20:44:04.797+0000] {processor.py:914} INFO - Processing file /opt/airflow/dags/waseet_daily.py for tasks to queue
[2026-09-15T20:44:04.799+0000] {logging_mixin.py:190} INFO - [2026-09-15T20:44:04.798+0000] {dagbag.py:588} INFO - Filling up the DagBag from /opt/airflow/dags/waseet_daily.py
[2026-09-15T20:44:04.818+0000] {processor.py:925} INFO - DAG(s) 'waseet_daily' retrieved from /opt/airflow/dags/waseet_daily.py
[2026-09-15T20:44:04.854+0000] {logging_mixin.py:190} INFO - [2026-09-15T20:44:04.854+0000] {dag.py:3239} INFO - Sync 1 DAGs
[2026-09-15T20:44:04.873+0000] {logging_mixin.py:190} INFO - [2026-09-15T20:44:04.873+0000] {dag.py:4180} INFO - Setting next_dagrun for waseet_daily to 2026-09-14 00:00:00+00:00, run_after=2026-09-15 00:00:00+00:00
[2026-09-15T20:44:04.892+0000] {processor.py:208} INFO - Processing /opt/airflow/dags/waseet_daily.py took 0.100 seconds
[2026-09-15T20:44:35.199+0000] {processor.py:186} INFO - Started process (PID=2162) to work on /opt/airflow/dags/waseet_daily.py
[2026-09-15T20:44:35.201+0000] {processor.py:914} INFO - Processing file /opt/airflow/dags/waseet_daily.py for tasks to queue
[2026-09-15T20:44:35.203+0000] {logging_mixin.py:190} INFO - [2026-09-15T20:44:35.203+0000] {dagbag.py:588} INFO - Filling up the DagBag from /opt/airflow/dags/waseet_daily.py
[2026-09-15T20:44:35.224+0000] {processor.py:925} INFO - DAG(s) 'waseet_daily' retrieved from /opt/airflow/dags/waseet_daily.py
[2026-09-15T20:44:35.256+0000] {logging_mixin.py:190} INFO - [2026-09-15T20:44:35.256+0000] {dag.py:3239} INFO - Sync 1 DAGs
[2026-09-15T20:44:35.275+0000] {logging_mixin.py:190} INFO - [2026-09-15T20:44:35.275+0000] {dag.py:4180} INFO - Setting next_dagrun for waseet_daily to 2026-09-14 00:00:00+00:00, run_after=2026-09-15 00:00:00+00:00
[2026-09-15T20:44:35.294+0000] {processor.py:208} INFO - Processing /opt/airflow/dags/waseet_daily.py took 0.100 seconds
[2026-09-15T20:45:05.617+0000] {processor.py:186} INFO - Started process (PID=2167) to work on /opt/airflow/dags/waseet_daily.py
[2026-09-15T20:45:05.619+0000] {processor.py:914} INFO - Processing file /opt/airflow/dags/waseet_daily.py for tasks to queue
[2026-09-15T20:45:05.621+0000] {logging_mixin.py:190} INFO - [2026-09-15T20:45:05.621+0000] {dagbag.py:588} INFO - Filling up the DagBag from /opt/airflow/dags/waseet_daily.py
[2026-09-15T20:45:05.645+0000] {processor.py:925} INFO - DAG(s) 'waseet_daily' retrieved from /opt/airflow/dags/waseet_daily.py
[2026-09-15T20:45:05.688+0000] {logging_mixin.py:190} INFO - [2026-09-15T20:45:05.688+0000] {dag.py:3239} INFO - Sync 1 DAGs
[2026-09-15T20:45:05.707+0000] {logging_mixin.py:190} INFO - [2026-09-15T20:45:05.707+0000] {dag.py:4180} INFO - Setting next_dagrun for waseet_daily to 2026-09-14 00:00:00+00:00, run_after=2026-09-15 00:00:00+00:00
[2026-09-15T20:45:05.728+0000] {processor.py:208} INFO - Processing /opt/airflow/dags/waseet_daily.py took 0.115 seconds
[2026-09-15T20:45:36.082+0000] {processor.py:186} INFO - Started process (PID=2198) to work on /opt/airflow/dags/waseet_daily.py
[2026-09-15T20:45:36.083+0000] {processor.py:914} INFO - Processing file /opt/airflow/dags/waseet_daily.py for tasks to queue
[2026-09-15T20:45:36.084+0000] {logging_mixin.py:190} INFO - [2026-09-15T20:45:36.084+0000] {dagbag.py:588} INFO - Filling up the DagBag from /opt/airflow/dags/waseet_daily.py
[2026-09-15T20:45:36.101+0000] {processor.py:925} INFO - DAG(s) 'waseet_daily' retrieved from /opt/airflow/dags/waseet_daily.py
[2026-09-15T20:45:36.137+0000] {logging_mixin.py:190} INFO - [2026-09-15T20:45:36.137+0000] {dag.py:3239} INFO - Sync 1 DAGs
[2026-09-15T20:45:36.154+0000] {logging_mixin.py:190} INFO - [2026-09-15T20:45:36.154+0000] {dag.py:4180} INFO - Setting next_dagrun for waseet_daily to 2026-09-14 00:00:00+00:00, run_after=2026-09-15 00:00:00+00:00
[2026-09-15T20:45:36.906+0000] {processor.py:208} INFO - Processing /opt/airflow/dags/waseet_daily.py took 0.829 seconds
[2026-09-15T20:46:07.167+0000] {processor.py:186} INFO - Started process (PID=2203) to work on /opt/airflow/dags/waseet_daily.py
[2026-09-15T20:46:07.169+0000] {processor.py:914} INFO - Processing file /opt/airflow/dags/waseet_daily.py for tasks to queue
[2026-09-15T20:46:07.171+0000] {logging_mixin.py:190} INFO - [2026-09-15T20:46:07.171+0000] {dagbag.py:588} INFO - Filling up the DagBag from /opt/airflow/dags/waseet_daily.py
[2026-09-15T20:46:07.202+0000] {processor.py:925} INFO - DAG(s) 'waseet_daily' retrieved from /opt/airflow/dags/waseet_daily.py
[2026-09-15T20:46:07.247+0000] {logging_mixin.py:190} INFO - [2026-09-15T20:46:07.247+0000] {dag.py:3239} INFO - Sync 1 DAGs
[2026-09-15T20:46:07.264+0000] {logging_mixin.py:190} INFO - [2026-09-15T20:46:07.264+0000] {dag.py:4180} INFO - Setting next_dagrun for waseet_daily to 2026-09-14 00:00:00+00:00, run_after=2026-09-15 00:00:00+00:00
[2026-09-15T20:46:07.283+0000] {processor.py:208} INFO - Processing /opt/airflow/dags/waseet_daily.py took 0.121 seconds
[2026-09-15T20:46:37.597+0000] {processor.py:186} INFO - Started process (PID=2234) to work on /opt/airflow/dags/waseet_daily.py
[2026-09-15T20:46:37.599+0000] {processor.py:914} INFO - Processing file /opt/airflow/dags/waseet_daily.py for tasks to queue
[2026-09-15T20:46:37.601+0000] {logging_mixin.py:190} INFO - [2026-09-15T20:46:37.600+0000] {dagbag.py:588} INFO - Filling up the DagBag from /opt/airflow/dags/waseet_daily.py
[2026-09-15T20:46:37.649+0000] {processor.py:925} INFO - DAG(s) 'waseet_daily' retrieved from /opt/airflow/dags/waseet_daily.py
[2026-09-15T20:46:37.714+0000] {logging_mixin.py:190} INFO - [2026-09-15T20:46:37.713+0000] {dag.py:3239} INFO - Sync 1 DAGs
[2026-09-15T20:46:37.740+0000] {logging_mixin.py:190} INFO - [2026-09-15T20:46:37.740+0000] {dag.py:4180} INFO - Setting next_dagrun for waseet_daily to 2026-09-14 00:00:00+00:00, run_after=2026-09-15 00:00:00+00:00
[2026-09-15T20:46:37.761+0000] {processor.py:208} INFO - Processing /opt/airflow/dags/waseet_daily.py took 0.168 seconds
[2026-09-15T20:47:07.988+0000] {processor.py:186} INFO - Started process (PID=2239) to work on /opt/airflow/dags/waseet_daily.py
[2026-09-15T20:47:07.989+0000] {processor.py:914} INFO - Processing file /opt/airflow/dags/waseet_daily.py for tasks to queue
[2026-09-15T20:47:07.991+0000] {logging_mixin.py:190} INFO - [2026-09-15T20:47:07.990+0000] {dagbag.py:588} INFO - Filling up the DagBag from /opt/airflow/dags/waseet_daily.py
[2026-09-15T20:47:08.009+0000] {processor.py:925} INFO - DAG(s) 'waseet_daily' retrieved from /opt/airflow/dags/waseet_daily.py
[2026-09-15T20:47:08.045+0000] {logging_mixin.py:190} INFO - [2026-09-15T20:47:08.045+0000] {dag.py:3239} INFO - Sync 1 DAGs
[2026-09-15T20:47:08.066+0000] {logging_mixin.py:190} INFO - [2026-09-15T20:47:08.066+0000] {dag.py:4180} INFO - Setting next_dagrun for waseet_daily to 2026-09-14 00:00:00+00:00, run_after=2026-09-15 00:00:00+00:00
[2026-09-15T20:47:08.306+0000] {processor.py:208} INFO - Processing /opt/airflow/dags/waseet_daily.py took 0.324 seconds
[2026-09-15T20:47:38.468+0000] {processor.py:186} INFO - Started process (PID=2244) to work on /opt/airflow/dags/waseet_daily.py
[2026-09-15T20:47:38.470+0000] {processor.py:914} INFO - Processing file /opt/airflow/dags/waseet_daily.py for tasks to queue
[2026-09-15T20:47:38.471+0000] {logging_mixin.py:190} INFO - [2026-09-15T20:47:38.471+0000] {dagbag.py:588} INFO - Filling up the DagBag from /opt/airflow/dags/waseet_daily.py
[2026-09-15T20:47:38.496+0000] {processor.py:925} INFO - DAG(s) 'waseet_daily' retrieved from /opt/airflow/dags/waseet_daily.py
[2026-09-15T20:47:38.567+0000] {logging_mixin.py:190} INFO - [2026-09-15T20:47:38.566+0000] {dag.py:3239} INFO - Sync 1 DAGs
[2026-09-15T20:47:38.586+0000] {logging_mixin.py:190} INFO - [2026-09-15T20:47:38.586+0000] {dag.py:4180} INFO - Setting next_dagrun for waseet_daily to 2026-09-14 00:00:00+00:00, run_after=2026-09-15 00:00:00+00:00
[2026-09-15T20:47:38.607+0000] {processor.py:208} INFO - Processing /opt/airflow/dags/waseet_daily.py took 0.143 seconds
[2026-09-15T20:48:09.005+0000] {processor.py:186} INFO - Started process (PID=2249) to work on /opt/airflow/dags/waseet_daily.py
[2026-09-15T20:48:09.007+0000] {processor.py:914} INFO - Processing file /opt/airflow/dags/waseet_daily.py for tasks to queue
[2026-09-15T20:48:09.008+0000] {logging_mixin.py:190} INFO - [2026-09-15T20:48:09.008+0000] {dagbag.py:588} INFO - Filling up the DagBag from /opt/airflow/dags/waseet_daily.py
[2026-09-15T20:48:09.033+0000] {processor.py:925} INFO - DAG(s) 'waseet_daily' retrieved from /opt/airflow/dags/waseet_daily.py
[2026-09-15T20:48:09.072+0000] {logging_mixin.py:190} INFO - [2026-09-15T20:48:09.072+0000] {dag.py:3239} INFO - Sync 1 DAGs
[2026-09-15T20:48:09.091+0000] {logging_mixin.py:190} INFO - [2026-09-15T20:48:09.091+0000] {dag.py:4180} INFO - Setting next_dagrun for waseet_daily to 2026-09-14 00:00:00+00:00, run_after=2026-09-15 00:00:00+00:00
[2026-09-15T20:48:09.109+0000] {processor.py:208} INFO - Processing /opt/airflow/dags/waseet_daily.py took 0.108 seconds
[2026-09-15T20:48:39.434+0000] {processor.py:186} INFO - Started process (PID=2254) to work on /opt/airflow/dags/waseet_daily.py
[2026-09-15T20:48:39.435+0000] {processor.py:914} INFO - Processing file /opt/airflow/dags/waseet_daily.py for tasks to queue
[2026-09-15T20:48:39.437+0000] {logging_mixin.py:190} INFO - [2026-09-15T20:48:39.436+0000] {dagbag.py:588} INFO - Filling up the DagBag from /opt/airflow/dags/waseet_daily.py
[2026-09-15T20:48:39.462+0000] {processor.py:925} INFO - DAG(s) 'waseet_daily' retrieved from /opt/airflow/dags/waseet_daily.py
[2026-09-15T20:48:39.516+0000] {logging_mixin.py:190} INFO - [2026-09-15T20:48:39.516+0000] {dag.py:3239} INFO - Sync 1 DAGs
[2026-09-15T20:48:39.535+0000] {logging_mixin.py:190} INFO - [2026-09-15T20:48:39.535+0000] {dag.py:4180} INFO - Setting next_dagrun for waseet_daily to 2026-09-14 00:00:00+00:00, run_after=2026-09-15 00:00:00+00:00
[2026-09-15T20:48:39.552+0000] {processor.py:208} INFO - Processing /opt/airflow/dags/waseet_daily.py took 0.123 seconds
[2026-09-15T20:49:09.898+0000] {processor.py:186} INFO - Started process (PID=2259) to work on /opt/airflow/dags/waseet_daily.py
[2026-09-15T20:49:09.900+0000] {processor.py:914} INFO - Processing file /opt/airflow/dags/waseet_daily.py for tasks to queue
[2026-09-15T20:49:09.901+0000] {logging_mixin.py:190} INFO - [2026-09-15T20:49:09.901+0000] {dagbag.py:588} INFO - Filling up the DagBag from /opt/airflow/dags/waseet_daily.py
[2026-09-15T20:49:09.916+0000] {processor.py:925} INFO - DAG(s) 'waseet_daily' retrieved from /opt/airflow/dags/waseet_daily.py
[2026-09-15T20:49:09.961+0000] {logging_mixin.py:190} INFO - [2026-09-15T20:49:09.960+0000] {dag.py:3239} INFO - Sync 1 DAGs
[2026-09-15T20:49:09.979+0000] {logging_mixin.py:190} INFO - [2026-09-15T20:49:09.979+0000] {dag.py:4180} INFO - Setting next_dagrun for waseet_daily to 2026-09-14 00:00:00+00:00, run_after=2026-09-15 00:00:00+00:00
[2026-09-15T20:49:09.998+0000] {processor.py:208} INFO - Processing /opt/airflow/dags/waseet_daily.py took 0.104 seconds
[2026-09-15T20:49:40.343+0000] {processor.py:186} INFO - Started process (PID=2264) to work on /opt/airflow/dags/waseet_daily.py
[2026-09-15T20:49:40.345+0000] {processor.py:914} INFO - Processing file /opt/airflow/dags/waseet_daily.py for tasks to queue
[2026-09-15T20:49:40.346+0000] {logging_mixin.py:190} INFO - [2026-09-15T20:49:40.346+0000] {dagbag.py:588} INFO - Filling up the DagBag from /opt/airflow/dags/waseet_daily.py
[2026-09-15T20:49:40.365+0000] {processor.py:925} INFO - DAG(s) 'waseet_daily' retrieved from /opt/airflow/dags/waseet_daily.py
[2026-09-15T20:49:40.400+0000] {logging_mixin.py:190} INFO - [2026-09-15T20:49:40.400+0000] {dag.py:3239} INFO - Sync 1 DAGs
[2026-09-15T20:49:40.416+0000] {logging_mixin.py:190} INFO - [2026-09-15T20:49:40.416+0000] {dag.py:4180} INFO - Setting next_dagrun for waseet_daily to 2026-09-14 00:00:00+00:00, run_after=2026-09-15 00:00:00+00:00
[2026-09-15T20:49:40.433+0000] {processor.py:208} INFO - Processing /opt/airflow/dags/waseet_daily.py took 0.093 seconds
[2026-09-15T20:50:10.793+0000] {processor.py:186} INFO - Started process (PID=2269) to work on /opt/airflow/dags/waseet_daily.py
[2026-09-15T20:50:10.794+0000] {processor.py:914} INFO - Processing file /opt/airflow/dags/waseet_daily.py for tasks to queue
[2026-09-15T20:50:10.795+0000] {logging_mixin.py:190} INFO - [2026-09-15T20:50:10.795+0000] {dagbag.py:588} INFO - Filling up the DagBag from /opt/airflow/dags/waseet_daily.py
[2026-09-15T20:50:10.811+0000] {processor.py:925} INFO - DAG(s) 'waseet_daily' retrieved from /opt/airflow/dags/waseet_daily.py
[2026-09-15T20:50:10.846+0000] {logging_mixin.py:190} INFO - [2026-09-15T20:50:10.846+0000] {dag.py:3239} INFO - Sync 1 DAGs
[2026-09-15T20:50:10.862+0000] {logging_mixin.py:190} INFO - [2026-09-15T20:50:10.862+0000] {dag.py:4180} INFO - Setting next_dagrun for waseet_daily to 2026-09-14 00:00:00+00:00, run_after=2026-09-15 00:00:00+00:00
[2026-09-15T20:50:10.878+0000] {processor.py:208} INFO - Processing /opt/airflow/dags/waseet_daily.py took 0.089 seconds
