scan_id,parcel_id,customer_id,scanned_at,hub_id,courier_id,scan_type,weight_kg,service_code
914395,7004273,5064,2026-05-13 12:38:39,9,134,DELIVERED,31.26,STD
913394,7003982,5199,2026-05-13 10:01:23,7,137,FAILED,10.04,STD
913691,7004078,5059,2026-05-13 15:29:51,2,107,DEPART,29.54,EXP
914308,7004256,5082,2026-05-13 14:17:54,10,126,FAILED,10.76,STD
914302,7004252,5094,2026-05-13 14:36:38,9,102,PICKUP,16.82,EXP
913537,7004027,5046,2026-05-13 19:42:50,9,138,DELIVERED,"47,96",STD
914568,7004332,5038,2026-05-13 06:45:31,10,130,FAILED,31.25,SDD
913913,7004149,5120,2026-05-13 09:11:53,10,131,DEPART,32.26,SDD
914454,7004288,5197,2026-05-13 19:50:01,5,133,ARRIVE,13.12,STD
913865,7004131,5072,2026-05-13 07:38:34,7,112,PICKUP,44.69,SDD
913399,7003983,5030,2026-05-13 12:11:52,4,102,ARRIVE,42.78,EXP
913783,7004104,5062,2026-05-13 18:50:00,2,101,ARRIVE,45.48,ECO
913498,7004012,5162,2026-05-13 12:34:02,8,115,OUT_FOR_DELIVERY,17.18,STD
914143,7004212,5155,2026-05-13 11:30:47,2,117,PICKUP,10.63,SDD
913634,7004057,5035,2026-05-13 08:12:24,2,122,ARRIVE,37.37,EXP
914279,7004246,5158,2026-05-13 21:24:31,10,125,OUT_FOR_DELIVERY,46.3,ECO
914517,7004311,5093,2026-05-13 09:05:45,2,139,DEPART,47.45,EXP
913988,7004167,5163,2026-05-13 06:49:12,10,111,ARRIVE,25.36,ECO
913791,7004106,5106,2026-05-13 09:31:03,5,117,DEPART,25.34,SDD
913831,7004120,5158,2026-05-13 09:32:20,8,130,FAILED,14.5,EXP
914103,7004199,5126,2026-05-13 21:42:31,2,134,DEPART,46.88,SDD
914251,7004240,5093,2026-05-13 14:25:29,6,137,FAILED,43.89,EXP
913656,7004067,5049,2026-05-13 16:55:45,5,105,delivered,0.64,ECO
913941,7004157,5138,2026-05-13 08:47:16,9,113,ARRIVE,2.73,SDD
913942,7004157,5157,13/05/2026 17:56,10,112,DELIVERED,44.2,SDD
913756,7004097,5052,2026-05-13 07:05:14,5,123,OUT_FOR_DELIVERY,10.68,ECO
914526,7004314,5176,2026-05-13 21:35:38,2,101,OUT_FOR_DELIVERY,28.37,ECO
914150,7004213,5087,2026-05-13 15:33:32,7,103,FAILED,12.55,EXP
914160,7004217,5171,2026-05-13 08:22:29,8,121,OUT_FOR_DELIVERY,23.4,ECO
914460,7004290,5178,2026-05-13 12:40:17,7,129,DELIVERED,28.59,ECO
913712,7004085,5006,2026-05-13 15:05:24,2,111,ARRIVE,38.83,STD
913939,7004157,5140,2026-05-13 11:30:07,5,131,OUT_FOR_DELIVERY,47.03,SDD
914288,7004250,5193,2026-05-13 07:41:56,5,122,DEPART,11.54,STD
913943,7004157,5101,2026-05-13 09:46:58,9,112,FAILED,32.8,SDD
914357,7004266,5112,2026-05-13 20:52:24,7,102,arrive,40.79,SDD
913656,7004067,5049,2026-05-13 16:55:45,5,105,delivered,0.64,ECO
914333,7004260,5101,2026-05-13 07:19:33,4,133,OUT_FOR_DELIVERY,0.3,ECO
913495,7004011,5072,2026-05-13 06:08:16,8,104,PICKUP,7.26,ECO
913547,7004031,5105,13/05/2026 07:21,1,101,OUT_FOR_DELIVERY,14.69,STD
914474,7004294,5182,2026-05-13 17:28:17,6,115,OUT_FOR_DELIVERY,47.37,ECO
913381,7003980,5113,2026-05-13 06:17:42,6,127,FAILED,19.33,ECO
913395,7003982,5096,2026-05-13 18:39:12,99,138,DEPART,2.93,SDD
913711,7004084,5023,2026-05-13 15:41:24,1,115,FAILED,,EXP
914521,7004312,5141,2026-05-13 13:24:34,1,129,OUT_FOR_DELIVERY,35.76,EXP
914452,7004288,5022,2026-05-13 20:14:43,8,108,DELIVERED,26.45,STD
913753,7004094,5184,2026-05-13 21:42:47,3,120,DELIVERED,44.64,EXP
913444,7003996,5046,2026-05-13 15:16:01,9,121,DEPART,4.56,STD
914248,7004239,5025,2026-05-13 14:50:52,2,128,DELIVERED,21.59,STD
914393,7004272,5108,2026-05-13 07:43:51,8,119,DEPART,13.78,STD
914212,7004230,5159,2026-05-13 10:40:20,9,116,FAILED,18.77,EXP
914284,7004249,5136,2026-05-13 08:51:10,8,108,ARRIVE,7.36,SDD
913895,7004146,5108,2026-05-13 14:58:55,5,130,PICKUP,30.42,EXP
914240,7004238,5188,2026-05-13 07:17:15,10,138,OUT_FOR_DELIVERY,43.61,EXP
913818,7004111,5162,2026-05-13 06:39:31,7,105,PICKUP,3.18,SDD
913596,7004051,5080,2026-05-13 13:56:56,6,131,DELIVERED,17.36,STD
913872,7004135,5145,2026-05-13 19:52:35,4,126,DELIVERED,42.75,EXP
913893,7004144,5132,2026-05-13 12:49:01,5,115,FAILED,45.84,STD
914276,7004244,5080,2026-05-13 08:57:31,2,118,DEPART,21.62,STD
913422,7003990,5036,2026-05-13 16:29:39,3,138,DEPART,17.86,SDD
914579,7004337,5161,2026-05-13 08:43:28,9,134,ARRIVE,23.44,EXP
913991,7004168,5088,2026-05-13 19:59:56,6,117,DELIVERED,18.38,EXP
914074,7004190,5081,2026-05-13 08:18:01,8,101,FAILED,7.24,ECO
914023,7004176,5121,2026-05-13 08:04:52,2,123,DELIVERED,3.22,EXP
913890,7004143,5004,2026-05-13 14:05:55,7,101,PICKUP,9.89,STD
913925,7004153,5102,2026-05-13 11:09:29,8,131,ARRIVE,18.56,STD
914219,7004232,5128,2026-05-13 13:03:30,10,140,FAILED,27.78,ECO
913792,7004106,5114,2026-05-13 15:37:09,3,111,ARRIVE,4.2,ECO
914172,7004221,5072,2026-05-13 21:42:05,9,110,OUT_FOR_DELIVERY,19.47,SDD
913728,7004088,5110,2026-05-13 12:00:36,4,107,ARRIVE,22.8,STD
914054,7004184,5049,2026-05-13 08:17:13,2,140,OUT_FOR_DELIVERY,13.22,EXP
913877,7004136,5013,2026-05-13 20:00:40,2,103,OUT_FOR_DELIVERY,24.43,EXP
914188,7004225,5038,2026-05-13 16:29:51,4,139,PICKUP,7.16,STD
914411,7004275,5160,2026-05-13 14:38:51,3,133,PICKUP,35.58,SDD
914301,7004252,5196,2026-05-13 12:21:34,8,136,FAILED,44.91,SDD
914508,7004306,5195,2026-05-13 13:58:17,10,132,FAILED,43.2,SDD
913457,7003998,5150,2026-05-13 17:24:57,8,114,OUT_FOR_DELIVERY,37.24,STD
913997,7004169,5052,2026-05-13 17:51:52,1,129,ARRIVE,8.29,SDD
913860,7004129,5080,2026-05-13 14:14:54,1,121,ARRIVE,0.65,ECO
914062,7004189,5166,2026-05-13 18:43:05,6,125,PICKUP,"45,93",EXP
914195,7004225,5150,2026-05-13 06:55:23,1,122,DEPART,3.07,STD
914102,7004199,5099,13/05/2026 12:52,8,132,OUT_FOR_DELIVERY,4.11,SDD
913495,7004011,5072,2026-05-13 06:08:16,8,104,PICKUP,7.26,ECO
914082,7004193,5090,2026-05-13 10:59:16,4,111,DEPART,47.34,SDD
914553,7004328,5182,2026-05-13 20:18:53,8,107,PICKUP,4.71,EXP
913451,7003997,5115,2026-05-13 13:27:41,10,103,PICKUP,22.06,EXP
914132,7004208,5145,2026-05-13 06:53:56,10,125,ARRIVE,9.05,EXP
914048,7004184,5067,2026-05-13 17:36:23,5,140,DELIVERED,14.7,ECO
914219,7004232,5128,2026-05-13 13:03:30,10,140,FAILED,27.78,ECO
913984,7004167,5103,2026-05-13 08:31:19,4,135,FAILED,28.25,STD
914384,7004269,5079,2026-05-13 17:16:52,1,123,DEPART,37.33,SDD
914362,7004267,5066,2026-05-13 09:56:51,8,127,FAILED,26.16,EXP
913678,7004077,5085,2026-05-13 09:34:13,6,127,DEPART,4.68,SDD
913424,7003991,5019,2026-05-13 17:34:56,4,135,OUT_FOR_DELIVERY,41.6,EXP
913702,7004080,5006,2026-05-13 19:50:46,1,123,OUT_FOR_DELIVERY,39.36,EXP
913512,7004017,5159,2026-05-13 18:53:10,8,105,DEPART,30.52,STD
913488,7004009,5081,2026-05-13 21:13:31,3,130,FAILED,1.2,EXP
914345,7004263,5042,2026-05-13 08:18:16,6,127,DELIVERED,20.48,STD
913585,7004046,5113,2026-05-13 06:20:50,2,116,ARRIVE,4.27,SDD
913676,7004076,5061,2026-05-13 17:10:42,10,107,FAILED,11.25,SDD
913650,7004065,5090,2026-05-13 21:37:54,9,130,FAILED,31.79,STD
913951,7004158,5004,2026-05-13 07:32:50,3,129,ARRIVE,17.15,ECO
914147,7004213,5082,2026-05-13 11:57:32,9,112,DELIVERED,34.04,STD
914361,7004266,5175,2026-05-13 16:54:22,5,129,OUT_FOR_DELIVERY,44.89,EXP
914560,7004328,5192,2026-05-13 14:07:32,9,139,DELIVERED,11.35,ECO
913870,7004133,5070,2026-05-13 15:52:17,2,132,PICKUP,24.58,SDD
913364,7003973,5182,2026-05-13 21:35:59,9,118,ARRIVE,12.05,STD
914103,7004199,5126,2026-05-13 21:42:31,2,134,DEPART,46.88,SDD
913792,7004106,5114,2026-05-13 15:37:09,3,111,ARRIVE,4.2,ECO
913579,7004043,5097,2026-05-13 10:36:05,7,110,OUT_FOR_DELIVERY,12.78,STD
913455,7003998,5059,2026-05-13 06:50:34,3,140,PICKUP,23.31,STD
914163,7004217,5076,2026-05-13 08:31:19,5,125,PICKUP,15.6,EXP
913539,7004027,5015,2026-05-13 17:21:54,8,121,ARRIVE,2.48,ECO
913430,7003992,5163,2026-05-13 19:27:50,9,134,OUT_FOR_DELIVERY,0.7,SDD
913789,7004106,5061,2026-05-13 18:06:13,4,131,DEPART,10.08,EXP
913343,7003966,5141,2026-05-13 10:08:42,1,134,PICKUP,11.7,STD
913764,7004100,5044,2026-05-13 07:40:14,4,121,PICKUP,15.02,ECO
913557,7004035,5087,2026-05-13 10:12:34,2,130,ARRIVE,13.04,SDD
913693,7004079,5081,2026-05-13 13:35:25,8,129,DELIVERED,27.12,SDD
914372,7004268,5173,2026-05-13 08:15:55,5,115,FAILED,11.42,SDD
913950,7004157,5131,2026-05-13 11:47:06,1,115,ARRIVE,,ECO
914136,7004208,5117,2026-05-13 11:22:25,2,121,ARRIVE,11.31,SDD
913622,7004056,5127,2026-05-13 20:20:57,1,133,DEPART,46.69,SDD
913435,7003993,5071,2026-05-13 07:23:27,4,120,ARRIVE,38.44,ECO
913582,7004044,5024,2026-05-13 06:44:24,5,114,ARRIVE,24.03,EXP
913332,7003963,5002,2026-05-13 16:51:05,8,126,OUT_FOR_DELIVERY,15.17,STD
913916,7004149,5056,2026-05-13 12:15:27,8,103,DEPART,10.06,SDD
914173,7004221,5174,2026-05-13 07:54:23,3,114,OUT_FOR_DELIVERY,45.27,SDD
913844,7004122,5007,2026-05-13 14:49:37,3,,FAILED,17.57,SDD
914390,7004271,5073,2026-05-13 08:16:08,6,116,DELIVERED,25.11,STD
913340,7003965,5011,2026-05-13 10:23:50,6,118,OUT_FOR_DELIVERY,18.93,EXP
913754,7004095,5186,2026-05-13 19:05:52,5,118,DEPART,43.01,STD
914161,7004217,5200,2026-05-13 18:21:11,9,102,ARRIVE,32.8,ECO
913804,7004108,5125,2026-05-13 19:38:42,2,131,PICKUP,13.59,ECO
914183,7004223,5007,2026-05-13 15:30:11,2,116,ARRIVE,27.23,STD
914427,7004281,5040,2026-05-13 20:08:18,6,110,PICKUP,36.8,STD
913572,7004040,5006,2026-05-13 17:08:52,1,126,DEPART,6.15,SDD
913606,7004053,5012,2026-05-13 18:12:06,9,105,DEPART,42.43,STD
913433,7003993,5104,2026-05-13 08:53:50,4,113,PICKUP,30.07,SDD
914323,7004258,5092,2026-05-13 18:15:44,2,115,DEPART,0.98,EXP
914311,7004256,5033,2026-05-13 15:35:11,4,124,PICKUP,2.26,SDD
914068,7004189,5135,2026-05-13 13:19:54,9,,OUT_FOR_DELIVERY,9.49,STD
913465,7004000,5016,2026-05-13 17:41:58,8,122,DEPART,19.09,SDD
913687,7004077,5166,2026-05-13 21:08:59,1,139,depart,5.17,STD
913703,7004080,5052,2026-05-13 18:49:07,4,135,ARRIVE,28.07,STD
913419,7003990,5019,2026-05-13 13:14:34,1,139,FAILED,15.08,SDD
913877,7004136,5013,2026-05-13 20:00:40,2,103,OUT_FOR_DELIVERY,24.43,EXP
914250,7004239,5193,2026-05-13 09:36:32,9,126,DEPART,45.33,STD
914299,7004252,5119,2026-05-13 16:35:18,9,114,PICKUP,1.02,EXP
913803,7004108,5057,2026-05-13 11:36:23,3,110,OUT_FOR_DELIVERY,24.63,STD
914264,7004243,5155,2026-05-13 09:32:15,3,132,FAILED,"19,16",SDD
913547,7004031,5105,13/05/2026 07:21,1,101,OUT_FOR_DELIVERY,14.69,STD
913647,7004063,5076,2026-05-13 20:54:53,5,126,OUT_FOR_DELIVERY,"39,28",EXP
913958,7004160,5154,2026-05-13 16:06:16,9,131,DELIVERED,,STD
913778,7004103,5054,2026-05-13 17:28:40,8,119,PICKUP,10.97,STD
913577,7004043,5136,2026-05-13 17:44:06,10,102,FAILED,"5,21",STD
914463,7004290,5193,2026-05-13 19:28:56,9,136,DEPART,,EXP
913374,7003978,5125,2026-05-13 07:51:26,6,116,DELIVERED,31.53,EXP
914487,7004298,5104,2026-05-13 15:55:21,7,130,FAILED,7.51,SDD
913560,7004037,5057,2026-05-13 12:33:56,6,114,FAILED,15.88,ECO
914486,7004298,5124,2026-05-13 08:14:27,8,106,DELIVERED,45.55,EXP
913823,7004115,5147,2026-05-13 14:02:06,10,115,PICKUP,11.54,STD
913958,7004160,5154,2026-05-13 16:06:16,9,131,DELIVERED,,STD
914373,7004268,5019,2026-05-13 16:53:34,3,120,FAILED,34.98,ECO
914061,7004188,5017,2026-05-13 17:41:16,7,108,PICKUP,30.05,SDD
913985,7004167,5032,2026-05-13 18:36:20,4,116,FAILED,20.93,ECO
914327,7004258,5149,2026-05-13 21:27:23,4,114,ARRIVE,21.22,SDD
913442,7003996,5172,2026-05-13 10:08:34,9,110,DEPART,16.89,SDD
914495,7004301,5005,2026-05-13 13:53:20,7,119,FAILED,41.36,EXP
913675,7004076,5054,2026-05-13 14:08:34,9,115,FAILED,42.1,EXP
913858,7004128,5126,2026-05-13 15:56:59,6,123,ARRIVE,27.3,STD
914565,7004332,5147,2026-05-13 14:45:58,8,115,DELIVERED,15.53,EXP
914143,7004212,5155,2026-05-13 11:30:47,2,117,PICKUP,10.63,SDD
913743,7004093,5060,2026-05-13 17:59:56,2,101,DEPART,30.63,STD
914423,7004281,5019,2026-05-13 18:28:42,1,111,OUT_FOR_DELIVERY,8.76,SDD
913728,7004088,5110,2026-05-13 12:00:36,4,107,ARRIVE,22.8,STD
914019,7004175,5088,2026-05-13 10:32:25,9,123,DELIVERED,27.81,ECO
914001,7004171,5099,2026-05-13 06:00:47,1,126,DELIVERED,19.78,STD
913375,7003978,5025,13/05/2026 11:16,7,120,FAILED,39.72,STD
914049,7004184,5099,2026-05-13 20:21:51,1,110,DELIVERED,33.8,EXP
914055,7004184,5098,2026-05-13 14:23:46,1,101,DELIVERED,28.39,STD
914382,7004269,5094,13/05/2026 17:43,3,118,OUT_FOR_DELIVERY,14.92,ECO
914511,7004307,5019,2026-05-13 06:38:44,3,126,arrive,9.43,ECO
913490,7004009,5044,2026-05-13 12:39:18,10,110,FAILED,"25,36",EXP
914049,7004184,5099,2026-05-13 20:21:51,1,110,DELIVERED,33.8,EXP
914472,7004293,5120,2026-05-13 14:14:29,5,103,DEPART,38.01,SDD
914465,7004291,5154,2026-05-13 17:37:52,2,131,DEPART,38.43,ECO
914052,7004184,5114,2026-05-13 17:18:47,3,130,DEPART,6.53,ECO
913787,7004106,5075,2026-05-13 18:23:09,5,114,ARRIVE,30.48,SDD
913724,7004088,5002,2026-05-13 18:59:21,1,129,ARRIVE,607.86,EXP
913762,7004099,5010,2026-05-13 14:12:04,99,112,DEPART,23.9,EXP
913418,7003990,5072,2026-05-13 18:06:58,2,112,PICKUP,33.35,STD
914554,7004328,5144,13/05/2026 21:53,3,134,ARRIVE,8.45,EXP
913628,7004057,5145,2026-05-13 07:43:05,5,125,OUT_FOR_DELIVERY,45.93,STD
913458,7003998,5039,2026-05-13 15:24:39,6,132,OUT_FOR_DELIVERY,15.96,STD
913878,7004137,5015,2026-05-13 20:07:53,4,115,OUT_FOR_DELIVERY,17.78,ECO
913533,7004024,5117,2026-05-13 08:03:55,3,135,OUT_FOR_DELIVERY,"10,19",SDD
913736,7004093,5184,2026-05-13 21:44:04,9,101,PICKUP,23.77,EXP
914270,7004244,5191,2026-05-13 12:13:39,10,138,DELIVERED,44.22,ECO
913729,7004089,5117,2026-05-13 20:14:38,3,109,DELIVERED,31.87,EXP
913815,7004111,5059,2026-05-13 06:07:34,7,102,FAILED,12.88,SDD
914132,7004208,5145,2026-05-13 06:53:56,10,125,ARRIVE,9.05,EXP
913964,7004161,5177,13/05/2026 18:30,7,132,DELIVERED,25.02,ECO
914046,7004183,5082,2026-05-13 07:43:46,7,130,failed,8.1,SDD
914383,7004269,5172,2026-05-13 18:03:38,9,106,ARRIVE,45.19,EXP
913351,7003968,5157,2026-05-13 18:38:26,7,110,DEPART,4.58,STD
913729,7004089,5117,2026-05-13 20:14:38,3,109,DELIVERED,31.87,EXP
913380,7003980,5053,2026-05-13 13:05:05,8,104,DELIVERED,5.98,ECO
913630,7004057,5143,2026-05-13 07:27:53,4,107,FAILED,38.09,SDD
913771,7004103,5135,2026-05-13 16:43:07,8,124,ARRIVE,36.56,STD
914100,7004198,5056,2026-05-13 08:42:16,2,111,PICKUP,41.0,STD
913971,7004163,5103,2026-05-13 18:22:12,10,116,DEPART,27.68,SDD
913566,7004038,5099,2026-05-13 12:35:40,8,109,pickup,30.27,STD
914091,7004194,5163,2026-05-13 20:47:06,7,130,ARRIVE,43.9,EXP
913544,7004029,5024,2026-05-13 16:15:49,4,103,DEPART,40.42,STD
914086,7004193,5077,2026-05-13 15:23:23,7,103,FAILED,15.5,ECO
914527,7004314,5100,2026-05-13 08:01:23,8,107,DELIVERED,15.72,STD
913954,7004159,5196,2026-05-13 11:14:00,3,112,DEPART,47.56,EXP
913751,7004094,5100,2026-05-13 15:31:13,9,105,ARRIVE,0.91,EXP
913579,7004043,5097,2026-05-13 10:36:05,7,110,OUT_FOR_DELIVERY,12.78,STD
913874,7004136,5154,2026-05-13 19:17:40,5,106,FAILED,46.38,STD
913438,7003994,5040,2026-05-13 17:03:42,7,131,DEPART,43.07,ECO
913977,7004164,5124,2026-05-13 19:16:53,5,136,FAILED,12.23,STD
913797,7004107,5041,2026-05-13 06:53:04,10,110,DELIVERED,37.57,STD
913472,7004002,5186,2026-05-13 15:53:49,6,106,OUT_FOR_DELIVERY,28.17,STD
913956,7004160,5184,2026-05-13 15:07:56,7,102,FAILED,21.17,STD
913957,7004160,5095,2026-05-13 06:48:36,4,111,ARRIVE,36.26,EXP
913321,7003961,5196,2026-05-13 18:16:00,8,116,DEPART,28.12,EXP
913929,7004154,5028,2026-05-13 21:08:42,3,137,FAILED,21.49,EXP
914116,7004205,5190,2026-05-13 10:21:28,4,106,DEPART,36.95,ECO
914318,7004257,5191,2026-05-13 16:46:33,8,102,arrive,11.32,EXP
913831,7004120,5158,2026-05-13 09:32:20,8,130,FAILED,14.5,EXP
914319,7004258,5033,2026-05-13 06:04:21,7,137,OUT_FOR_DELIVERY,34.51,ECO
914361,7004266,5175,2026-05-13 16:54:22,5,129,OUT_FOR_DELIVERY,44.89,EXP
914122,7004205,5171,2026-05-13 14:53:21,10,136,ARRIVE,2.14,STD
913869,7004132,5196,2026-05-13 16:00:51,1,105,DEPART,27.47,SDD
913372,7003977,5179,2026-05-13 19:27:38,10,103,ARRIVE,20.79,STD
914101,7004199,5030,2026-05-13 06:19:40,4,140,ARRIVE,36.53,ECO
914336,7004261,5135,2026-05-13 11:51:10,5,127,ARRIVE,46.79,EXP
914487,7004298,5104,2026-05-13 15:55:21,7,130,FAILED,7.51,SDD
914293,7004250,5127,2026-05-13 11:39:22,5,136,FAILED,40.69,ECO
913870,7004133,5070,2026-05-13 15:52:17,2,132,PICKUP,24.58,SDD
913909,7004148,5066,2026-05-13 18:29:48,7,136,ARRIVE,0.72,SDD
914204,7004226,5131,2026-05-13 14:45:55,3,133,DELIVERED,21.83,STD
913560,7004037,5057,2026-05-13 12:33:56,6,114,FAILED,15.88,ECO
914354,7004266,5163,2026-05-13 12:57:10,6,107,DEPART,35.51,SDD
914110,7004201,5055,2026-05-13 13:01:10,4,123,PICKUP,31.03,ECO
913916,7004149,5056,2026-05-13 12:15:27,8,103,DEPART,10.06,SDD
914564,7004332,5186,2026-05-13 13:18:26,8,139,delivered,19.13,ECO
913348,7003967,5074,2026-05-13 20:14:05,8,102,OUT_FOR_DELIVERY,24.09,STD
913882,7004139,5164,2026-05-13 12:34:46,6,107,pickup,2.17,SDD
914040,7004179,5054,2026-05-13 12:36:35,3,122,ARRIVE,24.64,EXP
913861,7004130,5004,2026-05-13 14:43:25,1,134,FAILED,13.95,SDD
913642,7004060,5112,2026-05-13 12:10:11,5,128,DEPART,"40,43",SDD
914428,7004282,5125,2026-05-13 16:31:41,10,133,OUT_FOR_DELIVERY,9.8,STD
913975,7004163,5058,2026-05-13 13:43:37,10,126,DELIVERED,41.76,STD
913383,7003980,5140,2026-05-13 07:37:56,7,102,FAILED,35.29,EXP
914477,7004295,5150,2026-05-13 10:02:14,3,105,FAILED,28.14,ECO
913456,7003998,5110,2026-05-13 16:47:30,4,136,DELIVERED,6.13,SDD
913989,7004168,5173,2026-05-13 06:04:36,9,104,ARRIVE,6.65,SDD
914198,7004226,5141,2026-05-13 10:02:38,1,127,PICKUP,33.53,ECO
913785,7004106,5016,2026-05-13 19:48:59,9,130,ARRIVE,45.79,ECO
914480,7004295,5200,2026-05-13 06:38:21,1,115,ARRIVE,20.86,SDD
913367,7003974,5079,2026-05-13 12:56:48,7,118,ARRIVE,35.88,EXP
914225,7004233,5017,2026-05-13 08:10:43,3,111,DELIVERED,26.52,SDD
914477,7004295,5150,2026-05-13 10:02:14,3,105,FAILED,28.14,ECO
914164,7004217,5027,2026-05-13 12:10:28,2,128,FAILED,41.19,SDD
914194,7004225,5194,2026-05-13 20:19:33,3,110,DELIVERED,42.27,EXP
913501,7004014,5137,2026-05-13 14:23:13,1,117,ARRIVE,13.27,SDD
913415,7003989,5167,2026-05-13 18:39:17,10,133,PICKUP,13.99,ECO
913545,7004030,5138,2026-05-13 07:20:19,3,140,OUT_FOR_DELIVERY,12.75,STD
914403,7004275,5141,2026-05-13 15:36:35,7,121,PICKUP,44.57,ECO
913678,7004077,5085,2026-05-13 09:34:13,6,127,DEPART,4.68,SDD
914565,7004332,5147,2026-05-13 14:45:58,8,115,DELIVERED,15.53,EXP
914461,7004290,5070,2026-05-13 08:51:45,4,106,DELIVERED,5.27,ECO
914417,7004278,5147,2026-05-13 14:53:12,7,118,DEPART,27.46,ECO
914440,7004285,5083,2026-05-13 12:42:13,2,134,DELIVERED,46.22,EXP
914269,7004243,5181,2026-05-13 18:21:04,6,127,ARRIVE,22.52,EXP
914307,7004255,5101,2026-05-13 14:52:29,3,123,DEPART,23.44,STD
914099,7004198,5023,2026-05-13 21:09:43,1,118,DELIVERED,42.43,STD
913805,7004109,5188,2026-05-13 10:11:30,10,123,OUT_FOR_DELIVERY,25.7,STD
914106,7004200,5096,2026-05-13 08:12:53,10,133,PICKUP,27.02,ECO
913758,7004097,5199,2026-05-13 16:52:40,1,113,FAILED,1.4,STD
914290,7004250,5193,13/05/2026 15:55,1,103,FAILED,31.21,SDD
913515,7004020,5033,2026-05-13 10:24:16,2,117,OUT_FOR_DELIVERY,24.5,EXP
913801,7004108,5035,2026-05-13 08:18:18,1,114,DELIVERED,28.22,STD
913561,7004037,5107,2026-05-13 17:29:40,8,119,DELIVERED,5.88,EXP
914409,7004275,5188,2026-05-13 14:14:42,5,132,ARRIVE,14.49,ECO
914578,7004336,5112,2026-05-13 20:57:45,2,128,PICKUP,5.5,SDD
914350,7004265,5085,2026-05-13 16:24:41,8,136,DEPART,29.66,STD
914154,7004215,5094,2026-05-13 19:58:27,7,102,PICKUP,24.63,ECO
914035,7004178,5132,2026-05-13 08:35:19,2,138,DELIVERED,20.37,ECO
914492,7004299,5079,2026-05-13 21:27:11,4,134,ARRIVE,3.87,STD
913750,7004094,5134,2026-05-13 09:08:47,3,135,PICKUP,45.87,ECO
913968,7004162,5012,13/05/2026 09:58,10,128,DEPART,16.25,SDD
914391,7004271,5167,2026-05-13 11:39:15,7,133,PICKUP,14.78,ECO
913594,7004050,5155,2026-05-13 06:31:41,9,126,PICKUP,4.82,STD
913677,7004077,5057,2026-05-13 11:49:30,3,121,OUT_FOR_DELIVERY,40.56,STD
913932,7004155,5146,2026-05-13 13:58:58,1,,ARRIVE,12.58,SDD
913846,7004123,5076,2026-05-13 17:17:10,4,122,FAILED,6.49,SDD
914334,7004260,5090,2026-05-13 14:20:46,2,123,OUT_FOR_DELIVERY,47.91,SDD
913759,7004097,5153,2026-05-13 12:39:45,4,107,out_for_delivery,0.64,ECO
913994,7004168,5180,2026-05-13 11:15:08,1,101,DELIVERED,45.5,ECO
913869,7004132,5196,2026-05-13 16:00:51,1,105,DEPART,27.47,SDD
914069,7004190,5065,2026-05-13 09:20:29,2,135,FAILED,32.62,ECO
913918,7004150,5021,2026-05-13 06:01:37,4,119,DEPART,14.98,SDD
914467,7004292,5004,2026-05-13 10:40:49,7,140,PICKUP,43.15,ECO
913676,7004076,5061,2026-05-13 17:10:42,10,107,FAILED,11.25,SDD
913331,7003963,5029,2026-05-13 18:47:47,6,108,DEPART,25.83,EXP
913598,7004052,5136,2026-05-13 13:16:48,4,119,OUT_FOR_DELIVERY,22.22,ECO
914260,7004241,5051,2026-05-13 17:33:43,9,110,OUT_FOR_DELIVERY,19.21,STD
913368,7003974,5116,2026-05-13 21:08:39,9,120,DELIVERED,32.56,SDD
913615,7004054,5024,2026-05-13 11:25:15,7,134,OUT_FOR_DELIVERY,31.16,STD
913425,7003992,5072,2026-05-13 14:40:39,10,120,DELIVERED,37.62,EXP
914352,7004266,5027,2026-05-13 07:48:54,2,116,DEPART,37.05,SDD
914296,7004252,5033,2026-05-13 16:23:45,3,122,ARRIVE,34.18,SDD
913838,7004121,5151,2026-05-13 19:28:42,2,104,OUT_FOR_DELIVERY,4.4,SDD
913603,7004053,5046,2026-05-13 11:18:25,4,103,ARRIVE,45.3,SDD
913824,7004116,5014,2026-05-13 12:07:43,6,128,DEPART,40.78,STD
914264,7004243,5155,2026-05-13 09:32:15,3,132,FAILED,"19,16",SDD
914271,7004244,5171,2026-05-13 19:05:35,5,132,PICKUP,27.02,EXP
913664,7004073,5122,2026-05-13 13:07:38,3,133,ARRIVE,11.34,STD
913980,7004165,5090,2026-05-13 12:46:51,9,108,FAILED,9.72,SDD
914396,7004273,5071,2026-05-13 08:39:08,8,138,FAILED,46.92,SDD
914126,7004208,5018,2026-05-13 17:15:27,8,124,ARRIVE,"37,46",ECO
914360,7004266,5177,2026-05-13 13:56:20,7,114,DEPART,19.49,SDD
914283,7004248,5125,2026-05-13 10:40:08,4,118,OUT_FOR_DELIVERY,9.54,EXP
914100,7004198,5056,2026-05-13 08:42:16,2,111,PICKUP,41.0,STD
913654,7004066,5089,2026-05-13 10:48:14,8,102,ARRIVE,47.56,ECO
914463,7004290,5193,2026-05-13 19:28:56,9,136,DEPART,,EXP
913747,7004093,5098,2026-05-13 13:44:24,9,126,DEPART,11.76,ECO
914160,7004217,5171,2026-05-13 08:22:29,8,121,OUT_FOR_DELIVERY,23.4,ECO
914558,7004328,5175,2026-05-13 07:57:18,2,138,pickup,27.87,ECO
914179,7004222,5098,2026-05-13 18:46:10,2,119,DELIVERED,30.03,ECO
913671,7004074,5066,2026-05-13 06:51:36,7,105,ARRIVE,47.41,STD
913680,7004077,5135,2026-05-13 17:04:21,3,128,DEPART,40.63,EXP
914489,7004299,5171,2026-05-13 06:19:01,5,113,OUT_FOR_DELIVERY,39.25,ECO
913681,7004077,5030,2026-05-13 18:57:10,1,109,PICKUP,"37,23",ECO
914163,7004217,5076,2026-05-13 08:31:19,5,125,PICKUP,15.6,EXP
913942,7004157,5157,13/05/2026 17:56,10,112,DELIVERED,44.2,SDD
914088,7004193,5019,2026-05-13 20:38:49,8,139,DELIVERED,38.91,SDD
913494,7004011,5180,2026-05-13 09:05:32,6,121,ARRIVE,24.25,SDD
913605,7004053,5190,2026-05-13 15:13:50,1,108,FAILED,22.75,ECO
914256,7004241,5027,2026-05-13 08:52:07,1,135,FAILED,29.47,SDD
914162,7004217,5199,2026-05-13 16:19:41,3,118,ARRIVE,45.71,STD
914266,7004243,5081,2026-05-13 06:54:06,10,116,DEPART,15.19,ECO
914009,7004173,5155,2026-05-13 11:04:54,3,106,ARRIVE,19.32,STD
913578,7004043,5021,2026-05-13 09:32:33,10,114,DEPART,20.27,EXP
913721,7004087,5108,2026-05-13 06:20:07,9,124,OUT_FOR_DELIVERY,47.18,STD
914005,7004173,5093,13/05/2026 11:05,7,127,OUT_FOR_DELIVERY,29.32,STD
913344,7003966,5039,2026-05-13 11:12:23,3,134,DELIVERED,41.62,EXP
913867,7004132,5055,2026-05-13 06:53:30,99,131,PICKUP,39.74,EXP
914567,7004332,5109,2026-05-13 20:50:01,2,140,PICKUP,37.64,ECO
914275,7004244,5195,2026-05-13 18:27:32,9,137,OUT_FOR_DELIVERY,10.15,ECO
913570,7004040,5162,2026-05-13 06:01:28,10,130,DELIVERED,33.33,EXP
913811,7004111,5136,2026-05-13 17:21:55,4,113,FAILED,40.01,ECO
914385,7004269,5140,2026-05-13 07:45:46,2,140,OUT_FOR_DELIVERY,"28,67",SDD
913880,7004138,5011,2026-05-13 07:26:42,2,118,FAILED,23.52,STD
913826,7004118,5054,2026-05-13 07:02:54,5,105,OUT_FOR_DELIVERY,31.71,SDD
913626,7004056,5192,2026-05-13 10:05:56,7,105,ARRIVE,30.61,ECO
914425,7004281,5115,2026-05-13 13:33:39,9,117,DEPART,29.66,SDD
914470,7004292,5088,2026-05-13 17:26:37,9,103,DELIVERED,21.01,ECO
914015,7004174,5183,2026-05-13 13:24:49,4,131,FAILED,17.31,STD
914496,7004301,5104,2026-05-13 07:36:48,3,124,DELIVERED,46.62,ECO
914564,7004332,5186,2026-05-13 13:18:26,8,139,delivered,19.13,ECO
913330,7003963,5108,2026-05-13 10:42:15,5,129,FAILED,46.12,EXP
913739,7004093,5164,2026-05-13 21:45:59,2,102,ARRIVE,6.38,ECO
913421,7003990,5003,2026-05-13 15:58:44,1,133,ARRIVE,12.88,EXP
913521,7004020,5160,2026-05-13 10:58:16,4,137,DEPART,44.25,ECO
914297,7004252,5024,2026-05-13 11:06:14,1,138,OUT_FOR_DELIVERY,47.88,STD
914462,7004290,5028,2026-05-13 13:17:56,9,124,OUT_FOR_DELIVERY,9.91,STD
913908,7004148,5170,2026-05-13 15:00:05,3,125,FAILED,11.94,SDD
914131,7004208,5188,2026-05-13 18:37:06,10,132,out_for_delivery,35.0,ECO
913326,7003962,5120,2026-05-13 15:58:08,4,116,DELIVERED,28.49,SDD
914224,7004233,5126,2026-05-13 20:19:06,5,108,PICKUP,39.78,EXP
914469,7004292,5029,2026-05-13 14:28:51,10,126,DEPART,38.49,EXP
913892,7004144,5167,2026-05-13 14:02:58,7,107,FAILED,19.12,STD
913697,7004079,5094,2026-05-13 08:45:10,9,135,OUT_FOR_DELIVERY,18.21,ECO
913806,7004110,5139,2026-05-13 06:35:03,4,131,FAILED,30.02,EXP
914169,7004220,5153,2026-05-13 07:35:18,5,103,DEPART,21.47,EXP
913822,7004114,5014,2026-05-13 18:19:04,1,134,PICKUP,38.03,SDD
913695,7004079,5059,2026-05-13 06:35:00,10,112,DELIVERED,31.2,SDD
914256,7004241,5027,2026-05-13 08:52:07,1,135,FAILED,29.47,SDD
913627,7004057,5016,2026-05-13 21:28:44,1,108,PICKUP,29.46,ECO
914108,7004200,5195,2026-05-13 11:22:50,4,121,ARRIVE,39.85,ECO
914404,7004275,5158,2026-05-13 20:27:05,7,111,ARRIVE,26.93,ECO
913850,7004123,5053,2026-05-13 19:14:05,5,118,DELIVERED,16.07,ECO
913961,7004161,5115,2026-05-13 18:43:25,10,119,PICKUP,20.2,ECO
913609,7004053,5110,2026-05-13 08:11:15,10,124,out_for_delivery,10.15,EXP
913336,7003965,5044,2026-05-13 19:21:13,3,139,DELIVERED,34.96,ECO
914372,7004268,5173,2026-05-13 08:15:55,5,115,FAILED,11.42,SDD
914253,7004241,5093,2026-05-13 12:49:59,2,104,ARRIVE,5.52,ECO
913352,7003968,5071,2026-05-13 16:22:44,1,126,PICKUP,35.95,ECO
913818,7004111,5162,2026-05-13 06:39:31,7,105,PICKUP,3.18,SDD
914325,7004258,5042,2026-05-13 14:21:23,4,138,OUT_FOR_DELIVERY,41.91,ECO
913346,7003966,5162,2026-05-13 15:39:58,7,129,DEPART,0.39,STD
913572,7004040,5006,2026-05-13 17:08:52,1,126,DEPART,6.15,SDD
913382,7003980,5158,2026-05-13 08:53:06,4,111,DEPART,27.72,ECO
913655,7004067,5100,2026-05-13 06:10:25,3,128,OUT_FOR_DELIVERY,15.82,SDD
913334,7003964,5183,2026-05-13 09:13:03,6,119,DEPART,28.6,STD
913540,7004027,5127,2026-05-13 16:31:45,6,113,DEPART,17.59,ECO
913868,7004132,5005,2026-05-13 12:52:42,3,110,DELIVERED,20.3,EXP
914242,7004238,5113,13/05/2026 12:59,2,103,FAILED,39.98,SDD
914558,7004328,5175,2026-05-13 07:57:18,2,138,pickup,27.87,ECO
914577,7004335,5035,2026-05-13 11:00:03,1,111,DEPART,8.44,EXP
913829,7004120,5164,2026-05-13 17:36:03,1,113,DEPART,31.28,EXP
914273,7004244,5044,2026-05-13 12:37:28,8,118,PICKUP,21.81,STD
913814,7004111,5198,2026-05-13 08:01:17,3,106,delivered,19.67,EXP
914012,7004174,5140,13/05/2026 21:07,9,101,PICKUP,14.28,ECO
913990,7004168,5181,2026-05-13 14:58:50,10,126,OUT_FOR_DELIVERY,9.34,STD
914104,7004199,5181,2026-05-13 19:16:37,6,121,OUT_FOR_DELIVERY,7.01,SDD
914563,7004331,5137,2026-05-13 19:46:04,5,137,ARRIVE,15.23,EXP
913940,7004157,5062,2026-05-13 14:50:03,6,125,FAILED,43.62,STD
913716,7004085,5061,2026-05-13 13:04:11,8,108,OUT_FOR_DELIVERY,2.31,SDD
913875,7004136,5181,2026-05-13 07:38:16,4,126,ARRIVE,11.88,SDD
913364,7003973,5182,2026-05-13 21:35:59,9,118,ARRIVE,12.05,STD
913682,7004077,5097,2026-05-13 08:10:37,5,110,DEPART,42.8,EXP
913859,7004129,5056,2026-05-13 17:45:44,8,103,OUT_FOR_DELIVERY,13.77,ECO
913890,7004143,5004,2026-05-13 14:05:55,7,101,PICKUP,9.89,STD
914031,7004177,5188,2026-05-13 14:54:09,4,117,DELIVERED,7.4,ECO
914230,7004235,5173,2026-05-13 08:06:41,6,126,ARRIVE,8.23,STD
913894,7004145,5038,2026-05-13 16:41:23,5,109,FAILED,14.37,ECO
914051,7004184,5166,2026-05-13 17:24:24,3,103,OUT_FOR_DELIVERY,3.4,EXP
913819,7004112,5060,2026-05-13 12:20:23,9,126,FAILED,25.88,STD
913988,7004167,5163,2026-05-13 06:49:12,10,111,ARRIVE,25.36,ECO
913885,7004141,5143,2026-05-13 07:11:13,4,116,FAILED,26.24,ECO
914055,7004184,5098,2026-05-13 14:23:46,1,101,DELIVERED,28.39,STD
913629,7004057,5096,2026-05-13 11:46:56,9,116,DELIVERED,41.23,SDD
913644,7004061,5008,2026-05-13 15:26:01,7,137,PICKUP,25.24,SDD
913564,7004038,5058,2026-05-13 11:39:22,7,122,OUT_FOR_DELIVERY,32.42,ECO
913373,7003977,5199,2026-05-13 15:44:18,2,101,DELIVERED,19.16,SDD
913329,7003963,5097,2026-05-13 17:26:19,2,126,ARRIVE,36.75,ECO
913772,7004103,5002,2026-05-13 07:43:54,4,107,DEPART,37.93,ECO
914354,7004266,5163,2026-05-13 12:57:10,6,107,DEPART,35.51,SDD
914178,7004222,5161,2026-05-13 11:06:45,5,131,PICKUP,8.56,EXP
913644,7004061,5008,2026-05-13 15:26:01,7,137,PICKUP,25.24,SDD
914123,7004206,5140,2026-05-13 20:13:41,10,136,ARRIVE,29.01,EXP
913355,7003970,5089,2026-05-13 10:59:07,7,102,ARRIVE,654.51,STD
914173,7004221,5174,2026-05-13 07:54:23,3,114,OUT_FOR_DELIVERY,45.27,SDD
913565,7004038,5200,2026-05-13 12:50:01,6,114,OUT_FOR_DELIVERY,26.35,STD
914350,7004265,5085,2026-05-13 16:24:41,8,136,DEPART,29.66,STD
914394,7004273,5104,2026-05-13 20:37:03,1,129,OUT_FOR_DELIVERY,9.11,ECO
913378,7003979,5052,2026-05-13 06:47:06,9,139,OUT_FOR_DELIVERY,26.49,ECO
913645,7004062,5134,2026-05-13 20:28:29,10,118,DEPART,36.55,SDD
913758,7004097,5199,2026-05-13 16:52:40,1,113,FAILED,1.4,STD
913799,7004108,5114,2026-05-13 13:38:23,2,139,ARRIVE,40.62,SDD
914418,7004279,5129,2026-05-13 08:20:15,1,121,FAILED,16.82,STD
914108,7004200,5195,2026-05-13 11:22:50,4,121,ARRIVE,39.85,ECO
913345,7003966,5056,2026-05-13 08:34:14,9,126,OUT_FOR_DELIVERY,,STD
913965,7004161,5169,2026-05-13 07:01:41,3,127,DELIVERED,12.94,EXP
914266,7004243,5081,2026-05-13 06:54:06,10,116,DEPART,15.19,ECO
913717,7004086,5043,2026-05-13 20:25:09,5,120,PICKUP,27.38,EXP
913710,7004084,5145,2026-05-13 14:13:13,6,114,ARRIVE,41.52,EXP
914492,7004299,5079,2026-05-13 21:27:11,4,134,ARRIVE,3.87,STD
913976,7004164,5089,2026-05-13 06:57:31,4,128,ARRIVE,5.77,EXP
914084,7004193,5182,2026-05-13 06:31:56,2,128,OUT_FOR_DELIVERY,23.19,EXP
913994,7004168,5180,2026-05-13 11:15:08,1,101,DELIVERED,45.5,ECO
913881,7004139,5176,2026-05-13 09:46:02,9,139,ARRIVE,,ECO
913504,7004014,5177,2026-05-13 21:46:50,1,120,DEPART,2.72,ECO
914321,7004258,5110,2026-05-13 09:04:43,8,132,FAILED,11.25,SDD
914549,7004326,5031,2026-05-13 07:17:46,9,110,FAILED,25.65,STD
914479,7004295,5150,2026-05-13 20:31:31,9,135,FAILED,4.72,EXP
914462,7004290,5028,2026-05-13 13:17:56,9,124,OUT_FOR_DELIVERY,9.91,STD
913530,7004024,5195,2026-05-13 06:03:13,6,128,DEPART,29.58,ECO
913550,7004031,5191,2026-05-13 11:25:13,1,128,FAILED,1.04,STD
913903,7004146,5100,2026-05-13 20:26:48,7,125,DEPART,30.56,STD
914166,7004218,5030,2026-05-13 20:03:37,1,112,pickup,28.02,ECO
914001,7004171,5099,2026-05-13 06:00:47,1,126,DELIVERED,19.78,STD
913998,7004169,5058,2026-05-13 15:48:38,8,107,DEPART,"34,02",ECO
913508,7004016,5051,2026-05-13 14:56:03,10,107,DELIVERED,32.5,EXP
913544,7004029,5024,2026-05-13 16:15:49,4,103,DEPART,40.42,STD
913738,7004093,5093,2026-05-13 07:21:56,5,129,ARRIVE,26.73,EXP
913817,7004111,5144,2026-05-13 14:04:10,5,115,DEPART,42.35,EXP
914468,7004292,5168,2026-05-13 06:51:41,10,101,OUT_FOR_DELIVERY,22.31,EXP
913416,7003989,5013,2026-05-13 09:23:09,10,132,DELIVERED,29.17,SDD
914258,7004241,5089,2026-05-13 19:13:41,8,113,DELIVERED,37.91,ECO
914196,7004225,5200,2026-05-13 06:06:32,3,109,DEPART,27.44,EXP
914213,7004230,5167,2026-05-13 08:06:25,10,106,ARRIVE,30.07,STD
914137,7004209,5078,2026-05-13 18:02:45,1,117,PICKUP,40.67,SDD
914289,7004250,5021,2026-05-13 07:08:56,9,128,DELIVERED,14.04,ECO
914190,7004225,5104,2026-05-13 06:11:44,6,114,FAILED,40.98,EXP
913463,7003998,5138,2026-05-13 16:17:59,6,131,DEPART,1.36,EXP
914153,7004214,5157,2026-05-13 08:49:08,4,106,OUT_FOR_DELIVERY,23.49,ECO
914158,7004216,5184,2026-05-13 11:21:34,9,117,OUT_FOR_DELIVERY,0.68,EXP
913981,7004166,5061,2026-05-13 17:29:30,9,108,DEPART,10.93,ECO
913356,7003971,5146,2026-05-13 21:24:10,4,124,DELIVERED,42.38,EXP
913384,7003980,5097,2026-05-13 15:06:34,10,129,DEPART,15.73,ECO
914514,7004309,5165,2026-05-13 17:38:39,7,138,ARRIVE,44.52,ECO
914377,7004269,5094,2026-05-13 07:11:18,4,121,OUT_FOR_DELIVERY,32.01,EXP
913392,7003982,5011,2026-05-13 15:39:02,8,132,OUT_FOR_DELIVERY,28.26,ECO
913997,7004169,5052,2026-05-13 17:51:52,1,129,ARRIVE,8.29,SDD
913505,7004014,5124,2026-05-13 18:17:56,3,111,PICKUP,13.49,EXP
913376,7003979,5073,2026-05-13 19:41:41,7,109,PICKUP,15.53,ECO
914557,7004328,5069,2026-05-13 21:09:39,8,116,FAILED,36.65,EXP
913471,7004002,5148,2026-05-13 20:14:33,10,140,ARRIVE,23.77,STD
914453,7004288,5028,2026-05-13 18:55:03,1,136,OUT_FOR_DELIVERY,3.2,EXP
913429,7003992,5075,2026-05-13 13:12:20,6,114,PICKUP,36.74,EXP
914192,7004225,5178,2026-05-13 12:15:02,10,115,DELIVERED,23.99,EXP
914369,7004268,5182,2026-05-13 19:20:22,4,134,FAILED,26.89,STD
914415,7004277,5183,2026-05-13 09:24:33,9,123,FAILED,24.65,ECO
914077,7004191,5037,2026-05-13 15:19:51,9,124,DELIVERED,28.58,SDD
913431,7003992,5074,2026-05-13 15:44:09,8,134,FAILED,15.21,ECO
914483,7004296,5115,2026-05-13 19:44:31,7,,DELIVERED,45.97,STD
913612,7004053,5180,2026-05-13 13:40:02,3,101,FAILED,43.31,ECO
914330,7004259,5101,2026-05-13 07:41:24,5,108,PICKUP,14.05,EXP
914075,7004190,5144,2026-05-13 11:03:55,5,112,DELIVERED,2.69,STD
913819,7004112,5060,2026-05-13 12:20:23,9,126,FAILED,25.88,STD
914551,7004327,5130,2026-05-13 17:38:15,10,107,OUT_FOR_DELIVERY,12.75,SDD
914156,7004216,5044,2026-05-13 18:57:13,2,113,DELIVERED,13.26,EXP
914170,7004220,5006,2026-05-13 06:45:19,3,136,DEPART,44.22,ECO
913397,7003983,5139,2026-05-13 16:27:08,5,120,PICKUP,43.03,SDD
914062,7004189,5166,2026-05-13 18:43:05,6,125,PICKUP,"45,93",EXP
914499,7004303,5149,2026-05-13 07:53:18,6,130,ARRIVE,42.51,SDD
913882,7004139,5164,2026-05-13 12:34:46,6,107,pickup,2.17,SDD
914304,7004253,5153,2026-05-13 19:59:47,5,124,OUT_FOR_DELIVERY,41.36,EXP
913800,7004108,5060,2026-05-13 09:32:52,2,105,DEPART,4.5,SDD
913606,7004053,5012,2026-05-13 18:12:06,9,105,DEPART,42.43,STD
914025,7004177,5038,2026-05-13 16:29:28,4,134,arrive,43.16,ECO
913379,7003980,5153,2026-05-13 10:34:11,5,,ARRIVE,18.49,ECO
913883,7004140,5197,2026-05-13 06:01:10,3,129,PICKUP,47.87,EXP
913491,7004010,5002,2026-05-13 20:20:38,7,124,FAILED,7.48,STD
913841,7004121,5002,2026-05-13 12:13:40,10,122,DEPART,11.78,ECO
914114,7004204,5008,2026-05-13 10:34:42,6,138,DELIVERED,18.25,ECO
913569,7004039,5173,2026-05-13 19:43:32,4,104,PICKUP,24.57,ECO
914455,7004289,5063,2026-05-13 08:18:39,6,105,OUT_FOR_DELIVERY,31.48,SDD
913953,7004158,5006,2026-05-13 11:51:42,9,139,PICKUP,28.67,SDD
913650,7004065,5090,2026-05-13 21:37:54,9,130,FAILED,31.79,STD
913366,7003974,5006,2026-05-13 08:16:41,2,138,DELIVERED,26.5,SDD
914069,7004190,5065,2026-05-13 09:20:29,2,135,FAILED,32.62,ECO
913477,7004005,5179,2026-05-13 18:34:04,7,140,DELIVERED,37.14,ECO
913372,7003977,5179,2026-05-13 19:27:38,10,103,ARRIVE,20.79,STD
913876,7004136,5148,2026-05-13 06:55:01,7,125,FAILED,23.46,STD
914298,7004252,5168,2026-05-13 17:46:53,5,120,DELIVERED,3.71,EXP
914157,7004216,5181,2026-05-13 19:34:29,3,103,FAILED,14.07,STD
913432,7003992,5073,2026-05-13 08:07:08,10,140,DEPART,37.79,SDD
913598,7004052,5136,2026-05-13 13:16:48,4,119,OUT_FOR_DELIVERY,22.22,ECO
913883,7004140,5197,2026-05-13 06:01:10,3,129,PICKUP,47.87,EXP
914293,7004250,5127,2026-05-13 11:39:22,5,136,FAILED,40.69,ECO
913964,7004161,5177,13/05/2026 18:30,7,132,DELIVERED,25.02,ECO
914090,7004193,5140,2026-05-13 17:06:01,5,123,OUT_FOR_DELIVERY,22.53,STD
914025,7004177,5038,2026-05-13 16:29:28,4,134,arrive,43.16,ECO
913915,7004149,5106,2026-05-13 18:47:30,8,108,ARRIVE,12.23,SDD
913449,7003997,5128,13/05/2026 15:09,8,129,OUT_FOR_DELIVERY,11.66,ECO
913631,7004057,5190,2026-05-13 21:39:34,5,109,FAILED,3.1,STD
914471,7004293,5126,13/05/2026 15:39,3,137,OUT_FOR_DELIVERY,41.75,EXP
914473,7004293,5103,2026-05-13 14:32:47,3,133,ARRIVE,,SDD
914118,7004205,5142,2026-05-13 06:52:46,5,116,OUT_FOR_DELIVERY,23.56,ECO
914254,7004241,5163,2026-05-13 06:25:11,10,109,DEPART,0.69,EXP
914183,7004223,5007,2026-05-13 15:30:11,2,116,ARRIVE,27.23,STD
914481,7004295,5002,2026-05-13 10:16:24,5,121,FAILED,29.16,STD
913562,7004037,5043,2026-05-13 21:17:55,2,112,ARRIVE,3.96,SDD
913746,7004093,5109,2026-05-13 17:35:39,3,112,OUT_FOR_DELIVERY,11.32,ECO
913640,7004060,5188,2026-05-13 17:54:09,5,110,PICKUP,40.52,SDD
913720,7004087,5131,2026-05-13 16:56:11,6,103,DEPART,38.36,STD
914402,7004275,5112,2026-05-13 20:11:43,4,135,OUT_FOR_DELIVERY,45.88,STD
914513,7004308,5064,2026-05-13 14:56:53,2,109,FAILED,43.78,ECO
913691,7004078,5059,2026-05-13 15:29:51,2,107,DEPART,29.54,EXP
913861,7004130,5004,2026-05-13 14:43:25,1,134,FAILED,13.95,SDD
913761,7004099,5136,2026-05-13 09:52:34,8,122,FAILED,27.56,ECO
914106,7004200,5096,2026-05-13 08:12:53,10,133,PICKUP,27.02,ECO
914073,7004190,5058,2026-05-13 12:50:47,5,117,DEPART,34.63,STD
913403,7003985,5045,2026-05-13 10:14:47,6,127,ARRIVE,7.21,EXP
914530,7004316,5154,2026-05-13 13:25:04,8,134,FAILED,46.94,SDD
913849,7004123,5004,2026-05-13 11:08:23,9,132,OUT_FOR_DELIVERY,23.0,SDD
913896,7004146,5051,2026-05-13 20:06:23,10,,DEPART,28.29,SDD
914285,7004249,5099,2026-05-13 11:54:54,2,123,PICKUP,47.74,EXP
914392,7004271,5003,2026-05-13 13:07:04,8,131,FAILED,29.63,SDD
914382,7004269,5094,13/05/2026 17:43,3,118,OUT_FOR_DELIVERY,14.92,ECO
913438,7003994,5040,2026-05-13 17:03:42,7,131,DEPART,43.07,ECO
914299,7004252,5119,2026-05-13 16:35:18,9,114,PICKUP,1.02,EXP
913885,7004141,5143,2026-05-13 07:11:13,4,116,FAILED,26.24,ECO
913959,7004161,5021,2026-05-13 21:04:01,1,129,DEPART,797.78,ECO
914268,7004243,5143,2026-05-13 12:21:02,6,132,DELIVERED,11.64,EXP
913628,7004057,5145,2026-05-13 07:43:05,5,125,OUT_FOR_DELIVERY,45.93,STD
913484,7004008,5081,2026-05-13 17:14:48,8,107,DEPART,39.75,EXP
913866,7004132,5050,2026-05-13 20:36:19,9,117,OUT_FOR_DELIVERY,47.18,SDD
913611,7004053,5187,2026-05-13 16:35:26,6,110,OUT_FOR_DELIVERY,20.76,ECO
913435,7003993,5071,2026-05-13 07:23:27,4,120,ARRIVE,38.44,ECO
914520,7004312,5119,2026-05-13 20:33:39,5,116,DEPART,41.47,STD
914141,7004211,5147,2026-05-13 10:01:59,6,111,ARRIVE,13.32,EXP
914566,7004332,5001,2026-05-13 19:23:17,8,110,PICKUP,39.98,EXP
914305,7004254,5187,2026-05-13 07:00:01,8,129,PICKUP,44.93,SDD
913462,7003998,5096,2026-05-13 16:31:21,9,130,FAILED,"6,22",EXP
913614,7004054,5161,2026-05-13 16:42:32,10,118,FAILED,7.01,EXP
914533,7004318,5098,2026-05-13 17:06:22,4,122,OUT_FOR_DELIVERY,30.16,STD
914233,7004237,5018,2026-05-13 06:25:27,8,102,DEPART,41.8,EXP
914294,7004251,5011,2026-05-13 10:53:51,9,105,FAILED,15.0,STD
914521,7004312,5141,2026-05-13 13:24:34,1,129,OUT_FOR_DELIVERY,35.76,EXP
913937,7004156,5154,13/05/2026 14:27,8,122,PICKUP,12.82,STD
914374,7004268,5118,2026-05-13 15:15:21,8,127,OUT_FOR_DELIVERY,9.18,EXP
914310,7004256,5039,2026-05-13 12:42:11,1,123,OUT_FOR_DELIVERY,37.39,EXP
913920,7004151,5114,2026-05-13 14:33:59,4,122,DELIVERED,2.46,SDD
913834,7004120,5023,2026-05-13 08:59:53,9,136,DELIVERED,31.21,SDD
914091,7004194,5163,2026-05-13 20:47:06,7,130,ARRIVE,43.9,EXP
914291,7004250,5161,2026-05-13 20:41:22,6,131,PICKUP,6.61,STD
914114,7004204,5008,2026-05-13 10:34:42,6,138,DELIVERED,18.25,ECO
913491,7004010,5002,2026-05-13 20:20:38,7,124,FAILED,7.48,STD
914124,7004207,5083,2026-05-13 17:29:44,9,120,OUT_FOR_DELIVERY,33.1,EXP
914125,7004207,5006,2026-05-13 16:16:06,1,108,DELIVERED,31.95,SDD
914407,7004275,5091,2026-05-13 07:54:21,8,133,DEPART,44.54,SDD
913631,7004057,5190,2026-05-13 21:39:34,5,109,FAILED,3.1,STD
913849,7004123,5004,2026-05-13 11:08:23,9,132,OUT_FOR_DELIVERY,23.0,SDD
913752,7004094,5128,2026-05-13 21:10:17,4,132,FAILED,46.61,EXP
913984,7004167,5103,2026-05-13 08:31:19,4,135,FAILED,28.25,STD
913506,7004015,5098,2026-05-13 09:06:47,8,108,DELIVERED,26.25,STD
914408,7004275,5117,2026-05-13 10:47:22,3,128,DELIVERED,10.57,ECO
913437,7003994,5161,2026-05-13 10:07:06,1,125,ARRIVE,16.85,SDD
913714,7004085,5046,2026-05-13 06:46:54,4,124,ARRIVE,26.7,ECO
914328,7004259,5108,2026-05-13 13:34:22,10,113,FAILED,44.35,STD
914115,7004204,5168,2026-05-13 16:40:18,9,133,FAILED,33.96,SDD
914545,7004325,5198,2026-05-13 13:17:55,9,110,OUT_FOR_DELIVERY,36.9,EXP
914220,7004232,5110,13/05/2026 16:13,9,127,DEPART,24.25,SDD
913998,7004169,5058,2026-05-13 15:48:38,8,107,DEPART,"34,02",ECO
914420,7004280,5059,2026-05-13 10:30:24,10,124,PICKUP,24.92,SDD
913624,7004056,5043,2026-05-13 16:55:25,5,138,FAILED,2.16,ECO
913389,7003982,5049,2026-05-13 09:24:33,5,110,DELIVERED,21.86,STD
913332,7003963,5002,2026-05-13 16:51:05,8,126,OUT_FOR_DELIVERY,15.17,STD
913626,7004056,5192,2026-05-13 10:05:56,7,105,ARRIVE,30.61,ECO
914003,7004171,5049,2026-05-13 09:27:12,3,118,FAILED,46.47,SDD
913622,7004056,5127,2026-05-13 20:20:57,1,133,DEPART,46.69,SDD
913341,7003966,5056,2026-05-13 07:18:54,3,131,FAILED,22.49,STD
914567,7004332,5109,2026-05-13 20:50:01,2,140,PICKUP,37.64,ECO
914398,7004273,5134,2026-05-13 11:21:09,1,132,DEPART,38.24,EXP
913688,7004078,5097,2026-05-13 17:53:28,2,106,FAILED,30.36,STD
913772,7004103,5002,2026-05-13 07:43:54,4,107,DEPART,37.93,ECO
914185,7004224,5005,2026-05-13 10:34:28,4,116,DELIVERED,9.9,ECO
913651,7004065,5155,2026-05-13 08:15:37,3,137,FAILED,5.24,STD
914371,7004268,5060,2026-05-13 09:29:18,9,123,PICKUP,42.27,EXP
913546,7004030,5045,2026-05-13 13:36:44,10,120,OUT_FOR_DELIVERY,32.87,SDD
914215,7004231,5113,2026-05-13 16:43:01,7,117,DEPART,37.92,ECO
914433,7004283,5022,2026-05-13 20:44:47,2,133,OUT_FOR_DELIVERY,42.75,SDD
913894,7004145,5038,2026-05-13 16:41:23,5,109,FAILED,14.37,ECO
914494,7004301,5090,2026-05-13 19:45:48,1,,PICKUP,24.22,ECO
913410,7003989,5085,2026-05-13 12:14:54,6,133,OUT_FOR_DELIVERY,25.84,ECO
913630,7004057,5143,2026-05-13 07:27:53,4,107,FAILED,38.09,SDD
914431,7004282,5161,2026-05-13 21:05:23,5,119,ARRIVE,32.12,SDD
914510,7004307,5086,2026-05-13 14:52:59,2,139,PICKUP,5.6,ECO
914125,7004207,5006,2026-05-13 16:16:06,1,108,DELIVERED,31.95,SDD
913540,7004027,5127,2026-05-13 16:31:45,6,113,DEPART,17.59,ECO
914097,7004197,5063,2026-05-13 12:29:02,9,134,OUT_FOR_DELIVERY,5.18,SDD
913463,7003998,5138,2026-05-13 16:17:59,6,131,DEPART,1.36,EXP
914032,7004177,5133,2026-05-13 11:19:37,4,109,PICKUP,36.41,STD
914039,7004179,5058,2026-05-13 16:31:55,3,118,ARRIVE,47.91,ECO
914341,7004262,5027,2026-05-13 07:34:21,5,134,DEPART,3.58,ECO
913416,7003989,5013,2026-05-13 09:23:09,10,132,DELIVERED,29.17,SDD
913318,7003958,5130,2026-05-13 07:07:22,5,133,FAILED,33.85,STD
913790,7004106,5149,2026-05-13 07:15:25,3,132,ARRIVE,47.83,ECO
913815,7004111,5059,2026-05-13 06:07:34,7,102,FAILED,12.88,SDD
914184,7004223,5125,2026-05-13 17:32:35,6,117,DELIVERED,30.85,STD
914000,7004170,5051,2026-05-13 12:50:01,4,140,OUT_FOR_DELIVERY,6.59,EXP
913356,7003971,5146,2026-05-13 21:24:10,4,124,DELIVERED,42.38,EXP
914573,7004334,5092,2026-05-13 19:52:56,3,108,DELIVERED,39.4,SDD
913462,7003998,5096,2026-05-13 16:31:21,9,130,FAILED,"6,22",EXP
913415,7003989,5167,2026-05-13 18:39:17,10,133,PICKUP,13.99,ECO
913835,7004120,5018,2026-05-13 15:06:39,4,105,OUT_FOR_DELIVERY,10.29,SDD
914428,7004282,5125,2026-05-13 16:31:41,10,133,OUT_FOR_DELIVERY,9.8,STD
913911,7004149,5061,2026-05-13 18:55:20,99,133,DEPART,37.57,EXP
913887,7004141,5129,2026-05-13 11:32:20,7,128,OUT_FOR_DELIVERY,27.53,SDD
914322,7004258,5176,2026-05-13 17:34:06,1,130,ARRIVE,2.41,ECO
913935,7004156,5169,2026-05-13 15:55:53,1,135,PICKUP,19.21,STD
914057,7004186,5199,2026-05-13 12:32:26,8,129,OUT_FOR_DELIVERY,47.33,EXP
914485,7004298,5131,2026-05-13 13:16:41,6,131,OUT_FOR_DELIVERY,20.54,EXP
914117,7004205,5127,2026-05-13 19:40:56,4,115,DEPART,28.94,EXP
913757,7004097,5110,2026-05-13 21:42:39,3,124,FAILED,32.65,SDD
914419,7004280,5068,2026-05-13 10:14:49,2,123,PICKUP,23.03,STD
914014,7004174,5134,2026-05-13 21:07:44,10,104,FAILED,24.06,SDD
913744,7004093,5098,2026-05-13 12:40:38,5,107,ARRIVE,11.5,EXP
913473,7004003,5168,2026-05-13 06:10:34,4,110,ARRIVE,"27,88",ECO
913996,7004168,5164,2026-05-13 10:54:58,1,101,FAILED,37.0,STD
913858,7004128,5126,2026-05-13 15:56:59,6,123,ARRIVE,27.3,STD
913384,7003980,5097,2026-05-13 15:06:34,10,129,DEPART,15.73,ECO
913374,7003978,5125,2026-05-13 07:51:26,6,116,DELIVERED,31.53,EXP
913914,7004149,5148,2026-05-13 20:45:51,4,130,ARRIVE,5.41,ECO
914548,7004326,5091,2026-05-13 21:15:29,10,110,FAILED,39.87,SDD
914204,7004226,5131,2026-05-13 14:45:55,3,133,DELIVERED,21.83,STD
913452,7003997,5076,2026-05-13 12:12:41,7,106,DEPART,40.32,ECO
914406,7004275,5182,2026-05-13 19:04:03,2,131,ARRIVE,12.66,ECO
914246,7004239,5030,2026-05-13 14:12:45,6,109,OUT_FOR_DELIVERY,33.83,ECO
914261,7004242,5188,2026-05-13 16:32:58,9,130,PICKUP,39.06,SDD
913731,7004091,5198,2026-05-13 06:44:50,9,111,OUT_FOR_DELIVERY,16.85,STD
914208,7004228,5093,2026-05-13 17:45:40,9,106,OUT_FOR_DELIVERY,12.2,ECO
914124,7004207,5083,2026-05-13 17:29:44,9,120,OUT_FOR_DELIVERY,33.1,EXP
913415,7003989,5167,2026-05-13 18:39:17,10,133,PICKUP,13.99,ECO
914432,7004282,5064,2026-05-13 09:09:17,3,117,ARRIVE,"2,06",SDD
914231,7004235,5200,2026-05-13 10:53:16,4,110,ARRIVE,19.77,EXP
913696,7004079,5150,2026-05-13 16:07:13,6,130,DEPART,9.18,EXP
914368,7004268,5027,2026-05-13 17:24:00,2,121,ARRIVE,38.62,EXP
914446,7004286,5031,2026-05-13 06:27:00,8,110,OUT_FOR_DELIVERY,7.41,SDD
913521,7004020,5160,2026-05-13 10:58:16,4,137,DEPART,44.25,ECO
914501,7004303,5138,2026-05-13 19:01:12,1,117,ARRIVE,40.86,SDD
914235,7004237,5138,2026-05-13 08:36:17,6,122,DELIVERED,45.96,STD
913567,7004038,5032,2026-05-13 09:50:15,3,139,OUT_FOR_DELIVERY,9.27,SDD
913502,7004014,5193,2026-05-13 14:20:57,6,104,OUT_FOR_DELIVERY,21.32,ECO
913613,7004054,5199,2026-05-13 14:54:15,1,123,FAILED,9.64,SDD
914128,7004208,5151,2026-05-13 19:36:59,8,111,DELIVERED,21.82,EXP
913604,7004053,5011,2026-05-13 08:21:48,7,124,PICKUP,43.21,STD
914130,7004208,5037,2026-05-13 08:37:05,8,105,FAILED,"28,74",SDD
913504,7004014,5177,2026-05-13 21:46:50,1,120,DEPART,2.72,ECO
913851,7004124,5032,2026-05-13 20:51:22,10,116,PICKUP,19.34,STD
913982,7004166,5093,2026-05-13 20:18:45,3,118,FAILED,37.65,STD
913646,7004062,5102,2026-05-13 18:52:41,4,126,PICKUP,20.3,EXP
914569,7004333,5073,2026-05-13 16:46:06,3,109,DEPART,13.72,EXP
913805,7004109,5188,2026-05-13 10:11:30,10,123,OUT_FOR_DELIVERY,25.7,STD
913502,7004014,5193,2026-05-13 14:20:57,6,104,OUT_FOR_DELIVERY,21.32,ECO
913946,7004157,5014,2026-05-13 08:53:06,6,107,ARRIVE,40.21,SDD
913382,7003980,5158,2026-05-13 08:53:06,4,111,DEPART,27.72,ECO
914491,7004299,5051,2026-05-13 16:59:00,1,139,OUT_FOR_DELIVERY,22.65,STD
913953,7004158,5006,2026-05-13 11:51:42,9,139,PICKUP,28.67,SDD
914238,7004237,5124,2026-05-13 16:08:23,1,125,depart,33.43,ECO
914245,7004239,5116,2026-05-13 10:22:24,7,133,ARRIVE,33.88,STD
913891,7004144,5177,2026-05-13 21:40:51,99,113,ARRIVE,36.74,ECO
913490,7004009,5044,2026-05-13 12:39:18,10,110,FAILED,"25,36",EXP
914549,7004326,5031,2026-05-13 07:17:46,9,110,FAILED,25.65,STD
914262,7004242,5020,2026-05-13 20:21:47,2,130,PICKUP,46.98,ECO
913974,7004163,5056,2026-05-13 19:42:11,5,125,FAILED,33.67,SDD
914067,7004189,5164,2026-05-13 08:17:59,4,123,FAILED,21.46,ECO
913353,7003968,5037,2026-05-13 06:49:32,3,117,ARRIVE,4.96,ECO
914213,7004230,5167,2026-05-13 08:06:25,10,106,ARRIVE,30.07,STD
914320,7004258,5200,2026-05-13 08:09:23,5,104,PICKUP,22.61,STD
914445,7004286,5050,2026-05-13 16:50:51,9,127,DEPART,41.72,SDD
914167,7004219,5038,2026-05-13 21:24:46,8,106,ARRIVE,25.8,STD
913336,7003965,5044,2026-05-13 19:21:13,3,139,DELIVERED,34.96,ECO
914210,7004228,5130,2026-05-13 06:34:10,3,117,PICKUP,8.11,SDD
913965,7004161,5169,2026-05-13 07:01:41,3,127,DELIVERED,12.94,EXP
913522,7004020,5198,2026-05-13 12:39:08,10,105,OUT_FOR_DELIVERY,2.31,STD
913499,7004013,5166,2026-05-13 07:41:08,2,129,ARRIVE,42.02,STD
913625,7004056,5012,2026-05-13 13:02:46,5,122,DELIVERED,20.51,SDD
913682,7004077,5097,2026-05-13 08:10:37,5,110,DEPART,42.8,EXP
913966,7004162,5037,2026-05-13 18:54:26,2,104,OUT_FOR_DELIVERY,5.19,STD
913599,7004052,5168,2026-05-13 11:19:16,2,133,FAILED,20.12,EXP
913822,7004114,5014,2026-05-13 18:19:04,1,134,PICKUP,38.03,SDD
913910,7004148,5105,2026-05-13 18:06:04,4,128,OUT_FOR_DELIVERY,40.29,ECO
913410,7003989,5085,2026-05-13 12:14:54,6,133,OUT_FOR_DELIVERY,25.84,ECO
914331,7004259,5178,2026-05-13 07:55:36,4,119,DEPART,43.43,ECO
914109,7004201,5058,2026-05-13 12:26:03,5,114,DEPART,18.96,EXP
913940,7004157,5062,2026-05-13 14:50:03,6,125,FAILED,43.62,STD
913739,7004093,5164,2026-05-13 21:45:59,2,102,ARRIVE,6.38,ECO
914265,7004243,5173,2026-05-13 12:46:40,3,105,ARRIVE,15.03,STD
914323,7004258,5092,2026-05-13 18:15:44,2,115,DEPART,0.98,EXP
913934,7004155,5132,2026-05-13 13:12:50,5,114,FAILED,4.37,SDD
914476,7004295,5068,2026-05-13 13:31:43,7,116,DEPART,3.27,SDD
913328,7003963,5095,2026-05-13 06:57:57,4,131,DELIVERED,"6,53",ECO
914078,7004192,5154,2026-05-13 21:21:45,9,131,ARRIVE,28.29,SDD
914561,7004329,5110,2026-05-13 09:27:16,2,139,DEPART,27.77,STD
913500,7004013,5055,2026-05-13 12:46:16,8,103,DEPART,19.44,SDD
914575,7004335,5159,2026-05-13 09:56:23,7,124,PICKUP,23.96,SDD
914087,7004193,5070,2026-05-13 16:30:03,9,129,PICKUP,12.85,SDD
913726,7004088,5103,2026-05-13 12:44:25,4,105,PICKUP,24.95,STD
914452,7004288,5022,2026-05-13 20:14:43,8,108,DELIVERED,26.45,STD
914133,7004208,5177,13/05/2026 20:10,9,132,OUT_FOR_DELIVERY,14.82,STD
914129,7004208,5043,2026-05-13 16:48:18,8,129,PICKUP,10.02,SDD
913514,7004019,5118,2026-05-13 12:25:02,2,128,DELIVERED,24.44,EXP
914353,7004266,5026,2026-05-13 18:29:39,3,104,ARRIVE,39.37,STD
913549,7004031,5099,2026-05-13 08:00:55,2,131,DELIVERED,2.94,STD
914238,7004237,5124,2026-05-13 16:08:23,1,125,depart,33.43,ECO
913329,7003963,5097,2026-05-13 17:26:19,2,126,ARRIVE,36.75,ECO
913401,7003984,5196,2026-05-13 13:00:18,7,122,PICKUP,20.74,SDD
913538,7004027,5122,13/05/2026 20:29,10,117,DEPART,3.82,ECO
913590,7004048,5185,2026-05-13 14:51:14,4,110,OUT_FOR_DELIVERY,28.06,STD
914581,7004337,5037,2026-05-13 11:50:04,6,101,OUT_FOR_DELIVERY,29.25,STD
913900,7004146,5054,2026-05-13 18:43:24,4,107,PICKUP,35.45,STD
913571,7004040,5088,2026-05-13 13:19:34,10,123,DELIVERED,18.52,EXP
913664,7004073,5122,2026-05-13 13:07:38,3,133,ARRIVE,11.34,STD
913536,7004026,5067,2026-05-13 09:37:16,3,123,OUT_FOR_DELIVERY,1.34,ECO
913692,7004079,5197,2026-05-13 10:02:14,10,115,DEPART,15.37,STD
913773,7004103,5195,2026-05-13 08:39:08,8,130,ARRIVE,8.38,STD
913762,7004099,5010,2026-05-13 14:12:04,99,112,DEPART,23.9,EXP
913443,7003996,5150,2026-05-13 17:44:43,5,121,PICKUP,,ECO
913439,7003995,5025,2026-05-13 06:49:29,2,106,OUT_FOR_DELIVERY,7.09,SDD
914444,7004286,5014,13/05/2026 12:56,4,127,DELIVERED,0.83,SDD
913496,7004011,5078,2026-05-13 13:23:31,3,124,PICKUP,40.33,ECO
914370,7004268,5013,2026-05-13 19:14:40,1,138,DELIVERED,34.74,SDD
913503,7004014,5091,2026-05-13 07:27:47,1,115,DELIVERED,7.71,ECO
914455,7004289,5063,2026-05-13 08:18:39,6,105,OUT_FOR_DELIVERY,31.48,SDD
914110,7004201,5055,2026-05-13 13:01:10,4,123,PICKUP,31.03,ECO
914364,7004268,5172,2026-05-13 20:19:49,3,138,PICKUP,27.19,EXP
913338,7003965,5022,2026-05-13 19:49:46,8,112,DELIVERED,39.78,EXP
913331,7003963,5029,2026-05-13 18:47:47,6,108,DEPART,25.83,EXP
914027,7004177,5021,2026-05-13 15:42:53,5,126,FAILED,10.03,EXP
913817,7004111,5144,2026-05-13 14:04:10,5,115,DEPART,42.35,EXP
913793,7004106,5028,2026-05-13 19:34:23,9,128,DEPART,47.39,SDD
913360,7003973,5144,2026-05-13 07:52:38,8,116,DELIVERED,30.44,SDD
914449,7004287,5087,2026-05-13 09:17:26,10,105,ARRIVE,10.36,EXP
913466,7004001,5105,2026-05-13 19:30:15,9,140,OUT_FOR_DELIVERY,3.64,STD
914446,7004286,5031,2026-05-13 06:27:00,8,110,OUT_FOR_DELIVERY,7.41,SDD
913388,7003982,5176,2026-05-13 19:18:48,8,105,OUT_FOR_DELIVERY,31.48,ECO
913649,7004064,5018,2026-05-13 13:56:05,7,137,DEPART,5.43,ECO
913637,7004059,5011,2026-05-13 08:36:00,8,116,DELIVERED,12.95,SDD
914004,7004172,5080,2026-05-13 13:53:33,5,107,ARRIVE,"6,32",SDD
913825,7004117,5003,2026-05-13 07:30:13,4,138,DEPART,38.08,ECO
913899,7004146,5052,2026-05-13 18:17:03,9,112,DELIVERED,17.79,STD
913566,7004038,5099,2026-05-13 12:35:40,8,109,pickup,30.27,STD
913837,7004121,5005,2026-05-13 15:00:46,3,101,FAILED,9.57,ECO
913426,7003992,5189,2026-05-13 14:23:12,1,127,DELIVERED,18.24,ECO
913827,7004119,5176,2026-05-13 11:22:01,3,104,DELIVERED,20.65,STD
914322,7004258,5176,2026-05-13 17:34:06,1,130,ARRIVE,2.41,ECO
913325,7003962,5005,2026-05-13 20:50:04,5,103,OUT_FOR_DELIVERY,42.99,SDD
913834,7004120,5023,2026-05-13 08:59:53,9,136,DELIVERED,31.21,SDD
914410,7004275,5189,2026-05-13 06:50:52,8,124,ARRIVE,7.56,SDD
914089,7004193,5197,2026-05-13 21:06:03,4,126,FAILED,44.5,ECO
913550,7004031,5191,2026-05-13 11:25:13,1,128,FAILED,1.04,STD
914449,7004287,5087,2026-05-13 09:17:26,10,105,ARRIVE,10.36,EXP
914317,7004257,5187,2026-05-13 19:50:30,9,124,FAILED,19.82,SDD
913919,7004150,5097,2026-05-13 14:06:41,4,126,PICKUP,32.27,SDD
913915,7004149,5106,2026-05-13 18:47:30,8,108,ARRIVE,12.23,SDD
914366,7004268,5025,2026-05-13 14:21:36,3,101,FAILED,30.5,SDD
914263,7004242,5057,2026-05-13 13:16:36,6,136,DEPART,30.48,EXP
913827,7004119,5176,2026-05-13 11:22:01,3,104,DELIVERED,20.65,STD
914295,7004251,5039,2026-05-13 14:36:44,4,121,PICKUP,12.16,SDD
914512,7004308,5033,2026-05-13 13:57:20,9,136,PICKUP,4.5,SDD
913970,7004162,5106,2026-05-13 15:12:35,1,129,DELIVERED,39.02,ECO
914563,7004331,5137,2026-05-13 19:46:04,5,137,ARRIVE,15.23,EXP
913391,7003982,5030,2026-05-13 16:27:14,99,129,PICKUP,22.88,ECO
913568,7004039,5012,2026-05-13 10:59:41,2,113,PICKUP,47.37,ECO
913667,7004074,5066,2026-05-13 21:45:11,10,101,PICKUP,43.09,EXP
914417,7004278,5147,2026-05-13 14:53:12,7,118,DEPART,27.46,ECO
914531,7004316,5111,2026-05-13 09:48:31,5,111,PICKUP,15.15,EXP
914059,7004187,5076,2026-05-13 12:34:44,1,139,ARRIVE,33.25,SDD
913755,7004096,5107,2026-05-13 07:01:15,8,125,DEPART,1.57,STD
913632,7004057,5050,2026-05-13 21:59:58,7,101,DELIVERED,27.12,EXP
913501,7004014,5137,2026-05-13 14:23:13,1,117,ARRIVE,13.27,SDD
914464,7004290,5078,2026-05-13 20:01:23,5,136,OUT_FOR_DELIVERY,23.96,STD
914016,7004174,5132,2026-05-13 21:50:15,8,117,OUT_FOR_DELIVERY,21.03,SDD
913381,7003980,5113,2026-05-13 06:17:42,6,127,FAILED,19.33,ECO
913730,7004090,5127,2026-05-13 09:32:26,3,128,FAILED,36.04,SDD
913995,7004168,5142,2026-05-13 21:03:22,10,139,ARRIVE,12.59,EXP
913378,7003979,5052,2026-05-13 06:47:06,9,139,OUT_FOR_DELIVERY,26.49,ECO
914280,7004246,5033,2026-05-13 15:15:15,10,105,OUT_FOR_DELIVERY,11.91,ECO
914364,7004268,5172,2026-05-13 20:19:49,3,138,PICKUP,27.19,EXP
913854,7004126,5007,2026-05-13 15:02:36,6,109,OUT_FOR_DELIVERY,5.4,ECO
913412,7003989,5165,2026-05-13 15:14:43,9,122,OUT_FOR_DELIVERY,7.08,EXP
914061,7004188,5017,2026-05-13 17:41:16,7,108,PICKUP,30.05,SDD
913671,7004074,5066,2026-05-13 06:51:36,7,105,ARRIVE,47.41,STD
913335,7003964,5032,2026-05-13 15:28:56,8,110,FAILED,28.19,STD
914429,7004282,5092,2026-05-13 20:53:07,7,135,FAILED,6.96,STD
913513,7004018,5132,2026-05-13 06:38:29,4,139,DEPART,14.73,EXP
913343,7003966,5141,2026-05-13 10:08:42,1,134,PICKUP,11.7,STD
913370,7003976,5005,2026-05-13 19:08:31,10,128,OUT_FOR_DELIVERY,37.27,EXP
913826,7004118,5054,2026-05-13 07:02:54,5,105,OUT_FOR_DELIVERY,31.71,SDD
914252,7004240,5159,2026-05-13 07:51:39,4,130,OUT_FOR_DELIVERY,10.4,ECO
914228,7004234,5070,2026-05-13 14:52:17,3,112,DEPART,43.31,STD
914218,7004232,5149,2026-05-13 21:25:58,6,127,DELIVERED,47.86,EXP
914142,7004211,5049,2026-05-13 09:01:06,99,116,FAILED,43.75,SDD
914522,7004313,5106,2026-05-13 18:56:40,5,133,ARRIVE,29.82,STD
914352,7004266,5027,2026-05-13 07:48:54,2,116,DEPART,37.05,SDD
914450,7004288,5194,2026-05-13 12:38:37,8,119,DEPART,0.43,STD
913386,7003981,5103,2026-05-13 20:23:53,9,113,OUT_FOR_DELIVERY,30.17,EXP
914494,7004301,5090,2026-05-13 19:45:48,1,,PICKUP,24.22,ECO
914145,7004212,5038,2026-05-13 18:17:22,10,135,OUT_FOR_DELIVERY,42.81,EXP
914020,7004175,5033,2026-05-13 20:21:44,5,120,OUT_FOR_DELIVERY,42.71,STD
913402,7003984,5180,2026-05-13 12:36:42,4,127,FAILED,25.34,ECO
913919,7004150,5097,2026-05-13 14:06:41,4,126,PICKUP,32.27,SDD
914146,7004213,5061,2026-05-13 07:21:31,3,126,DEPART,25.39,EXP
913657,7004068,5044,2026-05-13 11:55:35,1,112,DEPART,"45,56",STD
913816,7004111,5110,2026-05-13 10:13:39,1,110,OUT_FOR_DELIVERY,17.25,SDD
913569,7004039,5173,2026-05-13 19:43:32,4,104,PICKUP,24.57,ECO
913948,7004157,5166,2026-05-13 13:15:16,4,136,OUT_FOR_DELIVERY,2.71,STD
913519,7004020,5163,2026-05-13 15:28:38,10,122,PICKUP,29.69,SDD
914167,7004219,5038,2026-05-13 21:24:46,8,106,ARRIVE,25.8,STD
914503,7004304,5184,2026-05-13 06:09:13,6,116,FAILED,43.03,ECO
913599,7004052,5168,2026-05-13 11:19:16,2,133,FAILED,20.12,EXP
913809,7004110,5175,2026-05-13 20:59:36,5,106,PICKUP,46.18,SDD
913475,7004004,5060,2026-05-13 12:13:28,6,107,DELIVERED,35.32,SDD
913779,7004103,5184,2026-05-13 13:31:15,4,134,DELIVERED,43.23,STD
914471,7004293,5126,13/05/2026 15:39,3,137,OUT_FOR_DELIVERY,41.75,EXP
914296,7004252,5033,2026-05-13 16:23:45,3,122,ARRIVE,34.18,SDD
914504,7004304,5178,2026-05-13 19:13:25,8,127,OUT_FOR_DELIVERY,25.73,ECO
914507,7004305,5160,2026-05-13 06:55:31,9,118,DELIVERED,"25,41",STD
914267,7004243,5176,2026-05-13 09:08:24,5,118,OUT_FOR_DELIVERY,16.71,STD
914065,7004189,5161,2026-05-13 08:23:17,7,122,DEPART,7.67,EXP
913380,7003980,5053,2026-05-13 13:05:05,8,104,DELIVERED,5.98,ECO
913573,7004041,5003,2026-05-13 07:05:41,1,127,DELIVERED,30.39,STD
913346,7003966,5162,2026-05-13 15:39:58,7,129,DEPART,0.39,STD
913461,7003998,5043,2026-05-13 11:49:39,5,111,FAILED,20.21,SDD
913795,7004106,5181,2026-05-13 11:37:34,1,129,ARRIVE,42.95,SDD
914384,7004269,5079,2026-05-13 17:16:52,1,123,DEPART,37.33,SDD
913693,7004079,5081,2026-05-13 13:35:25,8,129,DELIVERED,27.12,SDD
914358,7004266,5137,2026-05-13 08:12:03,3,114,arrive,37.84,EXP
914281,7004247,5061,2026-05-13 08:07:39,2,118,OUT_FOR_DELIVERY,32.11,SDD
913706,7004082,5027,2026-05-13 20:02:37,5,111,FAILED,44.72,SDD
913593,7004049,5053,2026-05-13 21:17:56,10,108,DELIVERED,13.34,ECO
913930,7004154,5039,2026-05-13 18:02:19,8,140,PICKUP,12.17,EXP
913432,7003992,5073,2026-05-13 08:07:08,10,140,DEPART,37.79,SDD
914207,7004227,5063,2026-05-13 17:10:32,7,104,DEPART,43.52,EXP
914497,7004301,5179,2026-05-13 09:44:18,5,134,PICKUP,18.26,ECO
913727,7004088,5163,2026-05-13 19:24:52,10,106,FAILED,43.82,SDD
914313,7004257,5124,2026-05-13 15:14:41,9,109,ARRIVE,7.99,SDD
914402,7004275,5112,2026-05-13 20:11:43,4,135,OUT_FOR_DELIVERY,45.88,STD
913746,7004093,5109,2026-05-13 17:35:39,3,112,OUT_FOR_DELIVERY,11.32,ECO
913327,7003962,5169,2026-05-13 11:40:44,4,118,DELIVERED,17.01,SDD
913715,7004085,5075,2026-05-13 08:10:23,4,120,FAILED,39.34,EXP
913494,7004011,5180,2026-05-13 09:05:32,6,121,ARRIVE,24.25,SDD
914331,7004259,5178,2026-05-13 07:55:36,4,119,DEPART,43.43,ECO
914373,7004268,5019,2026-05-13 16:53:34,3,120,FAILED,34.98,ECO
914420,7004280,5059,2026-05-13 10:30:24,10,124,PICKUP,24.92,SDD
914504,7004304,5178,2026-05-13 19:13:25,8,127,OUT_FOR_DELIVERY,25.73,ECO
913973,7004163,5157,2026-05-13 10:47:39,2,131,DELIVERED,45.31,SDD
913666,7004074,5008,2026-05-13 20:20:05,9,102,PICKUP,29.75,EXP
913673,7004075,5167,2026-05-13 10:47:08,3,106,OUT_FOR_DELIVERY,47.65,ECO
913459,7003998,5106,2026-05-13 07:18:54,3,134,DEPART,39.69,ECO
913587,7004046,5070,2026-05-13 06:58:31,5,128,ARRIVE,14.15,ECO
913949,7004157,5147,2026-05-13 18:31:10,9,132,OUT_FOR_DELIVERY,32.01,STD
913743,7004093,5060,2026-05-13 17:59:56,2,101,DEPART,30.63,STD
913625,7004056,5012,2026-05-13 13:02:46,5,122,DELIVERED,20.51,SDD
913409,7003989,5176,2026-05-13 07:49:05,6,116,DELIVERED,7.31,SDD
913586,7004046,5104,2026-05-13 10:13:23,8,120,ARRIVE,18.62,STD
914400,7004273,5103,2026-05-13 07:47:09,5,111,DELIVERED,33.38,SDD
914071,7004190,5034,2026-05-13 07:23:24,1,106,ARRIVE,24.65,SDD
913618,7004055,5133,2026-05-13 08:14:32,4,112,DELIVERED,34.57,STD
914222,7004232,5139,2026-05-13 14:03:43,2,103,DEPART,42.54,SDD
913402,7003984,5180,2026-05-13 12:36:42,4,127,FAILED,25.34,ECO
913928,7004153,5022,2026-05-13 07:19:13,5,125,DEPART,12.77,STD
913710,7004084,5145,2026-05-13 14:13:13,6,114,ARRIVE,41.52,EXP
914362,7004267,5066,2026-05-13 09:56:51,8,127,FAILED,26.16,EXP
914490,7004299,5046,2026-05-13 20:35:51,1,121,ARRIVE,7.2,EXP
913319,7003959,5056,2026-05-13 15:59:42,8,136,FAILED,3.26,ECO
913875,7004136,5181,2026-05-13 07:38:16,4,126,ARRIVE,11.88,SDD
913926,7004153,5092,2026-05-13 13:42:31,9,133,DEPART,14.12,EXP
914522,7004313,5106,2026-05-13 18:56:40,5,133,ARRIVE,29.82,STD
913905,7004147,5184,2026-05-13 17:40:34,7,121,FAILED,41.21,SDD
913344,7003966,5039,2026-05-13 11:12:23,3,134,DELIVERED,41.62,EXP
913347,7003967,5146,13/05/2026 18:08,9,136,DELIVERED,,STD
913452,7003997,5076,2026-05-13 12:12:41,7,106,DEPART,40.32,ECO
913641,7004060,5074,2026-05-13 06:09:47,1,138,DELIVERED,5.49,EXP
914539,7004322,5154,2026-05-13 16:04:59,6,112,FAILED,29.3,SDD
914194,7004225,5194,2026-05-13 20:19:33,3,110,DELIVERED,42.27,EXP
913496,7004011,5078,2026-05-13 13:23:31,3,124,PICKUP,40.33,ECO
913879,7004137,5067,2026-05-13 18:46:47,10,134,DEPART,46.6,ECO
913662,7004071,5164,2026-05-13 18:25:10,9,130,PICKUP,37.76,ECO
914328,7004259,5108,2026-05-13 13:34:22,10,113,FAILED,44.35,STD
914473,7004293,5103,2026-05-13 14:32:47,3,133,ARRIVE,,SDD
913768,7004102,5091,2026-05-13 16:51:27,9,103,DEPART,32.02,STD
913927,7004153,5012,2026-05-13 16:52:27,4,120,ARRIVE,27.0,SDD
914360,7004266,5177,2026-05-13 13:56:20,7,114,DEPART,19.49,SDD
913881,7004139,5176,2026-05-13 09:46:02,9,139,ARRIVE,,ECO
913608,7004053,5032,2026-05-13 15:12:41,5,109,DELIVERED,35.86,ECO
914202,7004226,5122,2026-05-13 16:48:04,10,108,OUT_FOR_DELIVERY,39.49,ECO
913545,7004030,5138,2026-05-13 07:20:19,3,140,OUT_FOR_DELIVERY,12.75,STD
913489,7004009,5137,2026-05-13 07:37:55,10,108,PICKUP,34.62,SDD
913880,7004138,5011,2026-05-13 07:26:42,2,118,FAILED,23.52,STD
913361,7003973,5093,2026-05-13 16:11:25,8,134,OUT_FOR_DELIVERY,35.23,STD
913324,7003962,5095,2026-05-13 14:30:50,1,131,DEPART,44.76,EXP
913663,7004072,5152,2026-05-13 16:17:46,7,103,PICKUP,28.5,STD
914442,7004286,5120,2026-05-13 13:21:04,1,138,OUT_FOR_DELIVERY,37.9,STD
913999,7004170,5008,2026-05-13 20:15:10,3,123,ARRIVE,33.12,EXP
914414,7004277,5091,2026-05-13 06:27:49,5,125,ARRIVE,20.73,STD
914221,7004232,5126,2026-05-13 16:33:24,3,127,PICKUP,28.06,SDD
913952,7004158,5020,2026-05-13 12:25:11,6,108,PICKUP,,EXP
914027,7004177,5021,2026-05-13 15:42:53,5,126,FAILED,10.03,EXP
913911,7004149,5061,2026-05-13 18:55:20,99,133,DEPART,37.57,EXP
913731,7004091,5198,2026-05-13 06:44:50,9,111,OUT_FOR_DELIVERY,16.85,STD
914507,7004305,5160,2026-05-13 06:55:31,9,118,DELIVERED,"25,41",STD
914497,7004301,5179,2026-05-13 09:44:18,5,134,PICKUP,18.26,ECO
913588,7004046,5130,2026-05-13 13:29:10,2,115,DEPART,18.76,EXP
913369,7003975,5119,2026-05-13 20:56:55,9,103,DELIVERED,11.22,EXP
913779,7004103,5184,2026-05-13 13:31:15,4,134,DELIVERED,43.23,STD
914355,7004266,5165,2026-05-13 11:26:01,1,117,OUT_FOR_DELIVERY,36.82,SDD
914458,7004290,5038,2026-05-13 14:05:27,6,109,FAILED,14.31,SDD
913732,7004091,5084,2026-05-13 19:52:26,8,130,DEPART,44.62,ECO
913904,7004146,5146,2026-05-13 06:48:00,10,128,ARRIVE,9.91,SDD
914546,7004325,5003,13/05/2026 15:11,3,140,DEPART,3.37,STD
913906,7004147,5175,2026-05-13 08:20:35,5,137,DELIVERED,"43,08",ECO
913497,7004012,5183,2026-05-13 07:04:37,3,112,ARRIVE,26.93,SDD
914111,7004202,5007,2026-05-13 12:29:13,5,125,DELIVERED,47.68,SDD
913820,7004112,5026,2026-05-13 07:41:24,3,110,PICKUP,11.47,ECO
914421,7004280,5003,2026-05-13 14:08:10,1,116,DEPART,30.28,SDD
914305,7004254,5187,2026-05-13 07:00:01,8,129,PICKUP,44.93,SDD
914555,7004328,5016,2026-05-13 15:21:29,8,102,PICKUP,12.75,STD
913722,7004087,5055,2026-05-13 19:51:30,4,104,DEPART,47.22,ECO
914174,7004222,5071,2026-05-13 10:58:18,9,136,DEPART,8.39,STD
913987,7004167,5182,2026-05-13 15:38:31,5,112,FAILED,16.02,EXP
914300,7004252,5100,2026-05-13 14:47:11,4,120,FAILED,20.68,SDD
913339,7003965,5032,2026-05-13 08:56:13,2,123,ARRIVE,34.71,SDD
914427,7004281,5040,2026-05-13 20:08:18,6,110,PICKUP,36.8,STD
913752,7004094,5128,2026-05-13 21:10:17,4,132,FAILED,46.61,EXP
913836,7004120,5001,2026-05-13 08:16:54,2,139,DEPART,14.65,SDD
914260,7004241,5051,2026-05-13 17:33:43,9,110,OUT_FOR_DELIVERY,19.21,STD
913967,7004162,5160,2026-05-13 21:14:57,6,118,FAILED,45.15,EXP
913756,7004097,5052,2026-05-13 07:05:14,5,123,OUT_FOR_DELIVERY,10.68,ECO
914013,7004174,5014,2026-05-13 12:27:28,10,102,OUT_FOR_DELIVERY,30.47,SDD
913852,7004125,5162,2026-05-13 15:32:26,7,117,DELIVERED,47.77,EXP
913745,7004093,5159,2026-05-13 09:53:17,8,137,ARRIVE,37.71,SDD
914117,7004205,5127,2026-05-13 19:40:56,4,115,DEPART,28.94,EXP
913790,7004106,5149,2026-05-13 07:15:25,3,132,ARRIVE,47.83,ECO
914024,7004176,5112,2026-05-13 12:08:41,4,106,FAILED,13.05,EXP
914023,7004176,5121,2026-05-13 08:04:52,2,123,DELIVERED,3.22,EXP
913516,7004020,5072,2026-05-13 16:34:41,8,113,DEPART,45.2,SDD
913930,7004154,5039,2026-05-13 18:02:19,8,140,PICKUP,12.17,EXP
913450,7003997,5066,2026-05-13 17:41:56,5,116,PICKUP,20.22,STD
913543,7004028,5134,2026-05-13 11:19:25,4,112,FAILED,1.21,SDD
914031,7004177,5188,2026-05-13 14:54:09,4,117,DELIVERED,7.4,ECO
913487,7004008,5065,2026-05-13 11:07:09,10,133,PICKUP,40.02,SDD
914195,7004225,5150,2026-05-13 06:55:23,1,122,DEPART,3.07,STD
914344,7004262,5036,2026-05-13 13:29:03,9,101,DEPART,,EXP
914576,7004335,5114,2026-05-13 12:06:18,5,113,DEPART,4.6,EXP
913901,7004146,5112,2026-05-13 13:40:47,1,125,ARRIVE,32.51,EXP
914490,7004299,5046,2026-05-13 20:35:51,1,121,ARRIVE,7.2,EXP
913477,7004005,5179,2026-05-13 18:34:04,7,140,DELIVERED,37.14,ECO
914011,7004173,5170,2026-05-13 10:58:40,9,136,DEPART,27.19,ECO
914309,7004256,5122,2026-05-13 10:46:10,1,136,DEPART,31.19,ECO
913672,7004074,5120,2026-05-13 07:27:15,2,,FAILED,7.5,ECO
913624,7004056,5043,2026-05-13 16:55:25,5,138,FAILED,2.16,ECO
914356,7004266,5116,2026-05-13 06:49:42,5,104,OUT_FOR_DELIVERY,20.7,SDD
913959,7004161,5021,2026-05-13 21:04:01,1,129,DEPART,797.78,ECO
914466,7004292,5075,2026-05-13 07:50:33,4,101,PICKUP,44.31,ECO
913601,7004052,5160,2026-05-13 18:41:50,9,,ARRIVE,34.4,SDD
914472,7004293,5120,2026-05-13 14:14:29,5,103,DEPART,38.01,SDD
913635,7004058,5048,2026-05-13 10:42:28,5,113,PICKUP,31.79,STD
914578,7004336,5112,2026-05-13 20:57:45,2,128,PICKUP,5.5,SDD
913619,7004055,5027,2026-05-13 07:17:30,1,131,PICKUP,47.26,EXP
913345,7003966,5056,2026-05-13 08:34:14,9,126,OUT_FOR_DELIVERY,,STD
913969,7004162,5007,2026-05-13 12:03:12,1,110,OUT_FOR_DELIVERY,20.84,ECO
914064,7004189,5011,2026-05-13 16:59:02,7,117,ARRIVE,13.3,ECO
914177,7004222,5068,2026-05-13 09:34:10,1,103,FAILED,40.32,ECO
913534,7004025,5079,2026-05-13 06:43:35,6,101,OUT_FOR_DELIVERY,45.27,SDD
913370,7003976,5005,2026-05-13 19:08:31,10,128,OUT_FOR_DELIVERY,37.27,EXP
914140,7004211,5159,2026-05-13 10:42:54,6,131,DEPART,3.35,SDD
913902,7004146,5111,2026-05-13 12:00:35,10,129,DEPART,38.61,SDD
913551,7004031,5079,2026-05-13 07:29:15,8,120,DEPART,18.28,STD
914046,7004183,5082,2026-05-13 07:43:46,7,130,failed,8.1,SDD
913401,7003984,5196,2026-05-13 13:00:18,7,122,PICKUP,20.74,SDD
913824,7004116,5014,2026-05-13 12:07:43,6,128,DEPART,40.78,STD
914505,7004304,5189,2026-05-13 10:39:59,3,123,ARRIVE,21.61,EXP
914276,7004244,5080,2026-05-13 08:57:31,2,118,DEPART,21.62,STD
914237,7004237,5006,2026-05-13 18:08:32,3,137,ARRIVE,12.91,STD
913371,7003977,5062,2026-05-13 20:01:53,2,109,DELIVERED,9.99,ECO
913660,7004069,5138,2026-05-13 19:27:36,2,106,DELIVERED,17.87,SDD
913900,7004146,5054,2026-05-13 18:43:24,4,107,PICKUP,35.45,STD
913707,7004083,5072,2026-05-13 16:07:20,10,113,ARRIVE,4.28,SDD
913342,7003966,5023,2026-05-13 07:39:05,6,123,FAILED,21.15,STD
914269,7004243,5181,2026-05-13 18:21:04,6,127,ARRIVE,22.52,EXP
914189,7004225,5048,2026-05-13 07:14:46,10,122,ARRIVE,44.98,SDD
914561,7004329,5110,2026-05-13 09:27:16,2,139,DEPART,27.77,STD
914575,7004335,5159,2026-05-13 09:56:23,7,124,PICKUP,23.96,SDD
914329,7004259,5018,2026-05-13 06:33:44,7,116,DEPART,31.71,SDD
913707,7004083,5072,2026-05-13 16:07:20,10,113,ARRIVE,4.28,SDD
914178,7004222,5161,2026-05-13 11:06:45,5,131,PICKUP,8.56,EXP
913411,7003989,5092,2026-05-13 10:05:51,6,128,ARRIVE,11.42,EXP
914392,7004271,5003,2026-05-13 13:07:04,8,131,FAILED,29.63,SDD
913553,7004033,5061,2026-05-13 17:07:09,2,126,PICKUP,39.63,ECO
913929,7004154,5028,2026-05-13 21:08:42,3,137,FAILED,21.49,EXP
914437,7004284,5089,2026-05-13 18:37:28,5,106,FAILED,13.76,STD
914115,7004204,5168,2026-05-13 16:40:18,9,133,FAILED,33.96,SDD
914024,7004176,5112,2026-05-13 12:08:41,4,106,FAILED,13.05,EXP
914339,7004262,5072,2026-05-13 07:57:37,2,107,DELIVERED,47.63,SDD
914441,7004286,5072,2026-05-13 17:28:02,4,131,FAILED,12.53,ECO
913437,7003994,5161,2026-05-13 10:07:06,1,125,ARRIVE,16.85,SDD
914184,7004223,5125,2026-05-13 17:32:35,6,117,DELIVERED,30.85,STD
913466,7004001,5105,2026-05-13 19:30:15,9,140,OUT_FOR_DELIVERY,3.64,STD
913980,7004165,5090,2026-05-13 12:46:51,9,108,FAILED,9.72,SDD
914518,7004311,5048,2026-05-13 13:59:27,10,137,OUT_FOR_DELIVERY,31.3,EXP
913941,7004157,5138,2026-05-13 08:47:16,9,113,ARRIVE,2.73,SDD
914489,7004299,5171,2026-05-13 06:19:01,5,113,OUT_FOR_DELIVERY,39.25,ECO
913399,7003983,5030,2026-05-13 12:11:52,4,102,ARRIVE,42.78,EXP
913434,7003993,5188,2026-05-13 07:50:09,3,114,PICKUP,40.91,ECO
913517,7004020,5106,2026-05-13 20:53:07,5,119,ARRIVE,19.88,SDD
913884,7004140,5187,2026-05-13 13:06:44,6,132,PICKUP,47.98,ECO
913911,7004149,5061,2026-05-13 18:55:20,99,133,DEPART,37.57,EXP
914111,7004202,5007,2026-05-13 12:29:13,5,125,DELIVERED,47.68,SDD
914116,7004205,5190,2026-05-13 10:21:28,4,106,DEPART,36.95,ECO
914008,7004173,5027,2026-05-13 12:17:04,10,129,DELIVERED,36.02,STD
913985,7004167,5032,2026-05-13 18:36:20,4,116,FAILED,20.93,ECO
913641,7004060,5074,2026-05-13 06:09:47,1,138,DELIVERED,5.49,EXP
913925,7004153,5102,2026-05-13 11:09:29,8,131,ARRIVE,18.56,STD
913648,7004063,5128,2026-05-13 07:54:31,7,140,PICKUP,24.8,SDD
913415,7003989,5167,2026-05-13 18:39:17,10,133,PICKUP,13.99,ECO
914092,7004195,5051,2026-05-13 20:33:44,7,110,PICKUP,4.59,STD
913532,7004024,5199,2026-05-13 08:58:25,8,109,PICKUP,23.47,SDD
914199,7004226,5075,2026-05-13 08:35:12,1,109,PICKUP,26.06,ECO
914200,7004226,5016,2026-05-13 10:26:19,4,131,OUT_FOR_DELIVERY,0.7,SDD
914577,7004335,5035,2026-05-13 11:00:03,1,111,DEPART,8.44,EXP
914179,7004222,5098,2026-05-13 18:46:10,2,119,DELIVERED,30.03,ECO
913363,7003973,5132,2026-05-13 17:14:40,4,128,PICKUP,30.3,EXP
913333,7003963,5124,2026-05-13 06:16:48,9,140,OUT_FOR_DELIVERY,7.39,SDD
913503,7004014,5091,2026-05-13 07:27:47,1,115,DELIVERED,7.71,ECO
913835,7004120,5018,2026-05-13 15:06:39,4,105,OUT_FOR_DELIVERY,10.29,SDD
913876,7004136,5148,2026-05-13 06:55:01,7,125,FAILED,23.46,STD
914385,7004269,5140,2026-05-13 07:45:46,2,140,OUT_FOR_DELIVERY,"28,67",SDD
914018,7004175,5182,2026-05-13 13:35:20,6,130,ARRIVE,32.15,STD
914329,7004259,5018,2026-05-13 06:33:44,7,116,DEPART,31.71,SDD
913523,7004020,5122,2026-05-13 09:47:31,9,112,PICKUP,29.62,SDD
914439,7004285,5108,2026-05-13 15:51:16,8,111,FAILED,9.63,ECO
913904,7004146,5146,2026-05-13 06:48:00,10,128,ARRIVE,9.91,SDD
913979,7004164,5069,2026-05-13 15:10:21,6,103,DELIVERED,7.7,SDD
913878,7004137,5015,2026-05-13 20:07:53,4,115,OUT_FOR_DELIVERY,17.78,ECO
914129,7004208,5043,2026-05-13 16:48:18,8,129,PICKUP,10.02,SDD
913725,7004088,5006,2026-05-13 20:59:13,6,108,FAILED,43.99,EXP
913754,7004095,5186,2026-05-13 19:05:52,5,118,DEPART,43.01,STD
913507,7004015,5198,2026-05-13 18:09:16,5,103,DEPART,13.95,EXP
914060,7004187,5085,2026-05-13 14:23:53,5,128,DEPART,30.42,EXP
914541,7004323,5131,2026-05-13 17:44:25,5,113,ARRIVE,0.87,STD
913615,7004054,5024,2026-05-13 11:25:15,7,134,OUT_FOR_DELIVERY,31.16,STD
913453,7003997,5038,2026-05-13 14:08:05,10,113,OUT_FOR_DELIVERY,47.98,SDD
913807,7004110,5029,2026-05-13 16:41:43,5,127,PICKUP,39.92,ECO
913470,7004001,5092,2026-05-13 15:06:52,4,122,DEPART,22.67,SDD
914253,7004241,5093,2026-05-13 12:49:59,2,104,ARRIVE,5.52,ECO
914009,7004173,5155,2026-05-13 11:04:54,3,106,ARRIVE,19.32,STD
914418,7004279,5129,2026-05-13 08:20:15,1,121,FAILED,16.82,STD
913847,7004123,5043,2026-05-13 10:07:06,7,104,DEPART,2.44,EXP
914261,7004242,5188,2026-05-13 16:32:58,9,130,PICKUP,39.06,SDD
913907,7004147,5066,2026-05-13 19:51:55,8,124,DELIVERED,12.27,ECO
914506,7004304,5009,2026-05-13 12:00:53,8,,OUT_FOR_DELIVERY,11.55,SDD
914244,7004239,5200,2026-05-13 12:37:32,9,132,OUT_FOR_DELIVERY,43.46,SDD
914553,7004328,5182,2026-05-13 20:18:53,8,107,PICKUP,4.71,EXP
914047,7004184,5153,2026-05-13 20:47:41,9,103,DELIVERED,40.85,STD
913377,7003979,5078,2026-05-13 20:28:19,2,123,DELIVERED,46.52,SDD
914186,7004224,5190,2026-05-13 16:25:08,2,137,OUT_FOR_DELIVERY,3.76,SDD
913405,7003986,5141,2026-05-13 18:43:28,7,121,DELIVERED,23.03,EXP
914349,7004265,5088,2026-05-13 17:43:58,8,122,ARRIVE,15.98,STD
913525,7004022,5052,2026-05-13 20:03:29,4,124,ARRIVE,12.67,STD
913542,7004028,5004,2026-05-13 14:17:26,4,114,ARRIVE,33.56,STD
913751,7004094,5100,2026-05-13 15:31:13,9,105,ARRIVE,0.91,EXP
913897,7004146,5065,2026-05-13 18:46:14,10,113,DELIVERED,20.9,STD
914519,7004312,5185,2026-05-13 18:14:41,8,121,FAILED,9.16,EXP
913840,7004121,5081,13/05/2026 09:23,7,126,DELIVERED,12.49,EXP
913949,7004157,5147,2026-05-13 18:31:10,9,132,OUT_FOR_DELIVERY,32.01,STD
914347,7004264,5149,2026-05-13 19:59:19,1,119,DELIVERED,26.67,STD
913451,7003997,5115,2026-05-13 13:27:41,10,103,PICKUP,22.06,EXP
913746,7004093,5109,2026-05-13 17:35:39,3,112,OUT_FOR_DELIVERY,11.32,ECO
914232,7004236,5188,2026-05-13 16:22:11,8,134,PICKUP,"18,05",SDD
914010,7004173,5100,2026-05-13 07:38:27,1,114,DEPART,44.79,ECO
914041,7004180,5027,2026-05-13 19:37:57,2,139,OUT_FOR_DELIVERY,29.34,EXP
914547,7004326,5175,2026-05-13 10:12:50,6,104,DEPART,7.66,EXP
914201,7004226,5081,2026-05-13 15:54:07,10,134,OUT_FOR_DELIVERY,29.43,STD
914481,7004295,5002,2026-05-13 10:16:24,5,121,FAILED,29.16,STD
914043,7004181,5148,2026-05-13 07:17:01,5,113,DELIVERED,46.97,STD
913483,7004008,5170,2026-05-13 08:18:49,5,102,ARRIVE,28.59,EXP
913600,7004052,5059,2026-05-13 12:05:08,3,127,FAILED,38.99,EXP
914078,7004192,5154,2026-05-13 21:21:45,9,131,ARRIVE,28.29,SDD
914181,7004222,5187,2026-05-13 19:51:09,10,106,DEPART,32.36,STD
914419,7004280,5068,2026-05-13 10:14:49,2,123,PICKUP,23.03,STD
914383,7004269,5172,2026-05-13 18:03:38,9,106,ARRIVE,45.19,EXP
913689,7004078,5169,2026-05-13 18:11:03,4,117,ARRIVE,7.01,SDD
913725,7004088,5006,2026-05-13 20:59:13,6,108,FAILED,43.99,EXP
913749,7004094,5200,2026-05-13 08:11:17,5,101,ARRIVE,27.53,SDD
914304,7004253,5153,2026-05-13 19:59:47,5,124,OUT_FOR_DELIVERY,41.36,EXP
913422,7003990,5036,2026-05-13 16:29:39,3,138,DEPART,17.86,SDD
913669,7004074,5061,2026-05-13 17:49:34,3,118,DELIVERED,39.85,EXP
914029,7004177,5071,2026-05-13 20:58:34,10,119,FAILED,35.36,STD
914499,7004303,5149,2026-05-13 07:53:18,6,130,ARRIVE,42.51,SDD
914574,7004335,5050,2026-05-13 13:04:46,5,122,DELIVERED,42.97,SDD
914151,7004214,5186,2026-05-13 17:11:32,3,133,OUT_FOR_DELIVERY,1.13,STD
913983,7004167,5182,2026-05-13 18:03:49,1,125,FAILED,10.84,SDD
914426,7004281,5011,2026-05-13 21:20:43,4,139,ARRIVE,31.04,SDD
914162,7004217,5199,2026-05-13 16:19:41,3,118,ARRIVE,45.71,STD
913326,7003962,5120,2026-05-13 15:58:08,4,116,DELIVERED,28.49,SDD
913763,7004100,5140,2026-05-13 18:07:58,7,131,ARRIVE,7.23,EXP
913765,7004101,5030,2026-05-13 20:07:57,3,122,ARRIVE,5.25,EXP
913333,7003963,5124,2026-05-13 06:16:48,9,140,OUT_FOR_DELIVERY,7.39,SDD
913586,7004046,5104,2026-05-13 10:13:23,8,120,ARRIVE,18.62,STD
913956,7004160,5184,2026-05-13 15:07:56,7,102,FAILED,21.17,STD
914401,7004274,5138,2026-05-13 10:08:54,6,101,DELIVERED,28.46,ECO
914168,7004220,5110,2026-05-13 14:13:03,1,116,ARRIVE,47.71,ECO
914468,7004292,5168,2026-05-13 06:51:41,10,101,OUT_FOR_DELIVERY,22.31,EXP
914130,7004208,5037,2026-05-13 08:37:05,8,105,FAILED,"28,74",SDD
913479,7004005,5080,2026-05-13 12:40:28,7,126,FAILED,20.41,STD
914529,7004315,5050,2026-05-13 06:06:25,2,138,DEPART,19.35,ECO
914065,7004189,5161,2026-05-13 08:23:17,7,122,DEPART,7.67,EXP
914151,7004214,5186,2026-05-13 17:11:32,3,133,OUT_FOR_DELIVERY,1.13,STD
913351,7003968,5157,2026-05-13 18:38:26,7,110,DEPART,4.58,STD
914343,7004262,5176,2026-05-13 11:53:01,7,133,DEPART,5.13,SDD
913684,7004077,5143,2026-05-13 18:19:35,4,128,DEPART,13.65,STD
913843,7004121,5119,2026-05-13 17:29:07,7,139,DEPART,41.7,SDD
913542,7004028,5004,2026-05-13 14:17:26,4,114,ARRIVE,33.56,STD
914528,7004314,5148,13/05/2026 21:15,3,118,PICKUP,31.79,STD
914133,7004208,5177,13/05/2026 20:10,9,132,OUT_FOR_DELIVERY,14.82,STD
913718,7004086,5192,2026-05-13 08:36:35,9,139,OUT_FOR_DELIVERY,38.13,ECO
914068,7004189,5135,2026-05-13 13:19:54,9,,OUT_FOR_DELIVERY,9.49,STD
913833,7004120,5062,2026-05-13 07:33:05,9,110,ARRIVE,30.81,EXP
913513,7004018,5132,2026-05-13 06:38:29,4,139,DEPART,14.73,EXP
914379,7004269,5159,2026-05-13 13:58:37,10,122,FAILED,22.66,EXP
913623,7004056,5080,2026-05-13 15:26:26,2,136,PICKUP,17.04,SDD
914542,7004324,5083,2026-05-13 18:49:25,3,103,FAILED,44.79,ECO
914076,7004191,5109,2026-05-13 08:48:39,2,126,DEPART,40.61,ECO
913794,7004106,5123,13/05/2026 21:07,6,133,FAILED,7.02,EXP
914546,7004325,5003,13/05/2026 15:11,3,140,DEPART,3.37,STD
913923,7004153,5009,2026-05-13 19:51:27,2,109,PICKUP,0.51,EXP
913394,7003982,5199,2026-05-13 10:01:23,7,137,FAILED,10.04,STD
913535,7004025,5096,2026-05-13 16:46:17,7,102,ARRIVE,22.62,EXP
914134,7004208,5049,2026-05-13 13:51:23,5,136,DEPART,42.83,STD
914035,7004178,5132,2026-05-13 08:35:19,2,138,DELIVERED,20.37,ECO
914097,7004197,5063,2026-05-13 12:29:02,9,134,OUT_FOR_DELIVERY,5.18,SDD
914451,7004288,5120,2026-05-13 09:19:26,6,121,PICKUP,27.37,ECO
913812,7004111,5056,2026-05-13 07:01:05,7,128,OUT_FOR_DELIVERY,45.24,ECO
913372,7003977,5179,2026-05-13 19:27:38,10,103,ARRIVE,20.79,STD
914409,7004275,5188,2026-05-13 14:14:42,5,132,ARRIVE,14.49,ECO
913840,7004121,5081,13/05/2026 09:23,7,126,DELIVERED,12.49,EXP
914386,7004269,5041,2026-05-13 15:07:04,1,107,DEPART,44.26,STD
913952,7004158,5020,2026-05-13 12:25:11,6,108,PICKUP,,EXP
913845,7004123,5111,13/05/2026 07:15,4,133,ARRIVE,32.56,SDD
913485,7004008,5112,2026-05-13 16:59:33,3,119,PICKUP,30.7,EXP
913802,7004108,5195,2026-05-13 09:30:19,10,107,DEPART,30.73,STD
914121,7004205,5048,2026-05-13 08:50:06,10,134,DEPART,23.0,SDD
914243,7004239,5195,2026-05-13 19:03:10,9,104,OUT_FOR_DELIVERY,46.94,STD
914375,7004269,5088,2026-05-13 12:59:19,9,116,FAILED,38.07,EXP
914531,7004316,5111,2026-05-13 09:48:31,5,111,PICKUP,15.15,EXP
914224,7004233,5126,2026-05-13 20:19:06,5,108,PICKUP,39.78,EXP
914223,7004232,5139,2026-05-13 12:42:28,5,126,OUT_FOR_DELIVERY,14.12,STD
913679,7004077,5149,2026-05-13 06:10:07,2,102,OUT_FOR_DELIVERY,30.39,EXP
914093,7004196,5140,2026-05-13 09:39:00,9,109,OUT_FOR_DELIVERY,40.82,STD
914337,7004262,5173,2026-05-13 07:59:07,4,119,OUT_FOR_DELIVERY,46.16,SDD
913852,7004125,5162,2026-05-13 15:32:26,7,117,DELIVERED,47.77,EXP
914376,7004269,5113,2026-05-13 20:25:49,4,116,ARRIVE,39.38,STD
913763,7004100,5140,2026-05-13 18:07:58,7,131,ARRIVE,7.23,EXP
914451,7004288,5120,2026-05-13 09:19:26,6,121,PICKUP,27.37,ECO
913638,7004059,5200,2026-05-13 19:22:50,2,102,PICKUP,28.41,ECO
913546,7004030,5045,2026-05-13 13:36:44,10,120,OUT_FOR_DELIVERY,32.87,SDD
913679,7004077,5149,2026-05-13 06:10:07,2,102,OUT_FOR_DELIVERY,30.39,EXP
913505,7004014,5124,2026-05-13 18:17:56,3,111,PICKUP,13.49,EXP
913889,7004142,5141,2026-05-13 12:16:43,1,101,FAILED,4.1,SDD
913403,7003985,5045,2026-05-13 10:14:47,6,127,ARRIVE,7.21,EXP
913386,7003981,5103,2026-05-13 20:23:53,9,113,OUT_FOR_DELIVERY,30.17,EXP
913933,7004155,5198,2026-05-13 09:32:05,2,125,DELIVERED,23.12,EXP
914236,7004237,5181,13/05/2026 10:16,7,121,DEPART,23.24,EXP
914211,7004229,5016,2026-05-13 13:07:48,9,109,PICKUP,15.23,ECO
914448,7004286,5053,2026-05-13 20:52:49,1,137,OUT_FOR_DELIVERY,47.26,EXP
913555,7004035,5161,2026-05-13 14:06:36,10,131,ARRIVE,45.27,ECO
913408,7003989,5195,2026-05-13 15:30:16,3,109,OUT_FOR_DELIVERY,2.23,EXP
914294,7004251,5011,2026-05-13 10:53:51,9,105,FAILED,15.0,STD
913610,7004053,5001,2026-05-13 17:01:56,8,115,PICKUP,11.46,STD
914306,7004255,5087,2026-05-13 12:52:33,2,102,OUT_FOR_DELIVERY,4.62,SDD
913924,7004153,5063,2026-05-13 14:02:33,5,112,ARRIVE,38.07,ECO
913989,7004168,5173,2026-05-13 06:04:36,9,104,ARRIVE,6.65,SDD
913899,7004146,5052,2026-05-13 18:17:03,9,112,DELIVERED,17.79,STD
913796,7004107,5157,2026-05-13 12:19:32,9,110,PICKUP,32.41,SDD
914381,7004269,5118,2026-05-13 21:51:06,2,108,DELIVERED,47.37,STD
914313,7004257,5124,2026-05-13 15:14:41,9,109,ARRIVE,7.99,SDD
913786,7004106,5192,2026-05-13 07:36:16,2,128,DEPART,43.76,STD
914509,7004306,5172,2026-05-13 07:34:55,1,139,DELIVERED,"20,85",SDD
914371,7004268,5060,2026-05-13 09:29:18,9,123,PICKUP,42.27,EXP
914550,7004326,5086,2026-05-13 09:04:36,1,123,OUT_FOR_DELIVERY,12.91,SDD
913335,7003964,5032,2026-05-13 15:28:56,8,110,FAILED,28.19,STD
914107,7004200,5089,2026-05-13 18:26:46,4,131,OUT_FOR_DELIVERY,12.97,SDD
914411,7004275,5160,2026-05-13 14:38:51,3,133,PICKUP,35.58,SDD
914098,7004198,5132,2026-05-13 16:55:45,10,111,OUT_FOR_DELIVERY,12.32,EXP
914327,7004258,5149,2026-05-13 21:27:23,4,114,ARRIVE,21.22,SDD
913684,7004077,5143,2026-05-13 18:19:35,4,128,DEPART,13.65,STD
914120,7004205,5198,2026-05-13 17:36:44,8,110,PICKUP,3.76,EXP
913429,7003992,5075,2026-05-13 13:12:20,6,114,PICKUP,36.74,EXP
913529,7004023,5102,2026-05-13 11:48:48,5,123,PICKUP,2.37,EXP
914136,7004208,5117,2026-05-13 11:22:25,2,121,ARRIVE,11.31,SDD
913558,7004035,5089,2026-05-13 12:12:55,1,107,DEPART,47.11,STD
913898,7004146,5043,2026-05-13 15:08:41,9,103,OUT_FOR_DELIVERY,23.61,EXP
913460,7003998,5166,2026-05-13 15:00:29,10,101,DELIVERED,15.52,EXP
914171,7004221,5094,2026-05-13 07:32:51,3,126,PICKUP,2.24,EXP
914207,7004227,5063,2026-05-13 17:10:32,7,104,DEPART,43.52,EXP
913653,7004065,5142,2026-05-13 20:28:05,2,125,FAILED,4.88,STD
913409,7003989,5176,2026-05-13 07:49:05,6,116,DELIVERED,7.31,SDD
914003,7004171,5049,2026-05-13 09:27:12,3,118,FAILED,46.47,SDD
913714,7004085,5046,2026-05-13 06:46:54,4,124,ARRIVE,26.7,ECO
914036,7004178,5102,2026-05-13 07:44:15,2,127,FAILED,"21,76",EXP
913936,7004156,5104,2026-05-13 21:42:21,8,128,DELIVERED,16.22,SDD
914431,7004282,5161,2026-05-13 21:05:23,5,119,ARRIVE,32.12,SDD
914271,7004244,5171,2026-05-13 19:05:35,5,132,PICKUP,27.02,EXP
914482,7004295,5113,2026-05-13 11:29:20,7,113,DELIVERED,36.35,STD
913740,7004093,5012,2026-05-13 15:42:14,10,125,OUT_FOR_DELIVERY,19.66,STD
914255,7004241,5018,2026-05-13 14:13:21,3,122,ARRIVE,44.63,SDD
913680,7004077,5135,2026-05-13 17:04:21,3,128,DEPART,40.63,EXP
913936,7004156,5104,2026-05-13 21:42:21,8,128,DELIVERED,16.22,SDD
914066,7004189,5180,2026-05-13 19:09:52,4,130,PICKUP,16.13,ECO
914452,7004288,5022,2026-05-13 20:14:43,8,108,DELIVERED,26.45,STD
914523,7004313,5172,2026-05-13 10:05:24,3,108,OUT_FOR_DELIVERY,13.49,STD
913627,7004057,5016,2026-05-13 21:28:44,1,108,PICKUP,29.46,ECO
913530,7004024,5195,2026-05-13 06:03:13,6,128,DEPART,29.58,ECO
914406,7004275,5182,2026-05-13 19:04:03,2,131,ARRIVE,12.66,ECO
914580,7004337,5139,2026-05-13 06:03:36,7,111,FAILED,0.27,SDD
914006,7004173,5134,2026-05-13 06:41:01,2,133,FAILED,33.93,ECO
914059,7004187,5076,2026-05-13 12:34:44,1,139,ARRIVE,33.25,SDD
913338,7003965,5022,2026-05-13 19:49:46,8,112,DELIVERED,39.78,EXP
913962,7004161,5002,2026-05-13 16:28:37,6,126,DELIVERED,5.19,EXP
913832,7004120,5067,2026-05-13 07:25:57,7,120,FAILED,8.28,EXP
913556,7004035,5001,2026-05-13 14:34:45,2,128,ARRIVE,3.86,STD
913931,7004155,5060,2026-05-13 07:55:57,10,124,PICKUP,2.62,SDD
914315,7004257,5041,2026-05-13 19:58:01,7,124,ARRIVE,45.07,ECO
913717,7004086,5043,2026-05-13 20:25:09,5,120,PICKUP,27.38,EXP
913458,7003998,5039,2026-05-13 15:24:39,6,132,OUT_FOR_DELIVERY,15.96,STD
913660,7004069,5138,2026-05-13 19:27:36,2,106,DELIVERED,17.87,SDD
914359,7004266,5161,2026-05-13 08:58:52,9,133,DEPART,34.36,SDD
914051,7004184,5166,2026-05-13 17:24:24,3,103,OUT_FOR_DELIVERY,3.4,EXP
914544,7004325,5102,2026-05-13 15:18:49,3,139,PICKUP,10.64,SDD
914002,7004171,5044,2026-05-13 07:15:24,5,101,ARRIVE,26.25,ECO
913749,7004094,5200,2026-05-13 08:11:17,5,101,ARRIVE,27.53,SDD
913571,7004040,5088,2026-05-13 13:19:34,10,123,DELIVERED,18.52,EXP
914010,7004173,5100,2026-05-13 07:38:27,1,114,DEPART,44.79,ECO
913562,7004037,5043,2026-05-13 21:17:55,2,112,ARRIVE,3.96,SDD
914057,7004186,5199,2026-05-13 12:32:26,8,129,OUT_FOR_DELIVERY,47.33,EXP
914054,7004184,5049,2026-05-13 08:17:13,2,140,OUT_FOR_DELIVERY,13.22,EXP
913884,7004140,5187,2026-05-13 13:06:44,6,132,PICKUP,47.98,ECO
913510,7004017,5132,2026-05-13 18:16:57,1,115,ARRIVE,43.8,SDD
914510,7004307,5086,2026-05-13 14:52:59,2,139,PICKUP,5.6,ECO
913563,7004038,5197,2026-05-13 19:09:29,2,114,DEPART,36.56,ECO
914209,7004228,5034,2026-05-13 08:36:21,3,101,PICKUP,10.31,SDD
913318,7003958,5130,2026-05-13 07:07:22,5,133,FAILED,33.85,STD
914424,7004281,5001,2026-05-13 13:40:57,99,116,ARRIVE,47.95,EXP
914246,7004239,5030,2026-05-13 14:12:45,6,109,OUT_FOR_DELIVERY,33.83,ECO
913907,7004147,5066,2026-05-13 19:51:55,8,124,DELIVERED,12.27,ECO
914037,7004178,5150,2026-05-13 06:58:04,3,108,FAILED,11.39,ECO
913469,7004001,5083,2026-05-13 16:29:07,4,103,OUT_FOR_DELIVERY,3.9,STD
913847,7004123,5043,2026-05-13 10:07:06,7,104,DEPART,2.44,EXP
913776,7004103,5076,2026-05-13 06:30:12,4,116,DEPART,37.62,ECO
914339,7004262,5072,2026-05-13 07:57:37,2,107,DELIVERED,47.63,SDD
913860,7004129,5080,2026-05-13 14:14:54,1,121,ARRIVE,0.65,ECO
913334,7003964,5183,2026-05-13 09:13:03,6,119,DEPART,28.6,STD
913662,7004071,5164,2026-05-13 18:25:10,9,130,PICKUP,37.76,ECO
914387,7004270,5135,2026-05-13 20:06:12,1,131,ARRIVE,43.58,SDD
914135,7004208,5164,2026-05-13 18:23:55,3,130,DELIVERED,30.64,SDD
913737,7004093,5011,2026-05-13 18:09:14,2,121,OUT_FOR_DELIVERY,22.23,SDD
914422,7004281,5134,2026-05-13 12:36:05,2,120,DELIVERED,42.14,STD
913610,7004053,5001,2026-05-13 17:01:56,8,115,PICKUP,11.46,STD
913938,7004156,5116,2026-05-13 06:32:48,7,140,FAILED,23.57,STD
914570,7004333,5101,2026-05-13 15:32:17,7,121,ARRIVE,34.23,EXP
913821,7004113,5109,13/05/2026 19:03,2,134,DELIVERED,39.58,ECO
913479,7004005,5080,2026-05-13 12:40:28,7,126,FAILED,20.41,STD
914273,7004244,5044,2026-05-13 12:37:28,8,118,PICKUP,21.81,STD
914436,7004283,5191,2026-05-13 21:10:27,9,131,delivered,46.05,SDD
913721,7004087,5108,2026-05-13 06:20:07,9,124,OUT_FOR_DELIVERY,47.18,STD
913445,7003997,5032,2026-05-13 07:32:08,3,121,DEPART,38.82,EXP
914506,7004304,5009,2026-05-13 12:00:53,8,,OUT_FOR_DELIVERY,11.55,SDD
913531,7004024,5093,2026-05-13 11:05:12,3,107,DEPART,29.03,SDD
913746,7004093,5109,2026-05-13 17:35:39,3,112,OUT_FOR_DELIVERY,11.32,ECO
914569,7004333,5073,2026-05-13 16:46:06,3,109,DEPART,13.72,EXP
913580,7004043,5044,2026-05-13 17:40:03,3,114,DEPART,4.04,SDD
913723,7004087,5023,2026-05-13 20:28:38,4,128,DEPART,2.5,ECO
914469,7004292,5029,2026-05-13 14:28:51,10,126,DEPART,38.49,EXP
914126,7004208,5018,2026-05-13 17:15:27,8,124,ARRIVE,"37,46",ECO
913726,7004088,5103,2026-05-13 12:44:25,4,105,PICKUP,24.95,STD
914459,7004290,5109,2026-05-13 09:35:12,7,119,DELIVERED,28.04,EXP
914197,7004226,5056,2026-05-13 16:43:18,6,122,DELIVERED,16.71,EXP
913427,7003992,5145,2026-05-13 06:32:19,3,140,DEPART,26.32,ECO
914142,7004211,5049,2026-05-13 09:01:06,99,116,FAILED,43.75,SDD
913700,7004080,5031,2026-05-13 18:48:24,6,114,DELIVERED,19.7,ECO
914399,7004273,5046,2026-05-13 12:40:10,6,121,ARRIVE,12.07,EXP
914301,7004252,5196,2026-05-13 12:21:34,8,136,FAILED,44.91,SDD
914536,7004320,5089,2026-05-13 20:59:14,1,128,DELIVERED,5.5,SDD
914416,7004278,5169,2026-05-13 21:23:21,8,108,PICKUP,30.06,SDD
913321,7003961,5196,2026-05-13 18:16:00,8,116,DEPART,28.12,EXP
914532,7004317,5102,2026-05-13 18:45:32,8,118,FAILED,32.1,STD
913647,7004063,5076,2026-05-13 20:54:53,5,126,OUT_FOR_DELIVERY,"39,28",EXP
913493,7004011,5170,2026-05-13 09:21:19,6,114,OUT_FOR_DELIVERY,28.64,SDD
913948,7004157,5166,2026-05-13 13:15:16,4,136,OUT_FOR_DELIVERY,2.71,STD
913405,7003986,5141,2026-05-13 18:43:28,7,121,DELIVERED,23.03,EXP
914017,7004174,5111,2026-05-13 06:25:57,7,134,OUT_FOR_DELIVERY,19.14,SDD
913927,7004153,5012,2026-05-13 16:52:27,4,120,ARRIVE,27.0,SDD
913945,7004157,5051,2026-05-13 17:04:51,1,118,DELIVERED,16.02,SDD
914096,7004196,5089,2026-05-13 14:05:25,1,139,DELIVERED,5.68,SDD
914170,7004220,5006,2026-05-13 06:45:19,3,136,DEPART,44.22,ECO
913902,7004146,5111,2026-05-13 12:00:35,10,129,DEPART,38.61,SDD
913368,7003974,5116,2026-05-13 21:08:39,9,120,DELIVERED,32.56,SDD
913955,7004159,5094,2026-05-13 18:09:24,1,112,ARRIVE,"36,4",ECO
913927,7004153,5012,2026-05-13 16:52:27,4,120,ARRIVE,27.0,SDD
913580,7004043,5044,2026-05-13 17:40:03,3,114,DEPART,4.04,SDD
913909,7004148,5066,2026-05-13 18:29:48,7,136,ARRIVE,0.72,SDD
913565,7004038,5200,2026-05-13 12:50:01,6,114,OUT_FOR_DELIVERY,26.35,STD
914180,7004222,5094,2026-05-13 10:34:48,1,127,FAILED,33.13,STD
913705,7004081,5197,2026-05-13 15:30:54,8,131,OUT_FOR_DELIVERY,44.62,STD
913604,7004053,5011,2026-05-13 08:21:48,7,124,PICKUP,43.21,STD
914030,7004177,5150,2026-05-13 08:31:59,6,102,FAILED,36.5,EXP
914359,7004266,5161,2026-05-13 08:58:52,9,133,DEPART,34.36,SDD
914474,7004294,5182,2026-05-13 17:28:17,6,115,OUT_FOR_DELIVERY,47.37,ECO
913575,7004042,5041,2026-05-13 12:42:52,5,111,DEPART,5.01,EXP
913922,7004152,5154,2026-05-13 17:32:40,6,138,DELIVERED,"12,6",ECO
914234,7004237,5198,2026-05-13 16:35:57,1,125,ARRIVE,38.13,ECO
914017,7004174,5111,2026-05-13 06:25:57,7,134,OUT_FOR_DELIVERY,19.14,SDD
914516,7004311,5183,2026-05-13 17:39:49,3,127,DEPART,16.3,STD
914413,7004277,5149,2026-05-13 09:47:29,6,104,FAILED,2.67,STD
914199,7004226,5075,2026-05-13 08:35:12,1,109,PICKUP,26.06,ECO
913393,7003982,5021,2026-05-13 07:52:25,7,127,delivered,11.47,EXP
913855,7004127,5053,2026-05-13 12:26:06,2,102,PICKUP,15.07,EXP
913897,7004146,5065,2026-05-13 18:46:14,10,113,DELIVERED,20.9,STD
913620,7004056,5036,2026-05-13 17:52:31,5,135,DELIVERED,17.48,SDD
913814,7004111,5198,2026-05-13 08:01:17,3,106,delivered,19.67,EXP
914197,7004226,5056,2026-05-13 16:43:18,6,122,DELIVERED,16.71,EXP
913554,7004034,5051,2026-05-13 11:12:30,1,138,PICKUP,22.23,STD
914257,7004241,5086,2026-05-13 18:40:45,1,135,OUT_FOR_DELIVERY,44.4,EXP
914366,7004268,5025,2026-05-13 14:21:36,3,101,FAILED,30.5,SDD
913534,7004025,5079,2026-05-13 06:43:35,6,101,OUT_FOR_DELIVERY,45.27,SDD
913527,7004023,5197,2026-05-13 14:27:34,3,116,OUT_FOR_DELIVERY,41.18,ECO
913992,7004168,5086,2026-05-13 16:34:39,8,128,OUT_FOR_DELIVERY,46.26,EXP
914351,7004265,5035,2026-05-13 12:14:49,10,104,ARRIVE,0.73,EXP
913663,7004072,5152,2026-05-13 16:17:46,7,103,PICKUP,28.5,STD
914356,7004266,5116,2026-05-13 06:49:42,5,104,OUT_FOR_DELIVERY,20.7,SDD
913381,7003980,5113,2026-05-13 06:17:42,6,127,FAILED,19.33,ECO
914050,7004184,5155,2026-05-13 19:51:55,3,101,DELIVERED,29.59,SDD
913935,7004156,5169,2026-05-13 15:55:53,1,135,PICKUP,19.21,STD
913358,7003973,5047,2026-05-13 13:17:02,6,134,OUT_FOR_DELIVERY,4.53,SDD
914127,7004208,5128,2026-05-13 13:31:37,4,120,PICKUP,37.11,STD
913712,7004085,5006,2026-05-13 15:05:24,2,111,ARRIVE,38.83,STD
913621,7004056,5166,2026-05-13 07:56:17,7,120,DEPART,8.93,ECO
914268,7004243,5143,2026-05-13 12:21:02,6,132,DELIVERED,11.64,EXP
914073,7004190,5058,2026-05-13 12:50:47,5,117,DEPART,34.63,STD
914435,7004283,5158,2026-05-13 10:10:58,8,136,DEPART,2.17,STD
914090,7004193,5140,2026-05-13 17:06:01,5,123,OUT_FOR_DELIVERY,22.53,STD
913511,7004017,5055,2026-05-13 19:05:32,4,110,ARRIVE,42.61,SDD
914026,7004177,5076,2026-05-13 16:44:55,8,124,DELIVERED,26.21,ECO
914225,7004233,5017,2026-05-13 08:10:43,3,111,DELIVERED,26.52,SDD
914122,7004205,5171,2026-05-13 14:53:21,10,136,ARRIVE,2.14,STD
913661,7004070,5192,2026-05-13 19:45:25,6,122,ARRIVE,"17,59",STD
913385,7003980,5014,2026-05-13 06:48:17,10,103,OUT_FOR_DELIVERY,30.85,EXP
913692,7004079,5197,2026-05-13 10:02:14,10,115,DEPART,15.37,STD
913863,7004130,5195,2026-05-13 17:14:57,3,113,ARRIVE,36.55,STD
914053,7004184,5109,2026-05-13 21:55:40,8,128,ARRIVE,43.9,SDD
913970,7004162,5106,2026-05-13 15:12:35,1,129,DELIVERED,39.02,ECO
914343,7004262,5176,2026-05-13 11:53:01,7,133,DEPART,5.13,SDD
914165,7004218,5088,2026-05-13 09:21:27,10,108,ARRIVE,4.31,SDD
913768,7004102,5091,2026-05-13 16:51:27,9,103,DEPART,32.02,STD
913596,7004051,5080,2026-05-13 13:56:56,6,131,DELIVERED,17.36,STD
913373,7003977,5199,2026-05-13 15:44:18,2,101,DELIVERED,19.16,SDD
914067,7004189,5164,2026-05-13 08:17:59,4,123,FAILED,21.46,ECO
913795,7004106,5181,2026-05-13 11:37:34,1,129,ARRIVE,42.95,SDD
914229,7004235,5193,2026-05-13 19:53:58,2,104,OUT_FOR_DELIVERY,17.41,SDD
913888,7004141,5087,2026-05-13 06:30:40,5,126,FAILED,44.07,ECO
913383,7003980,5140,2026-05-13 07:37:56,7,102,FAILED,35.29,EXP
913770,7004103,5082,2026-05-13 18:46:57,8,129,DELIVERED,26.74,ECO
913652,7004065,5101,2026-05-13 11:56:47,7,140,ARRIVE,12.71,ECO
913788,7004106,5194,2026-05-13 19:42:08,6,101,DELIVERED,14.11,SDD
914262,7004242,5020,2026-05-13 20:21:47,2,130,PICKUP,46.98,ECO
914247,7004239,5176,2026-05-13 13:15:05,3,114,OUT_FOR_DELIVERY,39.92,SDD
914496,7004301,5104,2026-05-13 07:36:48,3,124,DELIVERED,46.62,ECO
913808,7004110,5082,2026-05-13 20:16:11,8,122,DEPART,10.94,EXP
914249,7004239,5029,2026-05-13 16:27:24,5,134,PICKUP,7.87,SDD
913823,7004115,5147,2026-05-13 14:02:06,10,115,PICKUP,11.54,STD
913468,7004001,5145,2026-05-13 12:59:38,4,105,PICKUP,1.01,STD
913769,7004102,5183,2026-05-13 19:53:11,8,135,PICKUP,33.27,STD
913857,7004128,5005,2026-05-13 12:41:58,1,123,DELIVERED,0.32,EXP
913420,7003990,5031,2026-05-13 17:56:48,7,127,DEPART,35.94,ECO
913434,7003993,5188,2026-05-13 07:50:09,3,114,PICKUP,40.91,ECO
913766,7004101,5121,2026-05-13 07:19:59,3,127,DELIVERED,"6,58",STD
913730,7004090,5127,2026-05-13 09:32:26,3,128,FAILED,36.04,SDD
913735,7004092,5035,2026-05-13 14:29:45,10,110,DELIVERED,44.55,EXP
913922,7004152,5154,2026-05-13 17:32:40,6,138,DELIVERED,"12,6",ECO
914278,7004245,5143,2026-05-13 20:22:28,10,113,PICKUP,24.16,EXP
913482,7004007,5110,2026-05-13 17:46:36,9,133,FAILED,9.28,EXP
913320,7003960,5196,2026-05-13 07:57:55,5,,PICKUP,10.38,SDD
914424,7004281,5001,2026-05-13 13:40:57,99,116,ARRIVE,47.95,EXP
914079,7004193,5104,2026-05-13 17:50:16,7,120,DEPART,14.97,STD
913524,7004021,5182,2026-05-13 10:19:34,10,118,OUT_FOR_DELIVERY,"10,52",STD
913549,7004031,5099,2026-05-13 08:00:55,2,131,DELIVERED,2.94,STD
914254,7004241,5163,2026-05-13 06:25:11,10,109,DEPART,0.69,EXP
913727,7004088,5163,2026-05-13 19:24:52,10,106,FAILED,43.82,SDD
914029,7004177,5071,2026-05-13 20:58:34,10,119,FAILED,35.36,STD
914495,7004301,5005,2026-05-13 13:53:20,7,119,FAILED,41.36,EXP
914407,7004275,5091,2026-05-13 07:54:21,8,133,DEPART,44.54,SDD
914209,7004228,5034,2026-05-13 08:36:21,3,101,PICKUP,10.31,SDD
914007,7004173,5050,2026-05-13 20:23:25,1,104,DELIVERED,9.55,EXP
913850,7004123,5053,2026-05-13 19:14:05,5,118,DELIVERED,16.07,ECO
913472,7004002,5186,2026-05-13 15:53:49,6,106,OUT_FOR_DELIVERY,28.17,STD
913448,7003997,5094,2026-05-13 13:07:54,8,106,ARRIVE,38.95,ECO
913807,7004110,5029,2026-05-13 16:41:43,5,127,PICKUP,39.92,ECO
913683,7004077,5152,2026-05-13 17:18:49,3,111,DEPART,20.28,SDD
914022,7004175,5079,2026-05-13 19:11:57,5,109,ARRIVE,31.48,SDD
913538,7004027,5122,13/05/2026 20:29,10,117,DEPART,3.82,ECO
913999,7004170,5008,2026-05-13 20:15:10,3,123,ARRIVE,33.12,EXP
914434,7004283,5114,2026-05-13 14:37:23,1,120,ARRIVE,9.06,EXP
913865,7004131,5072,2026-05-13 07:38:34,7,112,PICKUP,44.69,SDD
914270,7004244,5191,2026-05-13 12:13:39,10,138,DELIVERED,44.22,ECO
913937,7004156,5154,13/05/2026 14:27,8,122,PICKUP,12.82,STD
914389,7004271,5186,2026-05-13 21:00:45,8,101,PICKUP,29.35,STD
914119,7004205,5044,2026-05-13 11:27:37,99,117,PICKUP,9.54,STD
913396,7003982,5145,2026-05-13 08:24:13,10,104,FAILED,22.48,ECO
913755,7004096,5107,2026-05-13 07:01:15,8,125,DEPART,1.57,STD
914572,7004334,5050,2026-05-13 21:01:07,7,125,ARRIVE,0.99,EXP
913908,7004148,5170,2026-05-13 15:00:05,3,125,FAILED,11.94,SDD
914461,7004290,5070,2026-05-13 08:51:45,4,106,DELIVERED,5.27,ECO
913595,7004050,5020,2026-05-13 14:53:39,8,118,FAILED,14.59,ECO
914140,7004211,5159,2026-05-13 10:42:54,6,131,DEPART,3.35,SDD
913508,7004016,5051,2026-05-13 14:56:03,10,107,DELIVERED,32.5,EXP
914386,7004269,5041,2026-05-13 15:07:04,1,107,DEPART,44.26,STD
913733,7004092,5199,2026-05-13 13:32:50,6,139,OUT_FOR_DELIVERY,16.73,STD
913516,7004020,5072,2026-05-13 16:34:41,8,113,DEPART,45.2,SDD
914340,7004262,5147,2026-05-13 09:39:28,8,121,FAILED,44.23,EXP
913690,7004078,5129,2026-05-13 09:13:08,2,118,DELIVERED,2.62,ECO
913398,7003983,5195,2026-05-13 14:30:37,6,111,DEPART,10.63,EXP
913802,7004108,5195,2026-05-13 09:30:19,10,107,DEPART,30.73,STD
913349,7003967,5063,2026-05-13 12:50:12,1,116,PICKUP,4.48,STD
914037,7004178,5150,2026-05-13 06:58:04,3,108,FAILED,11.39,ECO
913990,7004168,5181,2026-05-13 14:58:50,10,126,OUT_FOR_DELIVERY,9.34,STD
913526,7004023,5149,2026-05-13 21:12:01,9,121,ARRIVE,6.36,ECO
913619,7004055,5027,2026-05-13 07:17:30,1,131,PICKUP,47.26,EXP
913561,7004037,5107,2026-05-13 17:29:40,8,119,DELIVERED,5.88,EXP
913592,7004048,5062,2026-05-13 13:18:12,5,102,DEPART,47.83,ECO
913774,7004103,5005,2026-05-13 13:42:44,9,125,OUT_FOR_DELIVERY,9.83,SDD
914397,7004273,5084,2026-05-13 19:39:02,10,107,PICKUP,17.22,STD
914044,7004182,5186,2026-05-13 19:14:41,9,108,ARRIVE,26.69,EXP
913533,7004024,5117,2026-05-13 08:03:55,3,135,OUT_FOR_DELIVERY,"10,19",SDD
913972,7004163,5134,2026-05-13 12:17:40,9,106,OUT_FOR_DELIVERY,13.88,ECO
914443,7004286,5091,2026-05-13 21:34:38,2,112,DEPART,24.79,STD
914008,7004173,5027,2026-05-13 12:17:04,10,129,DELIVERED,36.02,STD
914077,7004191,5037,2026-05-13 15:19:51,9,124,DELIVERED,28.58,SDD
913888,7004141,5087,2026-05-13 06:30:40,5,126,FAILED,44.07,ECO
913851,7004124,5032,2026-05-13 20:51:22,10,116,PICKUP,19.34,STD
913667,7004074,5066,2026-05-13 21:45:11,10,101,PICKUP,43.09,EXP
913665,7004074,5111,2026-05-13 11:06:18,9,135,ARRIVE,9.59,EXP
913436,7003993,5200,2026-05-13 09:57:29,4,129,DEPART,40.62,ECO
914387,7004270,5135,2026-05-13 20:06:12,1,131,ARRIVE,43.58,SDD
914080,7004193,5111,2026-05-13 12:23:02,4,119,ARRIVE,38.3,SDD
914515,7004310,5001,2026-05-13 21:06:45,9,116,ARRIVE,35.96,EXP
913820,7004112,5026,2026-05-13 07:41:24,3,110,PICKUP,11.47,ECO
914248,7004239,5025,2026-05-13 14:50:52,2,128,DELIVERED,21.59,STD
914039,7004179,5058,2026-05-13 16:31:55,3,118,ARRIVE,47.91,ECO
914287,7004249,5088,2026-05-13 06:13:18,10,137,ARRIVE,42.96,SDD
914193,7004225,5007,2026-05-13 21:28:17,9,135,DEPART,40.37,SDD
914348,7004265,5189,2026-05-13 09:41:20,8,131,DELIVERED,4.24,EXP
914441,7004286,5072,2026-05-13 17:28:02,4,131,FAILED,12.53,ECO
914234,7004237,5198,2026-05-13 16:35:57,1,125,ARRIVE,38.13,ECO
914534,7004319,5060,2026-05-13 15:20:53,7,139,FAILED,10.21,EXP
914217,7004231,5159,2026-05-13 19:00:04,8,139,ARRIVE,20.83,SDD
914241,7004238,5058,2026-05-13 17:28:43,8,119,FAILED,0.74,ECO
913575,7004042,5041,2026-05-13 12:42:52,5,111,DEPART,5.01,EXP
913461,7003998,5043,2026-05-13 11:49:39,5,111,FAILED,20.21,SDD
914315,7004257,5041,2026-05-13 19:58:01,7,124,ARRIVE,45.07,ECO
913553,7004033,5061,2026-05-13 17:07:09,2,126,PICKUP,39.63,ECO
913417,7003990,5068,2026-05-13 06:14:03,8,138,FAILED,25.11,ECO
913577,7004043,5136,2026-05-13 17:44:06,10,102,FAILED,"5,21",STD
913742,7004093,5146,2026-05-13 14:20:18,5,138,DEPART,27.15,SDD
913397,7003983,5139,2026-05-13 16:27:08,5,120,PICKUP,43.03,SDD
913552,7004032,5148,2026-05-13 18:24:41,4,132,ARRIVE,2.49,STD
913407,7003988,5170,2026-05-13 20:32:44,2,104,OUT_FOR_DELIVERY,41.65,SDD
913390,7003982,5006,2026-05-13 16:30:44,4,127,OUT_FOR_DELIVERY,11.84,ECO
914052,7004184,5114,2026-05-13 17:18:47,3,130,DEPART,6.53,ECO
914574,7004335,5050,2026-05-13 13:04:46,5,122,DELIVERED,42.97,SDD
913486,7004008,5130,2026-05-13 11:47:39,5,132,PICKUP,34.38,ECO
914365,7004268,5058,2026-05-13 07:13:16,5,109,OUT_FOR_DELIVERY,46.72,ECO
913745,7004093,5159,2026-05-13 09:53:17,8,137,ARRIVE,37.71,SDD
913327,7003962,5169,2026-05-13 11:40:44,4,118,DELIVERED,17.01,SDD
914353,7004266,5026,2026-05-13 18:29:39,3,104,ARRIVE,39.37,STD
914152,7004214,5162,2026-05-13 14:12:17,6,108,FAILED,37.27,SDD
914332,7004260,5073,2026-05-13 14:41:38,4,109,PICKUP,43.31,EXP
913456,7003998,5110,2026-05-13 16:47:30,4,136,DELIVERED,6.13,SDD
914571,7004333,5174,2026-05-13 18:54:55,7,139,ARRIVE,22.0,ECO
914482,7004295,5113,2026-05-13 11:29:20,7,113,DELIVERED,36.35,STD
914154,7004215,5094,2026-05-13 19:58:27,7,102,PICKUP,24.63,ECO
914358,7004266,5137,2026-05-13 08:12:03,3,114,arrive,37.84,EXP
913944,7004157,5098,2026-05-13 15:40:38,8,138,OUT_FOR_DELIVERY,"37,52",ECO
914338,7004262,5023,2026-05-13 19:25:07,10,106,OUT_FOR_DELIVERY,26.12,EXP
913347,7003967,5146,13/05/2026 18:08,9,136,DELIVERED,,STD
913740,7004093,5012,2026-05-13 15:42:14,10,125,OUT_FOR_DELIVERY,19.66,STD
914112,7004203,5125,2026-05-13 14:49:10,7,130,FAILED,28.14,EXP
913481,7004006,5120,2026-05-13 18:13:19,8,101,DELIVERED,36.56,ECO
914191,7004225,5139,2026-05-13 14:10:19,1,126,failed,43.88,STD
914410,7004275,5189,2026-05-13 06:50:52,8,124,ARRIVE,7.56,SDD
913903,7004146,5100,2026-05-13 20:26:48,7,125,DEPART,30.56,STD
914155,7004215,5026,2026-05-13 15:37:44,1,112,PICKUP,41.59,STD
913924,7004153,5063,2026-05-13 14:02:33,5,112,ARRIVE,38.07,ECO
913742,7004093,5146,2026-05-13 14:20:18,5,138,DEPART,27.15,SDD
913651,7004065,5155,2026-05-13 08:15:37,3,137,FAILED,5.24,STD
914342,7004262,5002,2026-05-13 14:39:28,5,125,OUT_FOR_DELIVERY,3.01,ECO
914134,7004208,5049,2026-05-13 13:51:23,5,136,DEPART,42.83,STD
914378,7004269,5051,2026-05-13 14:48:02,6,105,OUT_FOR_DELIVERY,"16,44",EXP
914467,7004292,5004,2026-05-13 10:40:49,7,140,PICKUP,43.15,ECO
913421,7003990,5003,2026-05-13 15:58:44,1,133,ARRIVE,12.88,EXP
914517,7004311,5093,2026-05-13 09:05:45,2,139,DEPART,47.45,EXP
913685,7004077,5141,2026-05-13 06:42:03,9,109,PICKUP,"30,1",EXP
914479,7004295,5150,2026-05-13 20:31:31,9,135,FAILED,4.72,EXP
914518,7004311,5048,2026-05-13 13:59:27,10,137,OUT_FOR_DELIVERY,31.3,EXP
913645,7004062,5134,2026-05-13 20:28:29,10,118,DEPART,36.55,SDD
913697,7004079,5094,2026-05-13 08:45:10,9,135,OUT_FOR_DELIVERY,18.21,ECO
913612,7004053,5180,2026-05-13 13:40:02,3,101,FAILED,43.31,ECO
913427,7003992,5145,2026-05-13 06:32:19,3,140,DEPART,26.32,ECO
913706,7004082,5027,2026-05-13 20:02:37,5,111,FAILED,44.72,SDD
913468,7004001,5145,2026-05-13 12:59:38,4,105,PICKUP,1.01,STD
913960,7004161,5112,2026-05-13 15:53:13,2,136,DELIVERED,,STD
913522,7004020,5198,2026-05-13 12:39:08,10,105,OUT_FOR_DELIVERY,2.31,STD
913420,7003990,5031,2026-05-13 17:56:48,7,127,DEPART,35.94,ECO
913741,7004093,5084,2026-05-13 06:18:59,6,125,DEPART,19.77,STD
914308,7004256,5082,2026-05-13 14:17:54,10,126,FAILED,10.76,STD
913400,7003983,5162,2026-05-13 06:54:23,8,135,PICKUP,,STD
914483,7004296,5115,2026-05-13 19:44:31,7,,DELIVERED,45.97,STD
914187,7004224,5159,2026-05-13 20:56:37,4,117,PICKUP,21.39,ECO
914075,7004190,5144,2026-05-13 11:03:55,5,112,DELIVERED,2.69,STD
913528,7004023,5060,2026-05-13 10:44:04,9,107,PICKUP,31.34,EXP
914429,7004282,5092,2026-05-13 20:53:07,7,135,FAILED,6.96,STD
913782,7004104,5152,2026-05-13 09:19:11,2,107,DELIVERED,37.42,EXP
913426,7003992,5189,2026-05-13 14:23:12,1,127,DELIVERED,18.24,ECO
913608,7004053,5032,2026-05-13 15:12:41,5,109,DELIVERED,35.86,ECO
913947,7004157,5174,2026-05-13 08:06:52,2,107,PICKUP,14.72,ECO
913771,7004103,5135,2026-05-13 16:43:07,8,124,ARRIVE,36.56,STD
913620,7004056,5036,2026-05-13 17:52:31,5,135,DELIVERED,17.48,SDD
914527,7004314,5100,2026-05-13 08:01:23,8,107,DELIVERED,15.72,STD
914216,7004231,5050,2026-05-13 08:08:46,9,111,FAILED,34.31,ECO
913582,7004044,5024,2026-05-13 06:44:24,5,114,ARRIVE,24.03,EXP
913787,7004106,5075,2026-05-13 18:23:09,5,114,ARRIVE,30.48,SDD
914127,7004208,5128,2026-05-13 13:31:37,4,120,PICKUP,37.11,STD
913431,7003992,5074,2026-05-13 15:44:09,8,134,FAILED,15.21,ECO
914511,7004307,5019,2026-05-13 06:38:44,3,126,arrive,9.43,ECO
913972,7004163,5134,2026-05-13 12:17:40,9,106,OUT_FOR_DELIVERY,13.88,ECO
913489,7004009,5137,2026-05-13 07:37:55,10,108,PICKUP,34.62,SDD
914071,7004190,5034,2026-05-13 07:23:24,1,106,ARRIVE,24.65,SDD
913862,7004130,5084,2026-05-13 15:03:33,8,115,DELIVERED,38.69,EXP
914291,7004250,5161,2026-05-13 20:41:22,6,131,PICKUP,6.61,STD
914580,7004337,5139,2026-05-13 06:03:36,7,111,FAILED,0.27,SDD
913798,7004108,5004,2026-05-13 11:23:24,6,123,DEPART,34.75,SDD
913905,7004147,5184,2026-05-13 17:40:34,7,121,FAILED,41.21,SDD
914081,7004193,5147,2026-05-13 09:57:42,1,121,DELIVERED,14.53,EXP
913492,7004011,5148,2026-05-13 09:45:17,7,135,FAILED,43.88,ECO
914152,7004214,5162,2026-05-13 14:12:17,6,108,FAILED,37.27,SDD
913813,7004111,5029,2026-05-13 21:27:52,10,118,PICKUP,23.6,STD
913846,7004123,5076,2026-05-13 17:17:10,4,122,FAILED,6.49,SDD
913531,7004024,5093,2026-05-13 11:05:12,3,107,DEPART,29.03,SDD
914283,7004248,5125,2026-05-13 10:40:08,4,118,OUT_FOR_DELIVERY,9.54,EXP
914030,7004177,5150,2026-05-13 08:31:59,6,102,FAILED,36.5,EXP
913523,7004020,5122,2026-05-13 09:47:31,9,112,PICKUP,29.62,SDD
914094,7004196,5174,2026-05-13 17:37:44,2,130,OUT_FOR_DELIVERY,24.21,SDD
913536,7004026,5067,2026-05-13 09:37:16,3,123,OUT_FOR_DELIVERY,1.34,ECO
913699,7004080,5040,2026-05-13 16:11:15,1,131,FAILED,36.67,EXP
914201,7004226,5081,2026-05-13 15:54:07,10,134,OUT_FOR_DELIVERY,29.43,STD
913470,7004001,5092,2026-05-13 15:06:52,4,122,DEPART,22.67,SDD
914559,7004328,5011,2026-05-13 16:27:39,10,116,FAILED,45.54,ECO
913665,7004074,5111,2026-05-13 11:06:18,9,135,ARRIVE,9.59,EXP
913934,7004155,5132,2026-05-13 13:12:50,5,114,FAILED,4.37,SDD
914541,7004323,5131,2026-05-13 17:44:25,5,113,ARRIVE,0.87,STD
914243,7004239,5195,2026-05-13 19:03:10,9,104,OUT_FOR_DELIVERY,46.94,STD
913753,7004094,5184,2026-05-13 21:42:47,3,120,DELIVERED,44.64,EXP
913319,7003959,5056,2026-05-13 15:59:42,8,136,FAILED,3.26,ECO
914408,7004275,5117,2026-05-13 10:47:22,3,128,DELIVERED,10.57,ECO
914370,7004268,5013,2026-05-13 19:14:40,1,138,DELIVERED,34.74,SDD
913609,7004053,5110,2026-05-13 08:11:15,10,124,out_for_delivery,10.15,EXP
914284,7004249,5136,2026-05-13 08:51:10,8,108,ARRIVE,7.36,SDD
914048,7004184,5067,2026-05-13 17:36:23,5,140,DELIVERED,14.7,ECO
914551,7004327,5130,2026-05-13 17:38:15,10,107,OUT_FOR_DELIVERY,12.75,SDD
913829,7004120,5164,2026-05-13 17:36:03,1,113,DEPART,31.28,EXP
913760,7004098,5198,2026-05-13 21:42:48,1,110,FAILED,41.71,EXP
914302,7004252,5094,2026-05-13 14:36:38,9,102,PICKUP,16.82,EXP
913698,7004080,5165,2026-05-13 13:42:32,9,129,PICKUP,37.15,STD
914251,7004240,5093,2026-05-13 14:25:29,6,137,FAILED,43.89,EXP
914004,7004172,5080,2026-05-13 13:53:33,5,107,ARRIVE,"6,32",SDD
913886,7004141,5162,2026-05-13 16:45:02,10,107,OUT_FOR_DELIVERY,18.81,EXP
913325,7003962,5005,2026-05-13 20:50:04,5,103,OUT_FOR_DELIVERY,42.99,SDD
914432,7004282,5064,2026-05-13 09:09:17,3,117,ARRIVE,"2,06",SDD
914363,7004268,5012,2026-05-13 06:16:21,5,122,DELIVERED,26.33,SDD
913906,7004147,5175,2026-05-13 08:20:35,5,137,DELIVERED,"43,08",ECO
913709,7004083,5188,2026-05-13 09:37:02,8,124,DEPART,22.29,STD
914172,7004221,5072,2026-05-13 21:42:05,9,110,OUT_FOR_DELIVERY,19.47,SDD
913836,7004120,5001,2026-05-13 08:16:54,2,139,DEPART,14.65,SDD
914445,7004286,5050,2026-05-13 16:50:51,9,127,DEPART,41.72,SDD
913987,7004167,5182,2026-05-13 15:38:31,5,112,FAILED,16.02,EXP
913444,7003996,5046,2026-05-13 15:16:01,9,121,DEPART,4.56,STD
913801,7004108,5035,2026-05-13 08:18:18,1,114,DELIVERED,28.22,STD
914085,7004193,5022,2026-05-13 08:43:28,4,126,DEPART,28.41,EXP
914089,7004193,5197,2026-05-13 21:06:03,4,126,FAILED,44.5,ECO
913584,7004045,5158,2026-05-13 10:27:06,8,108,PICKUP,16.72,STD
913395,7003982,5096,2026-05-13 18:39:12,99,138,DEPART,2.93,SDD
913788,7004106,5194,2026-05-13 19:42:08,6,101,DELIVERED,14.11,SDD
914430,7004282,5159,2026-05-13 19:40:36,5,102,ARRIVE,3.97,EXP
913685,7004077,5141,2026-05-13 06:42:03,9,109,PICKUP,"30,1",EXP
914137,7004209,5078,2026-05-13 18:02:45,1,117,PICKUP,40.67,SDD
913954,7004159,5196,2026-05-13 11:14:00,3,112,DEPART,47.56,EXP
914227,7004234,5063,2026-05-13 12:09:51,2,116,DEPART,44.14,SDD
914215,7004231,5113,2026-05-13 16:43:01,7,117,DEPART,37.92,ECO
914267,7004243,5176,2026-05-13 09:08:24,5,118,OUT_FOR_DELIVERY,16.71,STD
914448,7004286,5053,2026-05-13 20:52:49,1,137,OUT_FOR_DELIVERY,47.26,EXP
914457,7004290,5018,2026-05-13 15:56:40,10,133,ARRIVE,18.6,STD
913361,7003973,5093,2026-05-13 16:11:25,8,134,OUT_FOR_DELIVERY,35.23,STD
914188,7004225,5038,2026-05-13 16:29:51,4,139,PICKUP,7.16,STD
913931,7004155,5060,2026-05-13 07:55:57,10,124,PICKUP,2.62,SDD
914439,7004285,5108,2026-05-13 15:51:16,8,111,FAILED,9.63,ECO
913500,7004013,5055,2026-05-13 12:46:16,8,103,DEPART,19.44,SDD
914333,7004260,5101,2026-05-13 07:19:33,4,133,OUT_FOR_DELIVERY,0.3,ECO
914285,7004249,5099,2026-05-13 11:54:54,2,123,PICKUP,47.74,EXP
913674,7004075,5076,2026-05-13 11:51:04,8,120,ARRIVE,14.23,STD
913511,7004017,5055,2026-05-13 19:05:32,4,110,ARRIVE,42.61,SDD
914486,7004298,5124,2026-05-13 08:14:27,8,106,DELIVERED,45.55,EXP
913362,7003973,5026,2026-05-13 17:12:56,7,137,ARRIVE,23.43,SDD
913607,7004053,5048,2026-05-13 13:24:32,2,122,FAILED,"37,6",EXP
913724,7004088,5002,2026-05-13 18:59:21,1,129,ARRIVE,607.86,EXP
914348,7004265,5189,2026-05-13 09:41:20,8,131,DELIVERED,4.24,EXP
913642,7004060,5112,2026-05-13 12:10:11,5,128,DEPART,"40,43",SDD
914311,7004256,5033,2026-05-13 15:35:11,4,124,PICKUP,2.26,SDD
913443,7003996,5150,2026-05-13 17:44:43,5,121,PICKUP,,ECO
913524,7004021,5182,2026-05-13 10:19:34,10,118,OUT_FOR_DELIVERY,"10,52",STD
914274,7004244,5039,2026-05-13 17:24:43,8,117,PICKUP,8.02,ECO
914153,7004214,5157,2026-05-13 08:49:08,4,106,OUT_FOR_DELIVERY,23.49,ECO
913786,7004106,5192,2026-05-13 07:36:16,2,128,DEPART,43.76,STD
913587,7004046,5070,2026-05-13 06:58:31,5,128,ARRIVE,14.15,ECO
914292,7004250,5131,2026-05-13 09:44:04,6,121,PICKUP,43.02,SDD
913365,7003974,5057,2026-05-13 09:21:20,5,134,OUT_FOR_DELIVERY,0.82,SDD
913968,7004162,5012,13/05/2026 09:58,10,128,DEPART,16.25,SDD
914208,7004228,5093,2026-05-13 17:45:40,9,106,OUT_FOR_DELIVERY,12.2,ECO
913532,7004024,5199,2026-05-13 08:58:25,8,109,PICKUP,23.47,SDD
914275,7004244,5195,2026-05-13 18:27:32,9,137,OUT_FOR_DELIVERY,10.15,ECO
913803,7004108,5057,2026-05-13 11:36:23,3,110,OUT_FOR_DELIVERY,24.63,STD
913976,7004164,5089,2026-05-13 06:57:31,4,128,ARRIVE,5.77,EXP
913661,7004070,5192,2026-05-13 19:45:25,6,122,ARRIVE,"17,59",STD
914156,7004216,5044,2026-05-13 18:57:13,2,113,DELIVERED,13.26,EXP
913798,7004108,5004,2026-05-13 11:23:24,6,123,DEPART,34.75,SDD
914388,7004271,5107,2026-05-13 11:13:10,6,116,OUT_FOR_DELIVERY,10.2,SDD
913423,7003991,5121,2026-05-13 10:05:14,8,140,PICKUP,16.84,STD
913748,7004093,5193,2026-05-13 18:47:19,1,139,OUT_FOR_DELIVERY,46.52,EXP
914169,7004220,5153,2026-05-13 07:35:18,5,103,DEPART,21.47,EXP
914047,7004184,5153,2026-05-13 20:47:41,9,103,DELIVERED,40.85,STD
913812,7004111,5056,2026-05-13 07:01:05,7,128,OUT_FOR_DELIVERY,45.24,ECO
914141,7004211,5147,2026-05-13 10:01:59,6,111,ARRIVE,13.32,EXP
913658,7004068,5085,2026-05-13 16:03:38,7,124,PICKUP,6.09,ECO
914161,7004217,5200,2026-05-13 18:21:11,9,102,ARRIVE,32.8,ECO
914138,7004209,5054,2026-05-13 21:53:21,9,133,PICKUP,5.47,ECO
913578,7004043,5021,2026-05-13 09:32:33,10,114,DEPART,20.27,EXP
913978,7004164,5026,2026-05-13 13:37:04,10,122,PICKUP,3.93,SDD
913455,7003998,5059,2026-05-13 06:50:34,3,140,PICKUP,23.31,STD
913945,7004157,5051,2026-05-13 17:04:51,1,118,DELIVERED,16.02,SDD
914523,7004313,5172,2026-05-13 10:05:24,3,108,OUT_FOR_DELIVERY,13.49,STD
913480,7004005,5082,2026-05-13 16:48:50,10,107,OUT_FOR_DELIVERY,35.21,ECO
913407,7003988,5170,2026-05-13 20:32:44,2,104,OUT_FOR_DELIVERY,41.65,SDD
913518,7004020,5028,2026-05-13 07:42:19,1,101,FAILED,27.86,ECO
913864,7004130,5188,2026-05-13 17:26:34,9,127,DELIVERED,38.53,STD
913613,7004054,5199,2026-05-13 14:54:15,1,123,FAILED,9.64,SDD
914488,7004299,5001,2026-05-13 07:36:44,7,102,PICKUP,15.34,STD
913602,7004052,5080,2026-05-13 18:17:12,8,108,DELIVERED,,ECO
914174,7004222,5071,2026-05-13 10:58:18,9,136,DEPART,8.39,STD
913910,7004148,5105,2026-05-13 18:06:04,4,128,OUT_FOR_DELIVERY,40.29,ECO
913686,7004077,5024,2026-05-13 14:07:53,3,140,DEPART,30.21,ECO
913518,7004020,5028,2026-05-13 07:42:19,1,101,FAILED,27.86,ECO
913557,7004035,5087,2026-05-13 10:12:34,2,130,ARRIVE,13.04,SDD
914404,7004275,5158,2026-05-13 20:27:05,7,111,ARRIVE,26.93,ECO
913446,7003997,5090,2026-05-13 12:13:39,10,139,OUT_FOR_DELIVERY,9.9,STD
914388,7004271,5107,2026-05-13 11:13:10,6,116,OUT_FOR_DELIVERY,10.2,SDD
913471,7004002,5148,2026-05-13 20:14:33,10,140,ARRIVE,23.77,STD
913821,7004113,5109,13/05/2026 19:03,2,134,DELIVERED,39.58,ECO
913928,7004153,5022,2026-05-13 07:19:13,5,125,DEPART,12.77,STD
914144,7004212,5016,2026-05-13 20:59:16,4,113,PICKUP,10.06,SDD
913723,7004087,5023,2026-05-13 20:28:38,4,128,DEPART,2.5,ECO
913696,7004079,5150,2026-05-13 16:07:13,6,130,DEPART,9.18,EXP
913428,7003992,5176,2026-05-13 10:40:05,3,116,DEPART,22.8,SDD
914286,7004249,5099,2026-05-13 07:45:25,7,109,ARRIVE,5.5,ECO
914113,7004203,5095,2026-05-13 12:19:41,10,132,DEPART,47.21,EXP
913690,7004078,5129,2026-05-13 09:13:08,2,118,DELIVERED,2.62,ECO
914442,7004286,5120,2026-05-13 13:21:04,1,138,OUT_FOR_DELIVERY,37.9,STD
914306,7004255,5087,2026-05-13 12:52:33,2,102,OUT_FOR_DELIVERY,4.62,SDD
914316,7004257,5118,2026-05-13 15:26:38,7,121,PICKUP,8.22,EXP
914139,7004210,5037,2026-05-13 21:17:35,6,135,DEPART,41.96,ECO
913441,7003996,5129,2026-05-13 07:32:40,9,109,PICKUP,20.12,SDD
913733,7004092,5199,2026-05-13 13:32:50,6,139,OUT_FOR_DELIVERY,16.73,STD
913478,7004005,5032,2026-05-13 16:03:13,4,109,DELIVERED,2.65,EXP
913851,7004124,5032,2026-05-13 20:51:22,10,116,PICKUP,19.34,STD
914475,7004295,5186,2026-05-13 16:10:52,9,104,DELIVERED,17.75,EXP
914309,7004256,5122,2026-05-13 10:46:10,1,136,DEPART,31.19,ECO
913713,7004085,5100,2026-05-13 14:38:41,6,110,FAILED,34.32,EXP
913617,7004054,5041,2026-05-13 09:18:51,8,131,DELIVERED,23.95,EXP
913602,7004052,5080,2026-05-13 18:17:12,8,108,DELIVERED,,ECO
913446,7003997,5090,2026-05-13 12:13:39,10,139,OUT_FOR_DELIVERY,9.9,STD
913895,7004146,5108,2026-05-13 14:58:55,5,130,PICKUP,30.42,EXP
914232,7004236,5188,2026-05-13 16:22:11,8,134,PICKUP,"18,05",SDD
914258,7004241,5089,2026-05-13 19:13:41,8,113,DELIVERED,37.91,ECO
913917,7004149,5117,13/05/2026 08:35,4,121,DELIVERED,16.21,ECO
913381,7003980,5113,2026-05-13 06:17:42,6,127,FAILED,19.33,ECO
914228,7004234,5070,2026-05-13 14:52:17,3,112,DEPART,43.31,STD
913767,7004101,5110,2026-05-13 13:07:23,1,108,DELIVERED,"18,49",STD
914397,7004273,5084,2026-05-13 19:39:02,10,107,PICKUP,17.22,STD
913559,7004036,5040,2026-05-13 16:44:00,7,136,FAILED,35.25,STD
914214,7004230,5154,2026-05-13 21:18:43,10,112,PICKUP,37.21,ECO
913323,7003962,5199,2026-05-13 08:08:15,6,125,OUT_FOR_DELIVERY,29.69,ECO
913720,7004087,5131,2026-05-13 16:56:11,6,103,DEPART,38.36,STD
913967,7004162,5160,2026-05-13 21:14:57,6,118,FAILED,45.15,EXP
913498,7004012,5162,2026-05-13 12:34:02,8,115,OUT_FOR_DELIVERY,17.18,STD
913635,7004058,5048,2026-05-13 10:42:28,5,113,PICKUP,31.79,STD
913764,7004100,5044,2026-05-13 07:40:14,4,121,PICKUP,15.02,ECO
913917,7004149,5117,13/05/2026 08:35,4,121,DELIVERED,16.21,ECO
914038,7004178,5129,2026-05-13 21:40:08,1,133,DELIVERED,32.27,STD
913704,7004081,5188,2026-05-13 21:31:12,6,134,OUT_FOR_DELIVERY,41.11,SDD
914247,7004239,5176,2026-05-13 13:15:05,3,114,OUT_FOR_DELIVERY,39.92,SDD
914401,7004274,5138,2026-05-13 10:08:54,6,101,DELIVERED,28.46,ECO
914457,7004290,5018,2026-05-13 15:56:40,10,133,ARRIVE,18.6,STD
913330,7003963,5108,2026-05-13 10:42:15,5,129,FAILED,46.12,EXP
914537,7004321,5150,2026-05-13 06:33:37,2,139,ARRIVE,13.13,ECO
913506,7004015,5098,2026-05-13 09:06:47,8,108,DELIVERED,26.25,STD
913481,7004006,5120,2026-05-13 18:13:19,8,101,DELIVERED,36.56,ECO
914099,7004198,5023,2026-05-13 21:09:43,1,118,DELIVERED,42.43,STD
913623,7004056,5080,2026-05-13 15:26:26,2,136,PICKUP,17.04,SDD
913474,7004004,5020,2026-05-13 10:24:53,7,121,FAILED,30.12,STD
914336,7004261,5135,2026-05-13 11:51:10,5,127,ARRIVE,46.79,EXP
913363,7003973,5132,2026-05-13 17:14:40,4,128,PICKUP,30.3,EXP
914058,7004187,5107,2026-05-13 14:19:07,2,134,PICKUP,37.85,STD
913658,7004068,5085,2026-05-13 16:03:38,7,124,PICKUP,6.09,ECO
914502,7004304,5192,2026-05-13 14:13:50,10,123,FAILED,13.39,STD
914095,7004196,5118,2026-05-13 06:22:27,1,131,DELIVERED,27.28,SDD
914436,7004283,5191,2026-05-13 21:10:27,9,131,delivered,46.05,SDD
914525,7004313,5086,2026-05-13 07:54:31,3,137,OUT_FOR_DELIVERY,41.93,EXP
914175,7004222,5023,2026-05-13 06:56:06,9,139,DEPART,8.7,ECO
913320,7003960,5196,2026-05-13 07:57:55,5,,PICKUP,10.38,SDD
914399,7004273,5046,2026-05-13 12:40:10,6,121,ARRIVE,12.07,EXP
913866,7004132,5050,2026-05-13 20:36:19,9,117,OUT_FOR_DELIVERY,47.18,SDD
913393,7003982,5021,2026-05-13 07:52:25,7,127,delivered,11.47,EXP
913734,7004092,5087,2026-05-13 19:21:49,7,131,DELIVERED,10.75,STD
914456,7004289,5057,2026-05-13 06:41:55,7,128,PICKUP,47.97,SDD
914351,7004265,5035,2026-05-13 12:14:49,10,104,ARRIVE,0.73,EXP
914104,7004199,5181,2026-05-13 19:16:37,6,121,OUT_FOR_DELIVERY,7.01,SDD
913353,7003968,5037,2026-05-13 06:49:32,3,117,ARRIVE,4.96,ECO
914438,7004285,5187,2026-05-13 09:02:06,9,128,ARRIVE,40.03,ECO
913939,7004157,5140,2026-05-13 11:30:07,5,131,OUT_FOR_DELIVERY,47.03,SDD
914303,7004252,5126,2026-05-13 20:20:22,1,104,ARRIVE,42.41,ECO
913886,7004141,5162,2026-05-13 16:45:02,10,107,OUT_FOR_DELIVERY,18.81,EXP
914396,7004273,5071,2026-05-13 08:39:08,8,138,FAILED,46.92,SDD
913408,7003989,5195,2026-05-13 15:30:16,3,109,OUT_FOR_DELIVERY,2.23,EXP
914244,7004239,5200,2026-05-13 12:37:32,9,132,OUT_FOR_DELIVERY,43.46,SDD
914002,7004171,5044,2026-05-13 07:15:24,5,101,ARRIVE,26.25,ECO
914363,7004268,5012,2026-05-13 06:16:21,5,122,DELIVERED,26.33,SDD
914307,7004255,5101,2026-05-13 14:52:29,3,123,DEPART,23.44,STD
914544,7004325,5102,2026-05-13 15:18:49,3,139,PICKUP,10.64,SDD
913440,7003995,5148,2026-05-13 16:50:27,5,108,FAILED,47.8,SDD
914540,7004322,5098,2026-05-13 06:47:40,10,109,delivered,43.53,STD
914221,7004232,5126,2026-05-13 16:33:24,3,127,PICKUP,28.06,SDD
914159,7004216,5036,2026-05-13 12:21:47,1,118,DEPART,10.07,EXP
914000,7004170,5051,2026-05-13 12:50:01,4,140,OUT_FOR_DELIVERY,6.59,EXP
914573,7004334,5092,2026-05-13 19:52:56,3,108,DELIVERED,39.4,SDD
914212,7004230,5159,2026-05-13 10:40:20,9,116,FAILED,18.77,EXP
913979,7004164,5069,2026-05-13 15:10:21,6,103,DELIVERED,7.7,SDD
914535,7004319,5119,2026-05-13 21:26:45,1,117,DELIVERED,45.4,EXP
913527,7004023,5197,2026-05-13 14:27:34,3,116,OUT_FOR_DELIVERY,41.18,ECO
913911,7004149,5061,2026-05-13 18:55:20,99,133,DEPART,37.57,EXP
914412,7004276,5165,2026-05-13 11:09:05,1,121,ARRIVE,34.44,ECO
913893,7004144,5132,2026-05-13 12:49:01,5,115,FAILED,45.84,STD
914165,7004218,5088,2026-05-13 09:21:27,10,108,ARRIVE,4.31,SDD
913767,7004101,5110,2026-05-13 13:07:23,1,108,DELIVERED,"18,49",STD
914033,7004177,5124,2026-05-13 17:14:59,8,129,FAILED,4.27,EXP
913977,7004164,5124,2026-05-13 19:16:53,5,136,FAILED,12.23,STD
913769,7004102,5183,2026-05-13 19:53:11,8,135,PICKUP,33.27,STD
913341,7003966,5056,2026-05-13 07:18:54,3,131,FAILED,22.49,STD
914118,7004205,5142,2026-05-13 06:52:46,5,116,OUT_FOR_DELIVERY,23.56,ECO
914552,7004328,5028,2026-05-13 21:44:56,6,111,PICKUP,28.17,STD
914376,7004269,5113,2026-05-13 20:25:49,4,116,ARRIVE,39.38,STD
914121,7004205,5048,2026-05-13 08:50:06,10,134,DEPART,23.0,SDD
914525,7004313,5086,2026-05-13 07:54:31,3,137,OUT_FOR_DELIVERY,41.93,EXP
914493,7004300,5127,2026-05-13 17:26:41,3,125,DEPART,33.78,ECO
913359,7003973,5153,2026-05-13 11:48:49,1,106,OUT_FOR_DELIVERY,"37,61",STD
913921,7004151,5108,2026-05-13 17:56:07,3,135,PICKUP,16.82,ECO
913482,7004007,5110,2026-05-13 17:46:36,9,133,FAILED,9.28,EXP
913813,7004111,5029,2026-05-13 21:27:52,10,118,PICKUP,23.6,STD
913328,7003963,5095,2026-05-13 06:57:57,4,131,DELIVERED,"6,53",ECO
913785,7004106,5016,2026-05-13 19:48:59,9,130,ARRIVE,45.79,ECO
914222,7004232,5139,2026-05-13 14:03:43,2,103,DEPART,42.54,SDD
913633,7004057,5194,2026-05-13 09:24:17,5,123,DELIVERED,41.61,STD
914550,7004326,5086,2026-05-13 09:04:36,1,123,OUT_FOR_DELIVERY,12.91,SDD
914190,7004225,5104,2026-05-13 06:11:44,6,114,FAILED,40.98,EXP
913668,7004074,5134,2026-05-13 17:53:57,2,128,OUT_FOR_DELIVERY,29.27,STD
914515,7004310,5001,2026-05-13 21:06:45,9,116,ARRIVE,35.96,EXP
914529,7004315,5050,2026-05-13 06:06:25,2,138,DEPART,19.35,ECO
913592,7004048,5062,2026-05-13 13:18:12,5,102,DEPART,47.83,ECO
914508,7004306,5195,2026-05-13 13:58:17,10,132,FAILED,43.2,SDD
913371,7003977,5062,2026-05-13 20:01:53,2,109,DELIVERED,9.99,ECO
913616,7004054,5089,2026-05-13 18:54:21,3,104,OUT_FOR_DELIVERY,34.01,ECO
913830,7004120,5144,2026-05-13 17:50:17,2,123,DEPART,31.72,EXP
913689,7004078,5169,2026-05-13 18:11:03,4,117,ARRIVE,7.01,SDD
913657,7004068,5044,2026-05-13 11:55:35,1,112,DEPART,"45,56",STD
913639,7004060,5045,2026-05-13 21:27:17,4,103,ARRIVE,13.65,STD
914310,7004256,5039,2026-05-13 12:42:11,1,123,OUT_FOR_DELIVERY,37.39,EXP
913448,7003997,5094,2026-05-13 13:07:54,8,106,ARRIVE,38.95,ECO
914239,7004238,5046,2026-05-13 14:45:03,99,104,FAILED,26.04,STD
913588,7004046,5130,2026-05-13 13:29:10,2,115,DEPART,18.76,EXP
913898,7004146,5043,2026-05-13 15:08:41,9,103,OUT_FOR_DELIVERY,23.61,EXP
913486,7004008,5130,2026-05-13 11:47:39,5,132,PICKUP,34.38,ECO
913643,7004060,5162,2026-05-13 08:05:06,1,129,DEPART,23.73,EXP
914011,7004173,5170,2026-05-13 10:58:40,9,136,DEPART,27.19,ECO
913387,7003982,5029,13/05/2026 15:17,5,133,FAILED,37.91,SDD
914391,7004271,5167,2026-05-13 11:39:15,7,133,PICKUP,14.78,ECO
913597,7004052,5031,2026-05-13 18:01:35,5,134,FAILED,8.17,SDD
914147,7004213,5082,2026-05-13 11:57:32,9,112,DELIVERED,34.04,STD
913654,7004066,5089,2026-05-13 10:48:14,8,102,ARRIVE,47.56,ECO
914038,7004178,5129,2026-05-13 21:40:08,1,133,DELIVERED,32.27,STD
913991,7004168,5088,2026-05-13 19:59:56,6,117,DELIVERED,18.38,EXP
913856,7004128,5195,2026-05-13 15:50:38,8,109,PICKUP,17.56,STD
913695,7004079,5059,2026-05-13 06:35:00,10,112,DELIVERED,31.2,SDD
913996,7004168,5164,2026-05-13 10:54:58,1,101,FAILED,37.0,STD
913348,7003967,5074,2026-05-13 20:14:05,8,102,OUT_FOR_DELIVERY,24.09,STD
913668,7004074,5134,2026-05-13 17:53:57,2,128,OUT_FOR_DELIVERY,29.27,STD
914200,7004226,5016,2026-05-13 10:26:19,4,131,OUT_FOR_DELIVERY,0.7,SDD
914519,7004312,5185,2026-05-13 18:14:41,8,121,FAILED,9.16,EXP
913806,7004110,5139,2026-05-13 06:35:03,4,131,FAILED,30.02,EXP
913595,7004050,5020,2026-05-13 14:53:39,8,118,FAILED,14.59,ECO
913581,7004044,5040,2026-05-13 06:49:14,6,123,DELIVERED,"31,34",EXP
914440,7004285,5083,2026-05-13 12:42:13,2,134,DELIVERED,46.22,EXP
913611,7004053,5187,2026-05-13 16:35:26,6,110,OUT_FOR_DELIVERY,20.76,ECO
913741,7004093,5084,2026-05-13 06:18:59,6,125,DEPART,19.77,STD
913528,7004023,5060,2026-05-13 10:44:04,9,107,PICKUP,31.34,EXP
914537,7004321,5150,2026-05-13 06:33:37,2,139,ARRIVE,13.13,ECO
913926,7004153,5092,2026-05-13 13:42:31,9,133,DEPART,14.12,EXP
913520,7004020,5123,2026-05-13 21:09:24,2,102,FAILED,"0,67",ECO
914421,7004280,5003,2026-05-13 14:08:10,1,116,DEPART,30.28,SDD
913962,7004161,5002,2026-05-13 16:28:37,6,126,DELIVERED,5.19,EXP
913744,7004093,5098,2026-05-13 12:40:38,5,107,ARRIVE,11.5,EXP
914344,7004262,5036,2026-05-13 13:29:03,9,101,DEPART,,EXP
913947,7004157,5174,2026-05-13 08:06:52,2,107,PICKUP,14.72,ECO
914395,7004273,5064,2026-05-13 12:38:39,9,134,DELIVERED,31.26,STD
913417,7003990,5068,2026-05-13 06:14:03,8,138,FAILED,25.11,ECO
914464,7004290,5078,2026-05-13 20:01:23,5,136,OUT_FOR_DELIVERY,23.96,STD
914007,7004173,5050,2026-05-13 20:23:25,1,104,DELIVERED,9.55,EXP
913543,7004028,5134,2026-05-13 11:19:25,4,112,FAILED,1.21,SDD
914456,7004289,5057,2026-05-13 06:41:55,7,128,PICKUP,47.97,SDD
913605,7004053,5190,2026-05-13 15:13:50,1,108,FAILED,22.75,ECO
914257,7004241,5086,2026-05-13 18:40:45,1,135,OUT_FOR_DELIVERY,44.4,EXP
913981,7004166,5061,2026-05-13 17:29:30,9,108,DEPART,10.93,ECO
913563,7004038,5197,2026-05-13 19:09:29,2,114,DEPART,36.56,ECO
914290,7004250,5193,13/05/2026 15:55,1,103,FAILED,31.21,SDD
914081,7004193,5147,2026-05-13 09:57:42,1,121,DELIVERED,14.53,EXP
913718,7004086,5192,2026-05-13 08:36:35,9,139,OUT_FOR_DELIVERY,38.13,ECO
914286,7004249,5099,2026-05-13 07:45:25,7,109,ARRIVE,5.5,ECO
913750,7004094,5134,2026-05-13 09:08:47,3,135,PICKUP,45.87,ECO
914218,7004232,5149,2026-05-13 21:25:58,6,127,DELIVERED,47.86,EXP
914357,7004266,5112,2026-05-13 20:52:24,7,102,arrive,40.79,SDD
913474,7004004,5020,2026-05-13 10:24:53,7,121,FAILED,30.12,STD
914330,7004259,5101,2026-05-13 07:41:24,5,108,PICKUP,14.05,EXP
913686,7004077,5024,2026-05-13 14:07:53,3,140,DEPART,30.21,ECO
913375,7003978,5025,13/05/2026 11:16,7,120,FAILED,39.72,STD
914324,7004258,5196,2026-05-13 07:19:00,8,122,ARRIVE,39.72,EXP
914107,7004200,5089,2026-05-13 18:26:46,4,131,OUT_FOR_DELIVERY,12.97,SDD
914459,7004290,5109,2026-05-13 09:35:12,7,119,DELIVERED,28.04,EXP
913639,7004060,5045,2026-05-13 21:27:17,4,103,ARRIVE,13.65,STD
913912,7004149,5165,2026-05-13 07:01:47,1,121,DEPART,34.49,EXP
914453,7004288,5028,2026-05-13 18:55:03,1,136,OUT_FOR_DELIVERY,3.2,EXP
914070,7004190,5069,2026-05-13 06:00:58,3,133,DELIVERED,33.68,SDD
913901,7004146,5112,2026-05-13 13:40:47,1,125,ARRIVE,32.51,EXP
913376,7003979,5073,2026-05-13 19:41:41,7,109,PICKUP,15.53,ECO
913914,7004149,5148,2026-05-13 20:45:51,4,130,ARRIVE,5.41,ECO
913649,7004064,5018,2026-05-13 13:56:05,7,137,DEPART,5.43,ECO
913992,7004168,5086,2026-05-13 16:34:39,8,128,OUT_FOR_DELIVERY,46.26,EXP
913854,7004126,5007,2026-05-13 15:02:36,6,109,OUT_FOR_DELIVERY,5.4,ECO
914164,7004217,5027,2026-05-13 12:10:28,2,128,FAILED,41.19,SDD
914280,7004246,5033,2026-05-13 15:15:15,10,105,OUT_FOR_DELIVERY,11.91,ECO
913859,7004129,5056,2026-05-13 17:45:44,8,103,OUT_FOR_DELIVERY,13.77,ECO
914060,7004187,5085,2026-05-13 14:23:53,5,128,DEPART,30.42,EXP
913413,7003989,5190,2026-05-13 14:25:42,5,132,ARRIVE,18.84,SDD
913674,7004075,5076,2026-05-13 11:51:04,8,120,ARRIVE,14.23,STD
914080,7004193,5111,2026-05-13 12:23:02,4,119,ARRIVE,38.3,SDD
913857,7004128,5005,2026-05-13 12:41:58,1,123,DELIVERED,0.32,EXP
914365,7004268,5058,2026-05-13 07:13:16,5,109,OUT_FOR_DELIVERY,46.72,ECO
913832,7004120,5067,2026-05-13 07:25:57,7,120,FAILED,8.28,EXP
913355,7003970,5089,2026-05-13 10:59:07,7,102,ARRIVE,654.51,STD
914450,7004288,5194,2026-05-13 12:38:37,8,119,DEPART,0.43,STD
914530,7004316,5154,2026-05-13 13:25:04,8,134,FAILED,46.94,SDD
914526,7004314,5176,2026-05-13 21:35:38,2,101,OUT_FOR_DELIVERY,28.37,ECO
913411,7003989,5092,2026-05-13 10:05:51,6,128,ARRIVE,11.42,EXP
914274,7004244,5039,2026-05-13 17:24:43,8,117,PICKUP,8.02,ECO
913986,7004167,5061,2026-05-13 18:20:08,3,134,DEPART,35.17,STD
914148,7004213,5006,2026-05-13 08:26:28,10,120,FAILED,37.04,STD
913601,7004052,5160,2026-05-13 18:41:50,9,,ARRIVE,34.4,SDD
913548,7004031,5112,2026-05-13 18:21:16,2,133,OUT_FOR_DELIVERY,34.07,STD
914185,7004224,5005,2026-05-13 10:34:28,4,116,DELIVERED,9.9,ECO
914158,7004216,5184,2026-05-13 11:21:34,9,117,OUT_FOR_DELIVERY,0.68,EXP
914058,7004187,5107,2026-05-13 14:19:07,2,134,PICKUP,37.85,STD
914321,7004258,5110,2026-05-13 09:04:43,8,132,FAILED,11.25,SDD
914535,7004319,5119,2026-05-13 21:26:45,1,117,DELIVERED,45.4,EXP
914233,7004237,5018,2026-05-13 06:25:27,8,102,DEPART,41.8,EXP
913633,7004057,5194,2026-05-13 09:24:17,5,123,DELIVERED,41.61,STD
914028,7004177,5182,2026-05-13 21:22:46,8,121,DEPART,5.19,ECO
914263,7004242,5057,2026-05-13 13:16:36,6,136,DEPART,30.48,EXP
913855,7004127,5053,2026-05-13 12:26:06,2,102,PICKUP,15.07,EXP
913433,7003993,5104,2026-05-13 08:53:50,4,113,PICKUP,30.07,SDD
914320,7004258,5200,2026-05-13 08:09:23,5,104,PICKUP,22.61,STD
914277,7004244,5030,2026-05-13 19:02:08,8,139,ARRIVE,21.13,EXP
914214,7004230,5154,2026-05-13 21:18:43,10,112,PICKUP,37.21,ECO
913701,7004080,5045,2026-05-13 16:07:15,7,109,FAILED,42.35,SDD
913757,7004097,5110,2026-05-13 21:42:39,3,124,FAILED,32.65,SDD
913760,7004098,5198,2026-05-13 21:42:48,1,110,FAILED,41.71,EXP
914403,7004275,5141,2026-05-13 15:36:35,7,121,PICKUP,44.57,ECO
914005,7004173,5093,13/05/2026 11:05,7,127,OUT_FOR_DELIVERY,29.32,STD
913993,7004168,5126,2026-05-13 18:36:18,6,126,DELIVERED,10.1,ECO
914498,7004302,5155,2026-05-13 20:12:03,8,120,FAILED,22.32,ECO
914488,7004299,5001,2026-05-13 07:36:44,7,102,PICKUP,15.34,STD
913738,7004093,5093,2026-05-13 07:21:56,5,129,ARRIVE,26.73,EXP
914476,7004295,5068,2026-05-13 13:31:43,7,116,DEPART,3.27,SDD
914536,7004320,5089,2026-05-13 20:59:14,1,128,DELIVERED,5.5,SDD
913783,7004104,5062,2026-05-13 18:50:00,2,101,ARRIVE,45.48,ECO
914314,7004257,5062,2026-05-13 19:41:08,3,127,DELIVERED,32.74,EXP
913349,7003967,5063,2026-05-13 12:50:12,1,116,PICKUP,4.48,STD
913960,7004161,5112,2026-05-13 15:53:13,2,136,DELIVERED,,STD
914434,7004283,5114,2026-05-13 14:37:23,1,120,ARRIVE,9.06,EXP
914093,7004196,5140,2026-05-13 09:39:00,9,109,OUT_FOR_DELIVERY,40.82,STD
913423,7003991,5121,2026-05-13 10:05:14,8,140,PICKUP,16.84,STD
914235,7004237,5138,2026-05-13 08:36:17,6,122,DELIVERED,45.96,STD
913414,7003989,5060,2026-05-13 12:15:58,5,122,ARRIVE,47.92,SDD
913529,7004023,5102,2026-05-13 11:48:48,5,123,PICKUP,2.37,EXP
913517,7004020,5106,2026-05-13 20:53:07,5,119,ARRIVE,19.88,SDD
913514,7004019,5118,2026-05-13 12:25:02,2,128,DELIVERED,24.44,EXP
914340,7004262,5147,2026-05-13 09:39:28,8,121,FAILED,44.23,EXP
914297,7004252,5024,2026-05-13 11:06:14,1,138,OUT_FOR_DELIVERY,47.88,STD
913833,7004120,5062,2026-05-13 07:33:05,9,110,ARRIVE,30.81,EXP
914533,7004318,5098,2026-05-13 17:06:22,4,122,OUT_FOR_DELIVERY,30.16,STD
914543,7004324,5166,2026-05-13 17:28:57,7,136,OUT_FOR_DELIVERY,25.84,ECO
914528,7004314,5148,13/05/2026 21:15,3,118,PICKUP,31.79,STD
913388,7003982,5176,2026-05-13 19:18:48,8,105,OUT_FOR_DELIVERY,31.48,ECO
914053,7004184,5109,2026-05-13 21:55:40,8,128,ARRIVE,43.9,SDD
914426,7004281,5011,2026-05-13 21:20:43,4,139,ARRIVE,31.04,SDD
914131,7004208,5188,2026-05-13 18:37:06,10,132,out_for_delivery,35.0,ECO
914056,7004185,5188,2026-05-13 09:22:39,10,105,PICKUP,35.61,SDD
913467,7004001,5171,2026-05-13 15:40:06,8,116,FAILED,23.07,STD
914316,7004257,5118,2026-05-13 15:26:38,7,121,PICKUP,8.22,EXP
914076,7004191,5109,2026-05-13 08:48:39,2,126,DEPART,40.61,ECO
913637,7004059,5011,2026-05-13 08:36:00,8,116,DELIVERED,12.95,SDD
914334,7004260,5090,2026-05-13 14:20:46,2,123,OUT_FOR_DELIVERY,47.91,SDD
913413,7003989,5190,2026-05-13 14:25:42,5,132,ARRIVE,18.84,SDD
913688,7004078,5097,2026-05-13 17:53:28,2,106,FAILED,30.36,STD
913759,7004097,5153,2026-05-13 12:39:45,4,107,out_for_delivery,0.64,ECO
914520,7004312,5119,2026-05-13 20:33:39,5,116,DEPART,41.47,STD
914289,7004250,5021,2026-05-13 07:08:56,9,128,DELIVERED,14.04,ECO
914458,7004290,5038,2026-05-13 14:05:27,6,109,FAILED,14.31,SDD
913773,7004103,5195,2026-05-13 08:39:08,8,130,ARRIVE,8.38,STD
914094,7004196,5174,2026-05-13 17:37:44,2,130,OUT_FOR_DELIVERY,24.21,SDD
913404,7003985,5017,2026-05-13 21:22:25,10,123,DEPART,24.22,SDD
913961,7004161,5115,2026-05-13 18:43:25,10,119,PICKUP,20.2,ECO
914006,7004173,5134,2026-05-13 06:41:01,2,133,FAILED,33.93,ECO
913339,7003965,5032,2026-05-13 08:56:13,2,123,ARRIVE,34.71,SDD
913923,7004153,5009,2026-05-13 19:51:27,2,109,PICKUP,0.51,EXP
913920,7004151,5114,2026-05-13 14:33:59,4,122,DELIVERED,2.46,SDD
913828,7004119,5107,2026-05-13 21:01:48,7,130,ARRIVE,9.2,EXP
913810,7004110,5021,13/05/2026 21:34,8,126,OUT_FOR_DELIVERY,9.41,SDD
913406,7003987,5127,2026-05-13 14:30:04,6,128,FAILED,5.56,ECO
914466,7004292,5075,2026-05-13 07:50:33,4,101,PICKUP,44.31,ECO
913583,7004044,5032,2026-05-13 19:43:49,9,126,OUT_FOR_DELIVERY,9.98,STD
914135,7004208,5164,2026-05-13 18:23:55,3,130,DELIVERED,30.64,SDD
914074,7004190,5081,2026-05-13 08:18:01,8,101,FAILED,7.24,ECO
914045,7004183,5167,2026-05-13 16:05:03,8,114,OUT_FOR_DELIVERY,46.86,ECO
914298,7004252,5168,2026-05-13 17:46:53,5,120,DELIVERED,3.71,EXP
914022,7004175,5079,2026-05-13 19:11:57,5,109,ARRIVE,31.48,SDD
913669,7004074,5061,2026-05-13 17:49:34,3,118,DELIVERED,39.85,EXP
914210,7004228,5130,2026-05-13 06:34:10,3,117,PICKUP,8.11,SDD
913520,7004020,5123,2026-05-13 21:09:24,2,102,FAILED,"0,67",ECO
913666,7004074,5008,2026-05-13 20:20:05,9,102,PICKUP,29.75,EXP
914374,7004268,5118,2026-05-13 15:15:21,8,127,OUT_FOR_DELIVERY,9.18,EXP
913390,7003982,5006,2026-05-13 16:30:44,4,127,OUT_FOR_DELIVERY,11.84,ECO
913943,7004157,5101,2026-05-13 09:46:58,9,112,FAILED,32.8,SDD
913844,7004122,5007,2026-05-13 14:49:37,3,,FAILED,17.57,SDD
914026,7004177,5076,2026-05-13 16:44:55,8,124,DELIVERED,26.21,ECO
913537,7004027,5046,2026-05-13 19:42:50,9,138,DELIVERED,"47,96",STD
914098,7004198,5132,2026-05-13 16:55:45,10,111,OUT_FOR_DELIVERY,12.32,EXP
914345,7004263,5042,2026-05-13 08:18:16,6,127,DELIVERED,20.48,STD
914072,7004190,5021,2026-05-13 13:04:16,2,122,FAILED,16.69,STD
913568,7004039,5012,2026-05-13 10:59:41,2,113,PICKUP,47.37,ECO
914568,7004332,5038,2026-05-13 06:45:31,10,130,FAILED,31.25,SDD
914512,7004308,5033,2026-05-13 13:57:20,9,136,PICKUP,4.5,SDD
914377,7004269,5094,2026-05-13 07:11:18,4,121,OUT_FOR_DELIVERY,32.01,EXP
913811,7004111,5136,2026-05-13 17:21:55,4,113,FAILED,40.01,ECO
913509,7004016,5120,2026-05-13 14:40:02,4,124,DEPART,30.7,STD
913776,7004103,5076,2026-05-13 06:30:12,4,116,DEPART,37.62,ECO
914478,7004295,5116,2026-05-13 21:39:43,4,121,ARRIVE,39.49,SDD
913457,7003998,5150,2026-05-13 17:24:57,8,114,OUT_FOR_DELIVERY,37.24,STD
913951,7004158,5004,2026-05-13 07:32:50,3,129,ARRIVE,17.15,ECO
914282,7004247,5083,2026-05-13 15:42:07,7,135,ARRIVE,9.41,SDD
913699,7004080,5040,2026-05-13 16:11:15,1,131,FAILED,36.67,EXP
913322,7003962,5033,2026-05-13 17:27:15,7,120,FAILED,10.24,STD
913736,7004093,5184,2026-05-13 21:44:04,9,101,PICKUP,23.77,EXP
913483,7004008,5170,2026-05-13 08:18:49,5,102,ARRIVE,28.59,EXP
913570,7004040,5162,2026-05-13 06:01:28,10,130,DELIVERED,33.33,EXP
914287,7004249,5088,2026-05-13 06:13:18,10,137,ARRIVE,42.96,SDD
914319,7004258,5033,2026-05-13 06:04:21,7,137,OUT_FOR_DELIVERY,34.51,ECO
914281,7004247,5061,2026-05-13 08:07:39,2,118,OUT_FOR_DELIVERY,32.11,SDD
914034,7004177,5073,2026-05-13 08:13:17,3,112,PICKUP,19.86,STD
913350,7003968,5135,2026-05-13 06:42:56,9,109,DEPART,6.09,STD
913701,7004080,5045,2026-05-13 16:07:15,7,109,FAILED,42.35,SDD
914562,7004330,5010,2026-05-13 06:00:52,2,110,OUT_FOR_DELIVERY,17.23,EXP
914279,7004246,5158,2026-05-13 21:24:31,10,125,OUT_FOR_DELIVERY,46.3,ECO
914096,7004196,5089,2026-05-13 14:05:25,1,139,DELIVERED,5.68,SDD
914028,7004177,5182,2026-05-13 21:22:46,8,121,DEPART,5.19,ECO
914085,7004193,5022,2026-05-13 08:43:28,4,126,DEPART,28.41,EXP
913830,7004120,5144,2026-05-13 17:50:17,2,123,DEPART,31.72,EXP
913766,7004101,5121,2026-05-13 07:19:59,3,127,DELIVERED,"6,58",STD
914412,7004276,5165,2026-05-13 11:09:05,1,121,ARRIVE,34.44,ECO
913694,7004079,5075,2026-05-13 12:27:21,10,120,FAILED,7.6,SDD
914389,7004271,5186,2026-05-13 21:00:45,8,101,PICKUP,29.35,STD
914355,7004266,5165,2026-05-13 11:26:01,1,117,OUT_FOR_DELIVERY,36.82,SDD
914095,7004196,5118,2026-05-13 06:22:27,1,131,DELIVERED,27.28,SDD
913845,7004123,5111,13/05/2026 07:15,4,133,ARRIVE,32.56,SDD
913986,7004167,5061,2026-05-13 18:20:08,3,134,DEPART,35.17,STD
914390,7004271,5073,2026-05-13 08:16:08,6,116,DELIVERED,25.11,STD
914150,7004213,5087,2026-05-13 15:33:32,7,103,FAILED,12.55,EXP
913412,7003989,5165,2026-05-13 15:14:43,9,122,OUT_FOR_DELIVERY,7.08,EXP
914368,7004268,5027,2026-05-13 17:24:00,2,121,ARRIVE,38.62,EXP
913574,7004041,5032,2026-05-13 11:54:39,5,102,OUT_FOR_DELIVERY,,STD
913548,7004031,5112,2026-05-13 18:21:16,2,133,OUT_FOR_DELIVERY,34.07,STD
914501,7004303,5138,2026-05-13 19:01:12,1,117,ARRIVE,40.86,SDD
914292,7004250,5131,2026-05-13 09:44:04,6,121,PICKUP,43.02,SDD
913863,7004130,5195,2026-05-13 17:14:57,3,113,ARRIVE,36.55,STD
913464,7003999,5034,2026-05-13 06:55:28,3,140,PICKUP,11.07,ECO
914503,7004304,5184,2026-05-13 06:09:13,6,116,FAILED,43.03,ECO
914217,7004231,5159,2026-05-13 19:00:04,8,139,ARRIVE,20.83,SDD
914559,7004328,5011,2026-05-13 16:27:39,10,116,FAILED,45.54,ECO
913369,7003975,5119,2026-05-13 20:56:55,9,103,DELIVERED,11.22,EXP
914524,7004313,5027,2026-05-13 20:57:52,10,106,PICKUP,26.74,ECO
913874,7004136,5154,2026-05-13 19:17:40,5,106,FAILED,46.38,STD
913559,7004036,5040,2026-05-13 16:44:00,7,136,FAILED,35.25,STD
913603,7004053,5046,2026-05-13 11:18:25,4,103,ARRIVE,45.3,SDD
913616,7004054,5089,2026-05-13 18:54:21,3,104,OUT_FOR_DELIVERY,34.01,ECO
914312,7004256,5086,2026-05-13 13:25:51,5,105,ARRIVE,27.27,EXP
914500,7004303,5088,2026-05-13 17:06:41,7,126,FAILED,43.1,STD
913687,7004077,5166,2026-05-13 21:08:59,1,139,depart,5.17,STD
913485,7004008,5112,2026-05-13 16:59:33,3,119,PICKUP,30.7,EXP
913367,7003974,5079,2026-05-13 12:56:48,7,118,ARRIVE,35.88,EXP
914543,7004324,5166,2026-05-13 17:28:57,7,136,OUT_FOR_DELIVERY,25.84,ECO
914502,7004304,5192,2026-05-13 14:13:50,10,123,FAILED,13.39,STD
913921,7004151,5108,2026-05-13 17:56:07,3,135,PICKUP,16.82,ECO
913781,7004103,5086,2026-05-13 15:52:36,9,132,PICKUP,32.25,EXP
914012,7004174,5140,13/05/2026 21:07,9,101,PICKUP,14.28,ECO
913734,7004092,5087,2026-05-13 19:21:49,7,131,DELIVERED,10.75,STD
913449,7003997,5128,13/05/2026 15:09,8,129,OUT_FOR_DELIVERY,11.66,ECO
913709,7004083,5188,2026-05-13 09:37:02,8,124,DEPART,22.29,STD
914092,7004195,5051,2026-05-13 20:33:44,7,110,PICKUP,4.59,STD
913492,7004011,5148,2026-05-13 09:45:17,7,135,FAILED,43.88,ECO
913841,7004121,5002,2026-05-13 12:13:40,10,122,DEPART,11.78,ECO
914223,7004232,5139,2026-05-13 12:42:28,5,126,OUT_FOR_DELIVERY,14.12,STD
914043,7004181,5148,2026-05-13 07:17:01,5,113,DELIVERED,46.97,STD
914484,7004297,5020,2026-05-13 06:48:20,4,120,DELIVERED,43.31,SDD
913732,7004091,5084,2026-05-13 19:52:26,8,130,DEPART,44.62,ECO
913359,7003973,5153,2026-05-13 11:48:49,1,106,OUT_FOR_DELIVERY,"37,61",STD
914249,7004239,5029,2026-05-13 16:27:24,5,134,PICKUP,7.87,SDD
913673,7004075,5167,2026-05-13 10:47:08,3,106,OUT_FOR_DELIVERY,47.65,ECO
913780,7004103,5117,2026-05-13 17:04:12,6,120,FAILED,13.7,ECO
914380,7004269,5122,2026-05-13 21:07:24,4,133,DEPART,40.84,STD
914538,7004321,5037,2026-05-13 18:11:43,9,111,FAILED,3.92,ECO
913681,7004077,5030,2026-05-13 18:57:10,1,109,PICKUP,"37,23",ECO
914120,7004205,5198,2026-05-13 17:36:44,8,110,PICKUP,3.76,EXP
913574,7004041,5032,2026-05-13 11:54:39,5,102,OUT_FOR_DELIVERY,,STD
913927,7004153,5012,2026-05-13 16:52:27,4,120,ARRIVE,27.0,SDD
913800,7004108,5060,2026-05-13 09:32:52,2,105,DEPART,4.5,SDD
913932,7004155,5146,2026-05-13 13:58:58,1,,ARRIVE,12.58,SDD
914202,7004226,5122,2026-05-13 16:48:04,10,108,OUT_FOR_DELIVERY,39.49,ECO
913447,7003997,5150,2026-05-13 18:13:11,7,127,ARRIVE,36.2,EXP
913794,7004106,5123,13/05/2026 21:07,6,133,FAILED,7.02,EXP
913584,7004045,5158,2026-05-13 10:27:06,8,108,PICKUP,16.72,STD
913918,7004150,5021,2026-05-13 06:01:37,4,119,DEPART,14.98,SDD
913804,7004108,5125,2026-05-13 19:38:42,2,131,PICKUP,13.59,ECO
913541,7004028,5155,2026-05-13 08:14:32,2,135,DEPART,19.36,SDD
914182,7004222,5170,2026-05-13 07:57:10,1,129,PICKUP,41.73,SDD
913848,7004123,5100,2026-05-13 11:04:31,1,117,OUT_FOR_DELIVERY,13.73,STD
914413,7004277,5149,2026-05-13 09:47:29,6,104,FAILED,2.67,STD
913372,7003977,5179,2026-05-13 19:27:38,10,103,ARRIVE,20.79,STD
914346,7004264,5092,2026-05-13 18:02:32,7,128,DELIVERED,46.05,SDD
913975,7004163,5058,2026-05-13 13:43:37,10,126,DELIVERED,41.76,STD
913350,7003968,5135,2026-05-13 06:42:56,9,109,DEPART,6.09,STD
913810,7004110,5021,13/05/2026 21:34,8,126,OUT_FOR_DELIVERY,9.41,SDD
913617,7004054,5041,2026-05-13 09:18:51,8,131,DELIVERED,23.95,EXP
914088,7004193,5019,2026-05-13 20:38:49,8,139,DELIVERED,38.91,SDD
913837,7004121,5005,2026-05-13 15:00:46,3,101,FAILED,9.57,ECO
914191,7004225,5139,2026-05-13 14:10:19,1,126,failed,43.88,STD
914168,7004220,5110,2026-05-13 14:13:03,1,116,ARRIVE,47.71,ECO
914206,7004226,5173,2026-05-13 16:11:31,6,120,FAILED,43.49,EXP
913775,7004103,5021,2026-05-13 15:03:13,3,126,delivered,16.58,STD
914189,7004225,5048,2026-05-13 07:14:46,10,122,ARRIVE,44.98,SDD
914277,7004244,5030,2026-05-13 19:02:08,8,139,ARRIVE,21.13,EXP
914433,7004283,5022,2026-05-13 20:44:47,2,133,OUT_FOR_DELIVERY,42.75,SDD
913476,7004005,5027,2026-05-13 10:03:23,3,102,PICKUP,32.27,EXP
913594,7004050,5155,2026-05-13 06:31:41,9,126,PICKUP,4.82,STD
913439,7003995,5025,2026-05-13 06:49:29,2,106,OUT_FOR_DELIVERY,7.09,SDD
914180,7004222,5094,2026-05-13 10:34:48,1,127,FAILED,33.13,STD
914379,7004269,5159,2026-05-13 13:58:37,10,122,FAILED,22.66,EXP
914241,7004238,5058,2026-05-13 17:28:43,8,119,FAILED,0.74,ECO
914203,7004226,5150,2026-05-13 10:30:52,7,134,FAILED,17.82,STD
914176,7004222,5156,2026-05-13 19:28:17,6,133,OUT_FOR_DELIVERY,8.57,SDD
913640,7004060,5188,2026-05-13 17:54:09,5,110,PICKUP,40.52,SDD
914347,7004264,5149,2026-05-13 19:59:19,1,119,DELIVERED,26.67,STD
913873,7004136,5106,2026-05-13 17:52:16,6,114,OUT_FOR_DELIVERY,8.36,STD
913780,7004103,5117,2026-05-13 17:04:12,6,120,FAILED,13.7,ECO
914314,7004257,5062,2026-05-13 19:41:08,3,127,DELIVERED,32.74,EXP
914514,7004309,5165,2026-05-13 17:38:39,7,138,ARRIVE,44.52,ECO
914128,7004208,5151,2026-05-13 19:36:59,8,111,DELIVERED,21.82,EXP
914572,7004334,5050,2026-05-13 21:01:07,7,125,ARRIVE,0.99,EXP
914405,7004275,5025,2026-05-13 08:05:18,99,134,ARRIVE,38.45,ECO
913737,7004093,5011,2026-05-13 18:09:14,2,121,OUT_FOR_DELIVERY,22.23,SDD
913853,7004125,5168,2026-05-13 10:09:11,10,103,FAILED,47.27,STD
913864,7004130,5188,2026-05-13 17:26:34,9,127,DELIVERED,38.53,STD
913366,7003974,5006,2026-05-13 08:16:41,2,138,DELIVERED,26.5,SDD
914272,7004244,5007,2026-05-13 12:16:34,8,107,PICKUP,21.62,STD
913362,7003973,5026,2026-05-13 17:12:56,7,137,ARRIVE,23.43,SDD
914220,7004232,5110,13/05/2026 16:13,9,127,DEPART,24.25,SDD
913488,7004009,5081,2026-05-13 21:13:31,3,130,FAILED,1.2,EXP
914452,7004288,5022,2026-05-13 20:14:43,8,108,DELIVERED,26.45,STD
914505,7004304,5189,2026-05-13 10:39:59,3,123,ARRIVE,21.61,EXP
913887,7004141,5129,2026-05-13 11:32:20,7,128,OUT_FOR_DELIVERY,27.53,SDD
913694,7004079,5075,2026-05-13 12:27:21,10,120,FAILED,7.6,SDD
913646,7004062,5102,2026-05-13 18:52:41,4,126,PICKUP,20.3,EXP
913425,7003992,5072,2026-05-13 14:40:39,10,120,DELIVERED,37.62,EXP
913838,7004121,5151,2026-05-13 19:28:42,2,104,OUT_FOR_DELIVERY,4.4,SDD
914083,7004193,5025,2026-05-13 14:13:52,1,108,FAILED,5.74,SDD
913789,7004106,5061,2026-05-13 18:06:13,4,131,DEPART,10.08,EXP
913554,7004034,5051,2026-05-13 11:12:30,1,138,PICKUP,22.23,STD
913576,7004043,5153,2026-05-13 12:51:35,8,107,PICKUP,10.7,STD
913839,7004121,5166,2026-05-13 17:38:52,9,136,ARRIVE,1.79,ECO
914159,7004216,5036,2026-05-13 12:21:47,1,118,DEPART,10.07,EXP
914236,7004237,5181,13/05/2026 10:16,7,121,DEPART,23.24,EXP
914465,7004291,5154,2026-05-13 17:37:52,2,131,DEPART,38.43,ECO
913808,7004110,5082,2026-05-13 20:16:11,8,122,DEPART,10.94,EXP
914239,7004238,5046,2026-05-13 14:45:03,99,104,FAILED,26.04,STD
914171,7004221,5094,2026-05-13 07:32:51,3,126,PICKUP,2.24,EXP
914085,7004193,5022,2026-05-13 08:43:28,4,126,DEPART,28.41,EXP
914337,7004262,5173,2026-05-13 07:59:07,4,119,OUT_FOR_DELIVERY,46.16,SDD
913993,7004168,5126,2026-05-13 18:36:18,6,126,DELIVERED,10.1,ECO
913614,7004054,5161,2026-05-13 16:42:32,10,118,FAILED,7.01,EXP
914430,7004282,5159,2026-05-13 19:40:36,5,102,ARRIVE,3.97,EXP
913340,7003965,5011,2026-05-13 10:23:50,6,118,OUT_FOR_DELIVERY,18.93,EXP
914072,7004190,5021,2026-05-13 13:04:16,2,122,FAILED,16.69,STD
913946,7004157,5014,2026-05-13 08:53:06,6,107,ARRIVE,40.21,SDD
913659,7004069,5097,2026-05-13 11:49:28,9,139,DEPART,15.52,STD
914259,7004241,5070,2026-05-13 10:30:04,5,106,DEPART,29.95,ECO
914203,7004226,5150,2026-05-13 10:30:52,7,134,FAILED,17.82,STD
914300,7004252,5100,2026-05-13 14:47:11,4,120,FAILED,20.68,SDD
914444,7004286,5014,13/05/2026 12:56,4,127,DELIVERED,0.83,SDD
913430,7003992,5163,2026-05-13 19:27:50,9,134,OUT_FOR_DELIVERY,0.7,SDD
913541,7004028,5155,2026-05-13 08:14:32,2,135,DEPART,19.36,SDD
913515,7004020,5033,2026-05-13 10:24:16,2,117,OUT_FOR_DELIVERY,24.5,EXP
914064,7004189,5011,2026-05-13 16:59:02,7,117,ARRIVE,13.3,ECO
914556,7004328,5130,2026-05-13 09:42:25,1,135,OUT_FOR_DELIVERY,27.71,SDD
913389,7003982,5049,2026-05-13 09:24:33,5,110,DELIVERED,21.86,STD
914226,7004233,5188,2026-05-13 19:19:27,8,137,DEPART,43.38,SDD
913573,7004041,5003,2026-05-13 07:05:41,1,127,DELIVERED,30.39,STD
913873,7004136,5106,2026-05-13 17:52:16,6,114,OUT_FOR_DELIVERY,8.36,STD
914375,7004269,5088,2026-05-13 12:59:19,9,116,FAILED,38.07,EXP
913354,7003969,5002,2026-05-13 16:00:48,4,137,DELIVERED,0.78,EXP
914349,7004265,5088,2026-05-13 17:43:58,8,122,ARRIVE,15.98,STD
914042,7004181,5059,2026-05-13 20:36:25,10,128,DELIVERED,24.3,EXP
913454,7003997,5198,2026-05-13 07:38:23,7,140,OUT_FOR_DELIVERY,25.27,STD
914405,7004275,5025,2026-05-13 08:05:18,99,134,ARRIVE,38.45,ECO
914119,7004205,5044,2026-05-13 11:27:37,99,117,PICKUP,9.54,STD
914447,7004286,5018,2026-05-13 13:19:59,10,102,FAILED,25.42,SDD
914326,7004258,5184,13/05/2026 19:39,9,128,DELIVERED,19.36,SDD
914460,7004290,5178,2026-05-13 12:40:17,7,129,DELIVERED,28.59,ECO
913702,7004080,5006,2026-05-13 19:50:46,1,123,OUT_FOR_DELIVERY,39.36,EXP
914555,7004328,5016,2026-05-13 15:21:29,8,102,PICKUP,12.75,STD
913465,7004000,5016,2026-05-13 17:41:58,8,122,DEPART,19.09,SDD
913698,7004080,5165,2026-05-13 13:42:32,9,129,PICKUP,37.15,STD
913556,7004035,5001,2026-05-13 14:34:45,2,128,ARRIVE,3.86,STD
914086,7004193,5077,2026-05-13 15:23:23,7,103,FAILED,15.5,ECO
914576,7004335,5114,2026-05-13 12:06:18,5,113,DEPART,4.6,EXP
914216,7004231,5050,2026-05-13 08:08:46,9,111,FAILED,34.31,ECO
913713,7004085,5100,2026-05-13 14:38:41,6,110,FAILED,34.32,EXP
913519,7004020,5163,2026-05-13 15:28:38,10,122,PICKUP,29.69,SDD
913591,7004048,5116,2026-05-13 15:06:11,3,118,DEPART,26.61,SDD
913597,7004052,5031,2026-05-13 18:01:35,5,134,FAILED,8.17,SDD
913703,7004080,5052,2026-05-13 18:49:07,4,135,ARRIVE,28.07,STD
914193,7004225,5007,2026-05-13 21:28:17,9,135,DEPART,40.37,SDD
914513,7004308,5064,2026-05-13 14:56:53,2,109,FAILED,43.78,ECO
914548,7004326,5091,2026-05-13 21:15:29,10,110,FAILED,39.87,SDD
914542,7004324,5083,2026-05-13 18:49:25,3,103,FAILED,44.79,ECO
914032,7004177,5133,2026-05-13 11:19:37,4,109,PICKUP,36.41,STD
913872,7004135,5145,2026-05-13 19:52:35,4,126,DELIVERED,42.75,EXP
914500,7004303,5088,2026-05-13 17:06:41,7,126,FAILED,43.1,STD
913735,7004092,5035,2026-05-13 14:29:45,10,110,DELIVERED,44.55,EXP
913672,7004074,5120,2026-05-13 07:27:15,2,,FAILED,7.5,ECO
913842,7004121,5179,2026-05-13 13:03:42,8,138,delivered,324.87,ECO
914021,7004175,5133,2026-05-13 20:48:10,8,123,DEPART,19.37,SDD
913774,7004103,5005,2026-05-13 13:42:44,9,125,OUT_FOR_DELIVERY,9.83,SDD
913791,7004106,5106,2026-05-13 09:31:03,5,117,DEPART,25.34,SDD
913716,7004085,5061,2026-05-13 13:04:11,8,108,OUT_FOR_DELIVERY,2.31,SDD
913892,7004144,5167,2026-05-13 14:02:58,7,107,FAILED,19.12,STD
914485,7004298,5131,2026-05-13 13:16:41,6,131,OUT_FOR_DELIVERY,20.54,EXP
913469,7004001,5083,2026-05-13 16:29:07,4,103,OUT_FOR_DELIVERY,3.9,STD
914226,7004233,5188,2026-05-13 19:19:27,8,137,DEPART,43.38,SDD
914484,7004297,5020,2026-05-13 06:48:20,4,120,DELIVERED,43.31,SDD
913879,7004137,5067,2026-05-13 18:46:47,10,134,DEPART,46.6,ECO
913973,7004163,5157,2026-05-13 10:47:39,2,131,DELIVERED,45.31,SDD
913856,7004128,5195,2026-05-13 15:50:38,8,109,PICKUP,17.56,STD
913777,7004103,5109,2026-05-13 18:12:10,9,101,FAILED,41.9,STD
914066,7004189,5180,2026-05-13 19:09:52,4,130,PICKUP,16.13,ECO
913708,7004083,5188,2026-05-13 14:09:35,7,120,OUT_FOR_DELIVERY,33.05,SDD
913526,7004023,5149,2026-05-13 21:12:01,9,121,ARRIVE,6.36,ECO
914050,7004184,5155,2026-05-13 19:51:55,3,101,DELIVERED,29.59,SDD
913842,7004121,5179,2026-05-13 13:03:42,8,138,delivered,324.87,ECO
914532,7004317,5102,2026-05-13 18:45:32,8,118,FAILED,32.1,STD
913396,7003982,5145,2026-05-13 08:24:13,10,104,FAILED,22.48,ECO
914155,7004215,5026,2026-05-13 15:37:44,1,112,PICKUP,41.59,STD
913704,7004081,5188,2026-05-13 21:31:12,6,134,OUT_FOR_DELIVERY,41.11,SDD
913499,7004013,5166,2026-05-13 07:41:08,2,129,ARRIVE,42.02,STD
913322,7003962,5033,2026-05-13 17:27:15,7,120,FAILED,10.24,STD
913891,7004144,5177,2026-05-13 21:40:51,99,113,ARRIVE,36.74,ECO
914454,7004288,5197,2026-05-13 19:50:01,5,133,ARRIVE,13.12,STD
913765,7004101,5030,2026-05-13 20:07:57,3,122,ARRIVE,5.25,EXP
913770,7004103,5082,2026-05-13 18:46:57,8,129,DELIVERED,26.74,ECO
914018,7004175,5182,2026-05-13 13:35:20,6,130,ARRIVE,32.15,STD
913963,7004161,5054,2026-05-13 11:09:33,10,132,FAILED,47.67,SDD
913761,7004099,5136,2026-05-13 09:52:34,8,122,FAILED,27.56,ECO
914437,7004284,5089,2026-05-13 18:37:28,5,106,FAILED,13.76,STD
914552,7004328,5028,2026-05-13 21:44:56,6,111,PICKUP,28.17,STD
913974,7004163,5056,2026-05-13 19:42:11,5,125,FAILED,33.67,SDD
913912,7004149,5165,2026-05-13 07:01:47,1,121,DEPART,34.49,EXP
914063,7004189,5077,2026-05-13 11:12:11,5,124,DELIVERED,24.51,SDD
913715,7004085,5075,2026-05-13 08:10:23,4,120,FAILED,39.34,EXP
913607,7004053,5048,2026-05-13 13:24:32,2,122,FAILED,"37,6",EXP
913636,7004059,5038,2026-05-13 06:58:52,7,103,OUT_FOR_DELIVERY,23.21,STD
913708,7004083,5188,2026-05-13 14:09:35,7,120,OUT_FOR_DELIVERY,33.05,SDD
913358,7003973,5047,2026-05-13 13:17:02,6,134,OUT_FOR_DELIVERY,4.53,SDD
913555,7004035,5161,2026-05-13 14:06:36,10,131,ARRIVE,45.27,ECO
914398,7004273,5134,2026-05-13 11:21:09,1,132,DEPART,38.24,EXP
913799,7004108,5114,2026-05-13 13:38:23,2,139,ARRIVE,40.62,SDD
914148,7004213,5006,2026-05-13 08:26:28,10,120,FAILED,37.04,STD
913497,7004012,5183,2026-05-13 07:04:37,3,112,ARRIVE,26.93,SDD
914230,7004235,5173,2026-05-13 08:06:41,6,126,ARRIVE,8.23,STD
914102,7004199,5099,13/05/2026 12:52,8,132,OUT_FOR_DELIVERY,4.11,SDD
913711,7004084,5023,2026-05-13 15:41:24,1,115,FAILED,,EXP
913796,7004107,5157,2026-05-13 12:19:32,9,110,PICKUP,32.41,SDD
913525,7004022,5052,2026-05-13 20:03:29,4,124,ARRIVE,12.67,STD
914205,7004226,5123,2026-05-13 14:44:47,5,120,OUT_FOR_DELIVERY,23.18,STD
914338,7004262,5023,2026-05-13 19:25:07,10,106,OUT_FOR_DELIVERY,26.12,EXP
913593,7004049,5053,2026-05-13 21:17:56,10,108,DELIVERED,13.34,ECO
913871,7004134,5065,2026-05-13 08:39:53,2,123,ARRIVE,29.12,STD
913324,7003962,5095,2026-05-13 14:30:50,1,131,DEPART,44.76,EXP
914393,7004272,5108,2026-05-13 07:43:51,8,119,DEPART,13.78,STD
913971,7004163,5103,2026-05-13 18:22:12,10,116,DEPART,27.68,SDD
914070,7004190,5069,2026-05-13 06:00:58,3,133,DELIVERED,33.68,SDD
913512,7004017,5159,2026-05-13 18:53:10,8,105,DEPART,30.52,STD
914020,7004175,5033,2026-05-13 20:21:44,5,120,OUT_FOR_DELIVERY,42.71,STD
914036,7004178,5102,2026-05-13 07:44:15,2,127,FAILED,"21,76",EXP
914545,7004325,5198,2026-05-13 13:17:55,9,110,OUT_FOR_DELIVERY,36.9,EXP
913748,7004093,5193,2026-05-13 18:47:19,1,139,OUT_FOR_DELIVERY,46.52,EXP
913944,7004157,5098,2026-05-13 15:40:38,8,138,OUT_FOR_DELIVERY,"37,52",ECO
914187,7004224,5159,2026-05-13 20:56:37,4,117,PICKUP,21.39,ECO
913775,7004103,5021,2026-05-13 15:03:13,3,126,delivered,16.58,STD
913473,7004003,5168,2026-05-13 06:10:34,4,110,ARRIVE,"27,88",ECO
914342,7004262,5002,2026-05-13 14:39:28,5,125,OUT_FOR_DELIVERY,3.01,ECO
913653,7004065,5142,2026-05-13 20:28:05,2,125,FAILED,4.88,STD
913655,7004067,5100,2026-05-13 06:10:25,3,128,OUT_FOR_DELIVERY,15.82,SDD
913966,7004162,5037,2026-05-13 18:54:26,2,104,OUT_FOR_DELIVERY,5.19,STD
914042,7004181,5059,2026-05-13 20:36:25,10,128,DELIVERED,24.3,EXP
914516,7004311,5183,2026-05-13 17:39:49,3,127,DEPART,16.3,STD
913509,7004016,5120,2026-05-13 14:40:02,4,124,DEPART,30.7,STD
913636,7004059,5038,2026-05-13 06:58:52,7,103,OUT_FOR_DELIVERY,23.21,STD
913634,7004057,5035,2026-05-13 08:12:24,2,122,ARRIVE,37.37,EXP
914447,7004286,5018,2026-05-13 13:19:59,10,102,FAILED,25.42,SDD
914335,7004261,5063,2026-05-13 12:13:37,2,133,FAILED,"22,77",EXP
913583,7004044,5032,2026-05-13 19:43:49,9,126,OUT_FOR_DELIVERY,9.98,STD
914157,7004216,5181,2026-05-13 19:34:29,3,103,FAILED,14.07,STD
914045,7004183,5167,2026-05-13 16:05:03,8,114,OUT_FOR_DELIVERY,46.86,ECO
914240,7004238,5188,2026-05-13 07:17:15,10,138,OUT_FOR_DELIVERY,43.61,EXP
913400,7003983,5162,2026-05-13 06:54:23,8,135,PICKUP,,STD
913360,7003973,5144,2026-05-13 07:52:38,8,116,DELIVERED,30.44,SDD
913552,7004032,5148,2026-05-13 18:24:41,4,132,ARRIVE,2.49,STD
913781,7004103,5086,2026-05-13 15:52:36,9,132,PICKUP,32.25,EXP
914400,7004273,5103,2026-05-13 07:47:09,5,111,DELIVERED,33.38,SDD
913440,7003995,5148,2026-05-13 16:50:27,5,108,FAILED,47.8,SDD
913600,7004052,5059,2026-05-13 12:05:08,3,127,FAILED,38.99,EXP
913337,7003965,5141,2026-05-13 14:36:13,2,114,PICKUP,15.75,EXP
914112,7004203,5125,2026-05-13 14:49:10,7,130,FAILED,28.14,EXP
914101,7004199,5030,2026-05-13 06:19:40,4,140,ARRIVE,36.53,ECO
913843,7004121,5119,2026-05-13 17:29:07,7,139,DEPART,41.7,SDD
913460,7003998,5166,2026-05-13 15:00:29,10,101,DELIVERED,15.52,EXP
914288,7004250,5193,2026-05-13 07:41:56,5,122,DEPART,11.54,STD
913564,7004038,5058,2026-05-13 11:39:22,7,122,OUT_FOR_DELIVERY,32.42,ECO
914198,7004226,5141,2026-05-13 10:02:38,1,127,PICKUP,33.53,ECO
913352,7003968,5071,2026-05-13 16:22:44,1,126,PICKUP,35.95,ECO
914176,7004222,5156,2026-05-13 19:28:17,6,133,OUT_FOR_DELIVERY,8.57,SDD
913365,7003974,5057,2026-05-13 09:21:20,5,134,OUT_FOR_DELIVERY,0.82,SDD
914278,7004245,5143,2026-05-13 20:22:28,10,113,PICKUP,24.16,EXP
913567,7004038,5032,2026-05-13 09:50:15,3,139,OUT_FOR_DELIVERY,9.27,SDD
913445,7003997,5032,2026-05-13 07:32:08,3,121,DEPART,38.82,EXP
913778,7004103,5054,2026-05-13 17:28:40,8,119,PICKUP,10.97,STD
913428,7003992,5176,2026-05-13 10:40:05,3,116,DEPART,22.8,SDD
914325,7004258,5042,2026-05-13 14:21:23,4,138,OUT_FOR_DELIVERY,41.91,ECO
914369,7004268,5182,2026-05-13 19:20:22,4,134,FAILED,26.89,STD
914015,7004174,5183,2026-05-13 13:24:49,4,131,FAILED,17.31,STD
913705,7004081,5197,2026-05-13 15:30:54,8,131,OUT_FOR_DELIVERY,44.62,STD
914282,7004247,5083,2026-05-13 15:42:07,7,135,ARRIVE,9.41,SDD
913983,7004167,5182,2026-05-13 18:03:49,1,125,FAILED,10.84,SDD
913436,7003993,5200,2026-05-13 09:57:29,4,129,DEPART,40.62,ECO
914579,7004337,5161,2026-05-13 08:43:28,9,134,ARRIVE,23.44,EXP
913391,7003982,5030,2026-05-13 16:27:14,99,129,PICKUP,22.88,ECO
914041,7004180,5027,2026-05-13 19:37:57,2,139,OUT_FOR_DELIVERY,29.34,EXP
914138,7004209,5054,2026-05-13 21:53:21,9,133,PICKUP,5.47,ECO
913453,7003997,5038,2026-05-13 14:08:05,10,113,OUT_FOR_DELIVERY,47.98,SDD
914475,7004295,5186,2026-05-13 16:10:52,9,104,DELIVERED,17.75,EXP
914105,7004200,5136,2026-05-13 17:13:50,8,109,DELIVERED,13.78,SDD
913404,7003985,5017,2026-05-13 21:22:25,10,123,DEPART,24.22,SDD
914423,7004281,5019,2026-05-13 18:28:42,1,111,OUT_FOR_DELIVERY,8.76,SDD
913963,7004161,5054,2026-05-13 11:09:33,10,132,FAILED,47.67,SDD
913581,7004044,5040,2026-05-13 06:49:14,6,123,DELIVERED,"31,34",EXP
913379,7003980,5153,2026-05-13 10:34:11,5,,ARRIVE,18.49,ECO
914534,7004319,5060,2026-05-13 15:20:53,7,139,FAILED,10.21,EXP
914566,7004332,5001,2026-05-13 19:23:17,8,110,PICKUP,39.98,EXP
913357,7003972,5097,2026-05-13 20:27:23,10,131,ARRIVE,25.84,SDD
914033,7004177,5124,2026-05-13 17:14:59,8,129,FAILED,4.27,EXP
913632,7004057,5050,2026-05-13 21:59:58,7,101,DELIVERED,27.12,EXP
914206,7004226,5173,2026-05-13 16:11:31,6,120,FAILED,43.49,EXP
914082,7004193,5090,2026-05-13 10:59:16,4,111,DEPART,47.34,SDD
914014,7004174,5134,2026-05-13 21:07:44,10,104,FAILED,24.06,SDD
913784,7004105,5090,2026-05-13 09:00:32,7,132,PICKUP,"4,92",STD
914335,7004261,5063,2026-05-13 12:13:37,2,133,FAILED,"22,77",EXP
914109,7004201,5058,2026-05-13 12:26:03,5,114,DEPART,18.96,EXP
914480,7004295,5200,2026-05-13 06:38:21,1,115,ARRIVE,20.86,SDD
913464,7003999,5034,2026-05-13 06:55:28,3,140,PICKUP,11.07,ECO
913868,7004132,5005,2026-05-13 12:52:42,3,110,DELIVERED,20.3,EXP
913670,7004074,5140,2026-05-13 12:12:26,10,134,DEPART,37.03,STD
913510,7004017,5132,2026-05-13 18:16:57,1,115,ARRIVE,43.8,SDD
913825,7004117,5003,2026-05-13 07:30:13,4,138,DEPART,38.08,ECO
914177,7004222,5068,2026-05-13 09:34:10,1,103,FAILED,40.32,ECO
914083,7004193,5025,2026-05-13 14:13:52,1,108,FAILED,5.74,SDD
913618,7004055,5133,2026-05-13 08:14:32,4,112,DELIVERED,34.57,STD
913357,7003972,5097,2026-05-13 20:27:23,10,131,ARRIVE,25.84,SDD
913809,7004110,5175,2026-05-13 20:59:36,5,106,PICKUP,46.18,SDD
913418,7003990,5072,2026-05-13 18:06:58,2,112,PICKUP,33.35,STD
913638,7004059,5200,2026-05-13 19:22:50,2,102,PICKUP,28.41,ECO
913387,7003982,5029,13/05/2026 15:17,5,133,FAILED,37.91,SDD
913938,7004156,5116,2026-05-13 06:32:48,7,140,FAILED,23.57,STD
913629,7004057,5096,2026-05-13 11:46:56,9,116,DELIVERED,41.23,SDD
913585,7004046,5113,2026-05-13 06:20:50,2,116,ARRIVE,4.27,SDD
913478,7004005,5032,2026-05-13 16:03:13,4,109,DELIVERED,2.65,EXP
914181,7004222,5187,2026-05-13 19:51:09,10,106,DEPART,32.36,STD
914272,7004244,5007,2026-05-13 12:16:34,8,107,PICKUP,21.62,STD
914040,7004179,5054,2026-05-13 12:36:35,3,122,ARRIVE,24.64,EXP
914144,7004212,5016,2026-05-13 20:59:16,4,113,PICKUP,10.06,SDD
913576,7004043,5153,2026-05-13 12:51:35,8,107,PICKUP,10.7,STD
914149,7004213,5147,2026-05-13 16:15:59,5,134,DEPART,40.28,SDD
914394,7004273,5104,2026-05-13 20:37:03,1,129,OUT_FOR_DELIVERY,9.11,ECO
913777,7004103,5109,2026-05-13 18:12:10,9,101,FAILED,41.9,STD
914317,7004257,5187,2026-05-13 19:50:30,9,124,FAILED,19.82,SDD
914034,7004177,5073,2026-05-13 08:13:17,3,112,PICKUP,19.86,STD
913454,7003997,5198,2026-05-13 07:38:23,7,140,OUT_FOR_DELIVERY,25.27,STD
914211,7004229,5016,2026-05-13 13:07:48,9,109,PICKUP,15.23,ECO
914326,7004258,5184,13/05/2026 19:39,9,128,DELIVERED,19.36,SDD
914378,7004269,5051,2026-05-13 14:48:02,6,105,OUT_FOR_DELIVERY,"16,44",EXP
913551,7004031,5079,2026-05-13 07:29:15,8,120,DEPART,18.28,STD
913675,7004076,5054,2026-05-13 14:08:34,9,115,FAILED,42.1,EXP
913621,7004056,5166,2026-05-13 07:56:17,7,120,DEPART,8.93,ECO
913683,7004077,5152,2026-05-13 17:18:49,3,111,DEPART,20.28,SDD
913793,7004106,5028,2026-05-13 19:34:23,9,128,DEPART,47.39,SDD
914435,7004283,5158,2026-05-13 10:10:58,8,136,DEPART,2.17,STD
913670,7004074,5140,2026-05-13 12:12:26,10,134,DEPART,37.03,STD
914084,7004193,5182,2026-05-13 06:31:56,2,128,OUT_FOR_DELIVERY,23.19,EXP
913913,7004149,5120,2026-05-13 09:11:53,10,131,DEPART,32.26,SDD
913933,7004155,5198,2026-05-13 09:32:05,2,125,DELIVERED,23.12,EXP
914367,7004268,5039,2026-05-13 12:01:43,9,119,DEPART,21.63,STD
914021,7004175,5133,2026-05-13 20:48:10,8,123,DEPART,19.37,SDD
914556,7004328,5130,2026-05-13 09:42:25,1,135,OUT_FOR_DELIVERY,27.71,SDD
914557,7004328,5069,2026-05-13 21:09:39,8,116,FAILED,36.65,EXP
914013,7004174,5014,2026-05-13 12:27:28,10,102,OUT_FOR_DELIVERY,30.47,SDD
913459,7003998,5106,2026-05-13 07:18:54,3,134,DEPART,39.69,ECO
913414,7003989,5060,2026-05-13 12:15:58,5,122,ARRIVE,47.92,SDD
914491,7004299,5051,2026-05-13 16:59:00,1,139,OUT_FOR_DELIVERY,22.65,STD
914182,7004222,5170,2026-05-13 07:57:10,1,129,PICKUP,41.73,SDD
914312,7004256,5086,2026-05-13 13:25:51,5,105,ARRIVE,27.27,EXP
913828,7004119,5107,2026-05-13 21:01:48,7,130,ARRIVE,9.2,EXP
913487,7004008,5065,2026-05-13 11:07:09,10,133,PICKUP,40.02,SDD
914554,7004328,5144,13/05/2026 21:53,3,134,ARRIVE,8.45,EXP
913480,7004005,5082,2026-05-13 16:48:50,10,107,OUT_FOR_DELIVERY,35.21,ECO
914380,7004269,5122,2026-05-13 21:07:24,4,133,DEPART,40.84,STD
913950,7004157,5131,2026-05-13 11:47:06,1,115,ARRIVE,,ECO
913323,7003962,5199,2026-05-13 08:08:15,6,125,OUT_FOR_DELIVERY,29.69,ECO
914255,7004241,5018,2026-05-13 14:13:21,3,122,ARRIVE,44.63,SDD
914105,7004200,5136,2026-05-13 17:13:50,8,109,DELIVERED,13.78,SDD
913700,7004080,5031,2026-05-13 18:48:24,6,114,DELIVERED,19.7,ECO
914581,7004337,5037,2026-05-13 11:50:04,6,101,OUT_FOR_DELIVERY,29.25,STD
914237,7004237,5006,2026-05-13 18:08:32,3,137,ARRIVE,12.91,STD
913441,7003996,5129,2026-05-13 07:32:40,9,109,PICKUP,20.12,SDD
914227,7004234,5063,2026-05-13 12:09:51,2,116,DEPART,44.14,SDD
914145,7004212,5038,2026-05-13 18:17:22,10,135,OUT_FOR_DELIVERY,42.81,EXP
913442,7003996,5172,2026-05-13 10:08:34,9,110,DEPART,16.89,SDD
914016,7004174,5132,2026-05-13 21:50:15,8,117,OUT_FOR_DELIVERY,21.03,SDD
913475,7004004,5060,2026-05-13 12:13:28,6,107,DELIVERED,35.32,SDD
914192,7004225,5178,2026-05-13 12:15:02,10,115,DELIVERED,23.99,EXP
913419,7003990,5019,2026-05-13 13:14:34,1,139,FAILED,15.08,SDD
913652,7004065,5101,2026-05-13 11:56:47,7,140,ARRIVE,12.71,ECO
914538,7004321,5037,2026-05-13 18:11:43,9,111,FAILED,3.92,ECO
914570,7004333,5101,2026-05-13 15:32:17,7,121,ARRIVE,34.23,EXP
914139,7004210,5037,2026-05-13 21:17:35,6,135,DEPART,41.96,ECO
913797,7004107,5041,2026-05-13 06:53:04,10,110,DELIVERED,37.57,STD
914085,7004193,5022,2026-05-13 08:43:28,4,126,DEPART,28.41,EXP
913957,7004160,5095,2026-05-13 06:48:36,4,111,ARRIVE,36.26,EXP
914295,7004251,5039,2026-05-13 14:36:44,4,121,PICKUP,12.16,SDD
913955,7004159,5094,2026-05-13 18:09:24,1,112,ARRIVE,"36,4",ECO
913851,7004124,5032,2026-05-13 20:51:22,10,116,PICKUP,19.34,STD
914166,7004218,5030,2026-05-13 20:03:37,1,112,pickup,28.02,ECO
914205,7004226,5123,2026-05-13 14:44:47,5,120,OUT_FOR_DELIVERY,23.18,STD
914332,7004260,5073,2026-05-13 14:41:38,4,109,PICKUP,43.31,EXP
913853,7004125,5168,2026-05-13 10:09:11,10,103,FAILED,47.27,STD
913839,7004121,5166,2026-05-13 17:38:52,9,136,ARRIVE,1.79,ECO
913978,7004164,5026,2026-05-13 13:37:04,10,122,PICKUP,3.93,SDD
913392,7003982,5011,2026-05-13 15:39:02,8,132,OUT_FOR_DELIVERY,28.26,ECO
914416,7004278,5169,2026-05-13 21:23:21,8,108,PICKUP,30.06,SDD
914539,7004322,5154,2026-05-13 16:04:59,6,112,FAILED,29.3,SDD
914063,7004189,5077,2026-05-13 11:12:11,5,124,DELIVERED,24.51,SDD
914079,7004193,5104,2026-05-13 17:50:16,7,120,DEPART,14.97,STD
914367,7004268,5039,2026-05-13 12:01:43,9,119,DEPART,21.63,STD
914056,7004185,5188,2026-05-13 09:22:39,10,105,PICKUP,35.61,SDD
913591,7004048,5116,2026-05-13 15:06:11,3,118,DEPART,26.61,SDD
913398,7003983,5195,2026-05-13 14:30:37,6,111,DEPART,10.63,EXP
914242,7004238,5113,13/05/2026 12:59,2,103,FAILED,39.98,SDD
914019,7004175,5088,2026-05-13 10:32:25,9,123,DELIVERED,27.81,ECO
914123,7004206,5140,2026-05-13 20:13:41,10,136,ARRIVE,29.01,EXP
914250,7004239,5193,2026-05-13 09:36:32,9,126,DEPART,45.33,STD
913995,7004168,5142,2026-05-13 21:03:22,10,139,ARRIVE,12.59,EXP
914318,7004257,5191,2026-05-13 16:46:33,8,102,arrive,11.32,EXP
913648,7004063,5128,2026-05-13 07:54:31,7,140,PICKUP,24.8,SDD
913719,7004087,5169,2026-05-13 21:25:16,4,119,ARRIVE,24.18,SDD
914303,7004252,5126,2026-05-13 20:20:22,1,104,ARRIVE,42.41,ECO
913677,7004077,5057,2026-05-13 11:49:30,3,121,OUT_FOR_DELIVERY,40.56,STD
913342,7003966,5023,2026-05-13 07:39:05,6,123,FAILED,21.15,STD
914422,7004281,5134,2026-05-13 12:36:05,2,120,DELIVERED,42.14,STD
914087,7004193,5070,2026-05-13 16:30:03,9,129,PICKUP,12.85,SDD
913539,7004027,5015,2026-05-13 17:21:54,8,121,ARRIVE,2.48,ECO
913862,7004130,5084,2026-05-13 15:03:33,8,115,DELIVERED,38.69,EXP
913424,7003991,5019,2026-05-13 17:34:56,4,135,OUT_FOR_DELIVERY,41.6,EXP
914509,7004306,5172,2026-05-13 07:34:55,1,139,DELIVERED,"20,85",SDD
914560,7004328,5192,2026-05-13 14:07:32,9,139,DELIVERED,11.35,ECO
914381,7004269,5118,2026-05-13 21:51:06,2,108,DELIVERED,47.37,STD
913848,7004123,5100,2026-05-13 11:04:31,1,117,OUT_FOR_DELIVERY,13.73,STD
914341,7004262,5027,2026-05-13 07:34:21,5,134,DEPART,3.58,ECO
914524,7004313,5027,2026-05-13 20:57:52,10,106,PICKUP,26.74,ECO
913476,7004005,5027,2026-05-13 10:03:23,3,102,PICKUP,32.27,EXP
914252,7004240,5159,2026-05-13 07:51:39,4,130,OUT_FOR_DELIVERY,10.4,ECO
914571,7004333,5174,2026-05-13 18:54:55,7,139,ARRIVE,22.0,ECO
914146,7004213,5061,2026-05-13 07:21:31,3,126,DEPART,25.39,EXP
914470,7004292,5088,2026-05-13 17:26:37,9,103,DELIVERED,21.01,ECO
914498,7004302,5155,2026-05-13 20:12:03,8,120,FAILED,22.32,ECO
913889,7004142,5141,2026-05-13 12:16:43,1,101,FAILED,4.1,SDD
914346,7004264,5092,2026-05-13 18:02:32,7,128,DELIVERED,46.05,SDD
913896,7004146,5051,2026-05-13 20:06:23,10,,DEPART,28.29,SDD
913782,7004104,5152,2026-05-13 09:19:11,2,107,DELIVERED,37.42,EXP
913867,7004132,5055,2026-05-13 06:53:30,99,131,PICKUP,39.74,EXP
914259,7004241,5070,2026-05-13 10:30:04,5,106,DEPART,29.95,ECO
914113,7004203,5095,2026-05-13 12:19:41,10,132,DEPART,47.21,EXP
914425,7004281,5115,2026-05-13 13:33:39,9,117,DEPART,29.66,SDD
914443,7004286,5091,2026-05-13 21:34:38,2,112,DEPART,24.79,STD
913816,7004111,5110,2026-05-13 10:13:39,1,110,OUT_FOR_DELIVERY,17.25,SDD
913377,7003979,5078,2026-05-13 20:28:19,2,123,DELIVERED,46.52,SDD
913722,7004087,5055,2026-05-13 19:51:30,4,104,DEPART,47.22,ECO
913337,7003965,5141,2026-05-13 14:36:13,2,114,PICKUP,15.75,EXP
914265,7004243,5173,2026-05-13 12:46:40,3,105,ARRIVE,15.03,STD
913969,7004162,5007,2026-05-13 12:03:12,1,110,OUT_FOR_DELIVERY,20.84,ECO
913643,7004060,5162,2026-05-13 08:05:06,1,129,DEPART,23.73,EXP
914175,7004222,5023,2026-05-13 06:56:06,9,139,DEPART,8.7,ECO
913354,7003969,5002,2026-05-13 16:00:48,4,137,DELIVERED,0.78,EXP
914149,7004213,5147,2026-05-13 16:15:59,5,134,DEPART,40.28,SDD
913871,7004134,5065,2026-05-13 08:39:53,2,123,ARRIVE,29.12,STD
913493,7004011,5170,2026-05-13 09:21:19,6,114,OUT_FOR_DELIVERY,28.64,SDD
914231,7004235,5200,2026-05-13 10:53:16,4,110,ARRIVE,19.77,EXP
913719,7004087,5169,2026-05-13 21:25:16,4,119,ARRIVE,24.18,SDD
914229,7004235,5193,2026-05-13 19:53:58,2,104,OUT_FOR_DELIVERY,17.41,SDD
913447,7003997,5150,2026-05-13 18:13:11,7,127,ARRIVE,36.2,EXP
914493,7004300,5127,2026-05-13 17:26:41,3,125,DEPART,33.78,ECO
914478,7004295,5116,2026-05-13 21:39:43,4,121,ARRIVE,39.49,SDD
914186,7004224,5190,2026-05-13 16:25:08,2,137,OUT_FOR_DELIVERY,3.76,SDD
913659,7004069,5097,2026-05-13 11:49:28,9,139,DEPART,15.52,STD
913385,7003980,5014,2026-05-13 06:48:17,10,103,OUT_FOR_DELIVERY,30.85,EXP
913784,7004105,5090,2026-05-13 09:00:32,7,132,PICKUP,"4,92",STD
914562,7004330,5010,2026-05-13 06:00:52,2,110,OUT_FOR_DELIVERY,17.23,EXP
913406,7003987,5127,2026-05-13 14:30:04,6,128,FAILED,5.56,ECO
913450,7003997,5066,2026-05-13 17:41:56,5,116,PICKUP,20.22,STD
913507,7004015,5198,2026-05-13 18:09:16,5,103,DEPART,13.95,EXP
913589,7004047,5005,2026-05-13 12:45:45,7,125,ARRIVE,42.15,SDD
913747,7004093,5098,2026-05-13 13:44:24,9,126,DEPART,11.76,ECO
914415,7004277,5183,2026-05-13 09:24:33,9,123,FAILED,24.65,ECO
914438,7004285,5187,2026-05-13 09:02:06,9,128,ARRIVE,40.03,ECO
914540,7004322,5098,2026-05-13 06:47:40,10,109,delivered,43.53,STD
913484,7004008,5081,2026-05-13 17:14:48,8,107,DEPART,39.75,EXP
914547,7004326,5175,2026-05-13 10:12:50,6,104,DEPART,7.66,EXP
914044,7004182,5186,2026-05-13 19:14:41,9,108,ARRIVE,26.69,EXP
914196,7004225,5200,2026-05-13 06:06:32,3,109,DEPART,27.44,EXP
914324,7004258,5196,2026-05-13 07:19:00,8,122,ARRIVE,39.72,EXP
913982,7004166,5093,2026-05-13 20:18:45,3,118,FAILED,37.65,STD
913535,7004025,5096,2026-05-13 16:46:17,7,102,ARRIVE,22.62,EXP
913590,7004048,5185,2026-05-13 14:51:14,4,110,OUT_FOR_DELIVERY,28.06,STD
914414,7004277,5091,2026-05-13 06:27:49,5,125,ARRIVE,20.73,STD
913558,7004035,5089,2026-05-13 12:12:55,1,107,DEPART,47.11,STD
913467,7004001,5171,2026-05-13 15:40:06,8,116,FAILED,23.07,STD
914245,7004239,5116,2026-05-13 10:22:24,7,133,ARRIVE,33.88,STD
913589,7004047,5005,2026-05-13 12:45:45,7,125,ARRIVE,42.15,SDD
